"../../../Engine/Plugins/2D/Paper2D/Content/PlaceholderTextures/DummySpriteTexture.ubulk" 0
"../../../Engine/Plugins/2D/Paper2D/Content/PlaceholderTextures/DummySpriteTexture.uasset" 1
"../../../Engine/Plugins/2D/Paper2D/Content/PlaceholderTextures/DummySpriteTexture.uexp" 2
"../../../Engine/Plugins/2D/Paper2D/Content/DummySprite.uasset" 3
"../../../Engine/Plugins/2D/Paper2D/Content/DummySprite.uexp" 4
"../../../Engine/Plugins/2D/Paper2D/Content/DefaultPaperTerrainMaterial.uasset" 5
"../../../Engine/Plugins/2D/Paper2D/Content/DefaultPaperTerrainMaterial.uexp" 6
"../../../Engine/Plugins/Animation/ACLPlugin/Content/ACLAnimCurveCompressionSettings.uasset" 7
"../../../Engine/Plugins/Animation/ACLPlugin/Content/ACLAnimCurveCompressionSettings.uexp" 8
"../../../Engine/Plugins/Animation/ACLPlugin/Content/ACLAnimBoneCompressionSettings.uasset" 9
"../../../Engine/Plugins/Animation/ACLPlugin/Content/ACLAnimBoneCompressionSettings.uexp" 10
"../../../Engine/Content/Animation/DefaultVariableFrameStrippingSettings.uasset" 11
"../../../Engine/Content/Animation/DefaultVariableFrameStrippingSettings.uexp" 12
"../../../Engine/Plugins/Animation/ControlRig/Content/Controls/DefaultGizmoLibraryNormalized.uasset" 13
"../../../Engine/Plugins/Animation/ControlRig/Content/Controls/DefaultGizmoLibraryNormalized.uexp" 14
"../../../Engine/Content/EngineSounds/Master.uasset" 15
"../../../Engine/Content/EngineSounds/Master.uexp" 16
"../../../Engine/Content/EngineMaterials/DefaultDestructiblePhysicalMaterial.uasset" 17
"../../../Engine/Content/EngineMaterials/DefaultDestructiblePhysicalMaterial.uexp" 18
"../../../Engine/Content/EngineFonts/Faces/DroidSansFallback.uexp" 19
"../../../Engine/Content/EngineFonts/Faces/DroidSansFallback.uasset" 20
"../../../Engine/Content/EngineFonts/Faces/DroidSansFallback.ufont" 21
"../../../Engine/Content/EngineFonts/Faces/RobotoRegular.uexp" 22
"../../../Engine/Content/EngineFonts/Faces/RobotoRegular.uasset" 23
"../../../Engine/Content/EngineFonts/Faces/RobotoRegular.ufont" 24
"../../../Engine/Content/EngineFonts/Faces/RobotoLight.uexp" 25
"../../../Engine/Content/EngineFonts/Faces/RobotoLight.uasset" 26
"../../../Engine/Content/EngineFonts/Faces/RobotoLight.ufont" 27
"../../../Engine/Content/EngineFonts/Faces/RobotoItalic.uexp" 28
"../../../Engine/Content/EngineFonts/Faces/RobotoItalic.uasset" 29
"../../../Engine/Content/EngineFonts/Faces/RobotoItalic.ufont" 30
"../../../Engine/Content/EngineFonts/Faces/RobotoBoldItalic.uexp" 31
"../../../Engine/Content/EngineFonts/Faces/RobotoBoldItalic.uasset" 32
"../../../Engine/Content/EngineFonts/Faces/RobotoBoldItalic.ufont" 33
"../../../Engine/Content/EngineFonts/Faces/RobotoBold.uexp" 34
"../../../Engine/Content/EngineFonts/Faces/RobotoBold.uasset" 35
"../../../Engine/Content/EngineFonts/Faces/RobotoBold.ufont" 36
"../../../Engine/Content/EngineFonts/Roboto.uasset" 37
"../../../Engine/Content/EngineFonts/Roboto.uexp" 38
"../../../Engine/Plugins/Interchange/Runtime/Content/Pipelines/DefaultTexturePipeline.uasset" 39
"../../../Engine/Plugins/Interchange/Runtime/Content/Pipelines/DefaultTexturePipeline.uexp" 40
"../../../Engine/Plugins/Interchange/Runtime/Content/Pipelines/DefaultSceneLevelPipeline.uasset" 41
"../../../Engine/Plugins/Interchange/Runtime/Content/Pipelines/DefaultSceneLevelPipeline.uexp" 42
"../../../Engine/Plugins/Interchange/Runtime/Content/Pipelines/DefaultSceneAssetsPipeline.uasset" 43
"../../../Engine/Plugins/Interchange/Runtime/Content/Pipelines/DefaultSceneAssetsPipeline.uexp" 44
"../../../Engine/Plugins/Interchange/Runtime/Content/Pipelines/DefaultMaterialXPipeline.uasset" 45
"../../../Engine/Plugins/Interchange/Runtime/Content/Pipelines/DefaultMaterialXPipeline.uexp" 46
"../../../Engine/Plugins/Interchange/Runtime/Content/Pipelines/DefaultMaterialPipeline.uasset" 47
"../../../Engine/Plugins/Interchange/Runtime/Content/Pipelines/DefaultMaterialPipeline.uexp" 48
"../../../Engine/Plugins/Interchange/Runtime/Content/Pipelines/DefaultGLTFSceneAssetsPipeline.uasset" 49
"../../../Engine/Plugins/Interchange/Runtime/Content/Pipelines/DefaultGLTFSceneAssetsPipeline.uexp" 50
"../../../Engine/Plugins/Interchange/Runtime/Content/Pipelines/DefaultGLTFPipeline.uasset" 51
"../../../Engine/Plugins/Interchange/Runtime/Content/Pipelines/DefaultGLTFPipeline.uexp" 52
"../../../Engine/Plugins/Interchange/Runtime/Content/Pipelines/DefaultGLTFAssetsPipeline.uasset" 53
"../../../Engine/Plugins/Interchange/Runtime/Content/Pipelines/DefaultGLTFAssetsPipeline.uexp" 54
"../../../Engine/Plugins/Interchange/Runtime/Content/Pipelines/DefaultAssetsPipeline.uasset" 55
"../../../Engine/Plugins/Interchange/Runtime/Content/Pipelines/DefaultAssetsPipeline.uexp" 56
"../../../Engine/Plugins/Experimental/Water/Content/Waves/GerstnerWaves_Lake.uasset" 57
"../../../Engine/Plugins/Experimental/Water/Content/Waves/GerstnerWaves_Lake.uexp" 58
"../../../Engine/Content/MobileResources/HUD/VirtualJoystick_Thumb.uasset" 59
"../../../Engine/Content/MobileResources/HUD/VirtualJoystick_Thumb.uexp" 60
"../../../Engine/Content/MobileResources/HUD/VirtualJoystick_Background.uasset" 61
"../../../Engine/Content/MobileResources/HUD/VirtualJoystick_Background.uexp" 62
"../../../Engine/Content/MobileResources/HUD/DefaultVirtualJoysticks.uasset" 63
"../../../Engine/Content/MobileResources/HUD/DefaultVirtualJoysticks.uexp" 64
"../../../Engine/Content/EngineResources/GradientTexture0.uasset" 65
"../../../Engine/Content/EngineResources/GradientTexture0.uexp" 66
"../../../Engine/Plugins/NNE/NNEDenoiser/Content/NNEDTOM_Output_Default.uasset" 67
"../../../Engine/Plugins/NNE/NNEDenoiser/Content/NNEDTOM_Output_Default.uexp" 68
"../../../Engine/Plugins/NNE/NNEDenoiser/Content/NNEDTOM_Output_Alpha.uasset" 69
"../../../Engine/Plugins/NNE/NNEDenoiser/Content/NNEDTOM_Output_Alpha.uexp" 70
"../../../Engine/Plugins/NNE/NNEDenoiser/Content/NNEDTIM_ColorAlbedoNormal_Default.uasset" 71
"../../../Engine/Plugins/NNE/NNEDenoiser/Content/NNEDTIM_ColorAlbedoNormal_Default.uexp" 72
"../../../Engine/Plugins/NNE/NNEDenoiser/Content/NNEDTIM_ColorAlbedoNormal_Alpha.uasset" 73
"../../../Engine/Plugins/NNE/NNEDenoiser/Content/NNEDTIM_ColorAlbedoNormal_Alpha.uexp" 74
"../../../Engine/Plugins/NNE/NNEDenoiser/Content/NNEDOM_Output_Default.uasset" 75
"../../../Engine/Plugins/NNE/NNEDenoiser/Content/NNEDOM_Output_Default.uexp" 76
"../../../Engine/Plugins/NNE/NNEDenoiser/Content/NNEDOM_Output_Alpha.uasset" 77
"../../../Engine/Plugins/NNE/NNEDenoiser/Content/NNEDOM_Output_Alpha.uexp" 78
"../../../Engine/Plugins/NNE/NNEDenoiser/Content/NNEDIM_HighQuality_Default.uasset" 79
"../../../Engine/Plugins/NNE/NNEDenoiser/Content/NNEDIM_HighQuality_Default.uexp" 80
"../../../Engine/Plugins/NNE/NNEDenoiser/Content/NNEDIM_HighQuality_Alpha.uasset" 81
"../../../Engine/Plugins/NNE/NNEDenoiser/Content/NNEDIM_HighQuality_Alpha.uexp" 82
"../../../Engine/Plugins/NNE/NNEDenoiser/Content/NNEDIM_ColorAlbedoNormal_Default.uasset" 83
"../../../Engine/Plugins/NNE/NNEDenoiser/Content/NNEDIM_ColorAlbedoNormal_Default.uexp" 84
"../../../Engine/Plugins/NNE/NNEDenoiser/Content/NNEDIM_ColorAlbedoNormal_Alpha.uasset" 85
"../../../Engine/Plugins/NNE/NNEDenoiser/Content/NNEDIM_ColorAlbedoNormal_Alpha.uexp" 86
"../../../Engine/Content/EditorResources/S_TriggerSphere.uasset" 87
"../../../Engine/Content/EditorResources/S_TriggerSphere.uexp" 88
"../../../Engine/Content/EditorResources/S_TriggerCapsule.uasset" 89
"../../../Engine/Content/EditorResources/S_TriggerCapsule.uexp" 90
"../../../Engine/Content/EditorResources/S_TriggerBox.uasset" 91
"../../../Engine/Content/EditorResources/S_TriggerBox.uexp" 92
"../../../Engine/Content/EditorResources/S_Trigger.ubulk" 93
"../../../Engine/Content/EditorResources/S_Trigger.uasset" 94
"../../../Engine/Content/EditorResources/S_Trigger.uexp" 95
"../../../Engine/Content/EditorResources/S_Solver.ubulk" 96
"../../../Engine/Content/EditorResources/S_Solver.uasset" 97
"../../../Engine/Content/EditorResources/S_Solver.uexp" 98
"../../../Engine/Content/EditorResources/S_BoxReflectionCapture.uasset" 99
"../../../Engine/Content/EditorResources/S_BoxReflectionCapture.uexp" 100
"../../../Engine/Content/EditorResources/S_Actor.ubulk" 101
"../../../Engine/Content/EditorResources/S_Actor.uasset" 102
"../../../Engine/Content/EditorResources/S_Actor.uexp" 103
"../../../Engine/Content/EditorResources/BSPVertex.uasset" 104
"../../../Engine/Content/EditorResources/BSPVertex.uexp" 105
"../../../Engine/Content/EngineMaterials/PreintegratedSkinBRDF.uasset" 106
"../../../Engine/Content/EngineMaterials/PreintegratedSkinBRDF.uexp" 107
"../../../Engine/Content/EngineMaterials/MiniFont.uasset" 108
"../../../Engine/Content/EngineMaterials/MiniFont.uexp" 109
"../../../Engine/Content/EngineMaterials/FastBlueNoise_vec2_128x128x64.uasset" 110
"../../../Engine/Content/EngineMaterials/FastBlueNoise_vec2_128x128x64.uexp" 111
"../../../Engine/Content/EngineMaterials/FastBlueNoise_scalar_128x128x8.uasset" 112
"../../../Engine/Content/EngineMaterials/FastBlueNoise_scalar_128x128x8.uexp" 113
"../../../Engine/Content/EngineMaterials/FastBlueNoise_scalar_128x128x64.uasset" 114
"../../../Engine/Content/EngineMaterials/FastBlueNoise_scalar_128x128x64.uexp" 115
"../../../Engine/Content/EngineMaterials/DefaultWhiteGrid.ubulk" 116
"../../../Engine/Content/EngineMaterials/DefaultWhiteGrid.uasset" 117
"../../../Engine/Content/EngineMaterials/DefaultWhiteGrid.uexp" 118
"../../../Engine/Content/EngineMaterials/DefaultBokeh.uasset" 119
"../../../Engine/Content/EngineMaterials/DefaultBokeh.uexp" 120
"../../../Engine/Content/EngineMaterials/DefaultBloomKernel.uasset" 121
"../../../Engine/Content/EngineMaterials/DefaultBloomKernel.uexp" 122
"../../../Engine/Plugins/Runtime/AudioWidgets/Content/Resources/ScrubHandleDown_Clamped.uasset" 123
"../../../Engine/Plugins/Runtime/AudioWidgets/Content/Resources/ScrubHandleDown_Clamped.uexp" 124
"../../../Engine/Plugins/Experimental/Water/Content/Icons/WaterZoneActorSprite.ubulk" 125
"../../../Engine/Plugins/Experimental/Water/Content/Icons/WaterZoneActorSprite.uasset" 126
"../../../Engine/Plugins/Experimental/Water/Content/Icons/WaterZoneActorSprite.uexp" 127
"../../../Engine/Plugins/Experimental/Water/Content/Icons/WaterSprite.uasset" 128
"../../../Engine/Plugins/Experimental/Water/Content/Icons/WaterSprite.uexp" 129
"../../../Engine/Plugins/Experimental/Water/Content/Icons/WaterLandscapeBrushSprite.ubulk" 130
"../../../Engine/Plugins/Experimental/Water/Content/Icons/WaterLandscapeBrushSprite.uasset" 131
"../../../Engine/Plugins/Experimental/Water/Content/Icons/WaterLandscapeBrushSprite.uexp" 132
"../../../Engine/Plugins/Experimental/Water/Content/Icons/WaterErrorSprite.ubulk" 133
"../../../Engine/Plugins/Experimental/Water/Content/Icons/WaterErrorSprite.uasset" 134
"../../../Engine/Plugins/Experimental/Water/Content/Icons/WaterErrorSprite.uexp" 135
"../../../Engine/Plugins/Experimental/Water/Content/Icons/WaterBodyIslandSprite.uasset" 136
"../../../Engine/Plugins/Experimental/Water/Content/Icons/WaterBodyIslandSprite.uexp" 137
"../../../Engine/Plugins/Experimental/Water/Content/Icons/WaterBodyExclusionVolumeSprite.uasset" 138
"../../../Engine/Plugins/Experimental/Water/Content/Icons/WaterBodyExclusionVolumeSprite.uexp" 139
"../../../Engine/Content/EditorMaterials/ParticleSystems/PSysThumbnail_OOD.ubulk" 140
"../../../Engine/Content/EditorMaterials/ParticleSystems/PSysThumbnail_OOD.uasset" 141
"../../../Engine/Content/EditorMaterials/ParticleSystems/PSysThumbnail_OOD.uexp" 142
"../../../Engine/Content/EditorMaterials/ParticleSystems/PSysThumbnail_NoImage.ubulk" 143
"../../../Engine/Content/EditorMaterials/ParticleSystems/PSysThumbnail_NoImage.uasset" 144
"../../../Engine/Content/EditorMaterials/ParticleSystems/PSysThumbnail_NoImage.uexp" 145
"../../../Engine/Content/EngineResources/FilmGrains/Marcie_Grain_v3_128_M2_000.uasset" 146
"../../../Engine/Content/EngineResources/FilmGrains/Marcie_Grain_v3_128_M2_000.uexp" 147
"../../../Engine/Content/EngineResources/Development/ZenLogo_64.uasset" 148
"../../../Engine/Content/EngineResources/Development/ZenLogo_64.uexp" 149
"../../../Engine/Content/EngineMaterials/LTC/Sheen_LTC.uasset" 150
"../../../Engine/Content/EngineMaterials/LTC/Sheen_LTC.uexp" 151
"../../../Engine/Content/EngineMaterials/LTC/GGX_LTCMat.uasset" 152
"../../../Engine/Content/EngineMaterials/LTC/GGX_LTCMat.uexp" 153
"../../../Engine/Content/EngineMaterials/LTC/GGX_LTCAmp.uasset" 154
"../../../Engine/Content/EngineMaterials/LTC/GGX_LTCAmp.uexp" 155
"../../../Engine/Content/EngineMaterials/EnergyConservation/Sheen_Energy.uasset" 156
"../../../Engine/Content/EngineMaterials/EnergyConservation/Sheen_Energy.uexp" 157
"../../../Engine/Content/EngineMaterials/EnergyConservation/SheenLegacy_Energy.uasset" 158
"../../../Engine/Content/EngineMaterials/EnergyConservation/SheenLegacy_Energy.uexp" 159
"../../../Engine/Content/EngineMaterials/EnergyConservation/GGX_TransmissionEnergyArray.uasset" 160
"../../../Engine/Content/EngineMaterials/EnergyConservation/GGX_TransmissionEnergyArray.uexp" 161
"../../../Engine/Content/EngineMaterials/EnergyConservation/GGX_ReflectionEnergy.uasset" 162
"../../../Engine/Content/EngineMaterials/EnergyConservation/GGX_ReflectionEnergy.uexp" 163
"../../../Engine/Content/EngineMaterials/EnergyConservation/Diffuse_Energy.uasset" 164
"../../../Engine/Content/EngineMaterials/EnergyConservation/Diffuse_Energy.uexp" 165
"../../../Engine/Content/EditorResources/SequenceRecorder/RecordingIndicator.uasset" 166
"../../../Engine/Content/EditorResources/SequenceRecorder/RecordingIndicator.uexp" 167
"../../../Engine/Content/EditorResources/SequenceRecorder/Countdown.uasset" 168
"../../../Engine/Content/EditorResources/SequenceRecorder/Countdown.uexp" 169
"../../../Engine/Content/EngineMeshes/Sphere.ubulk" 170
"../../../Engine/Content/EngineMeshes/Sphere.uasset" 171
"../../../Engine/Content/EngineMeshes/Sphere.uexp" 172
"../../../Engine/Content/Functions/Engine_MaterialFunctions01/Opacity/CameraDepthFade.uasset" 173
"../../../Engine/Content/Functions/Engine_MaterialFunctions01/Opacity/CameraDepthFade.uexp" 174
"../../../Engine/Content/EngineMaterials/T_Default_Material_Grid_M.ubulk" 175
"../../../Engine/Content/EngineMaterials/T_Default_Material_Grid_M.uasset" 176
"../../../Engine/Content/EngineMaterials/T_Default_Material_Grid_M.uexp" 177
"../../../Engine/Content/EngineMaterials/T_Default_Material_Grid_N.ubulk" 178
"../../../Engine/Content/EngineMaterials/T_Default_Material_Grid_N.uasset" 179
"../../../Engine/Content/EngineMaterials/T_Default_Material_Grid_N.uexp" 180
"../../../Engine/Content/EngineMaterials/WorldGridMaterial.uasset" 181
"../../../Engine/Content/EngineMaterials/WorldGridMaterial.uexp" 182
"../../../Engine/Plugins/Media/MediaPlate/Content/SM_MediaPlateScreen.ubulk" 183
"../../../Engine/Plugins/Media/MediaPlate/Content/SM_MediaPlateScreen.uasset" 184
"../../../Engine/Plugins/Media/MediaPlate/Content/SM_MediaPlateScreen.uexp" 185
"../../../Engine/Content/Functions/Engine_MaterialFunctions02/WorldPositionOffset/CameraOffset.uasset" 186
"../../../Engine/Content/Functions/Engine_MaterialFunctions02/WorldPositionOffset/CameraOffset.uexp" 187
"../../../Engine/Plugins/Animation/ControlRig/Content/M_Manip.uasset" 188
"../../../Engine/Plugins/Animation/ControlRig/Content/M_Manip.uexp" 189
"../../../Engine/Content/EngineMaterials/DefaultMaterial.uasset" 190
"../../../Engine/Content/EngineMaterials/DefaultMaterial.uexp" 191
"../../../Engine/Content/BasicShapes/Sphere.ubulk" 192
"../../../Engine/Content/BasicShapes/Sphere.uasset" 193
"../../../Engine/Content/BasicShapes/Sphere.uexp" 194
"../../../Engine/Content/BasicShapes/Plane.ubulk" 195
"../../../Engine/Content/BasicShapes/Plane.uasset" 196
"../../../Engine/Content/BasicShapes/Plane.uexp" 197
"../../../Engine/Content/BasicShapes/Cylinder.ubulk" 198
"../../../Engine/Content/BasicShapes/Cylinder.uasset" 199
"../../../Engine/Content/BasicShapes/Cylinder.uexp" 200
"../../../Engine/Content/BasicShapes/Cube.ubulk" 201
"../../../Engine/Content/BasicShapes/Cube.uasset" 202
"../../../Engine/Content/BasicShapes/Cube.uexp" 203
"../../../Engine/Content/BasicShapes/Cone.ubulk" 204
"../../../Engine/Content/BasicShapes/Cone.uasset" 205
"../../../Engine/Content/BasicShapes/Cone.uexp" 206
"../../../Engine/Content/BasicShapes/BasicShapeMaterial.uasset" 207
"../../../Engine/Content/BasicShapes/BasicShapeMaterial.uexp" 208
"../../../Engine/Content/EditorMaterials/PreviewShadowIndicator.ubulk" 209
"../../../Engine/Content/EditorMaterials/PreviewShadowIndicator.uasset" 210
"../../../Engine/Content/EditorMaterials/PreviewShadowIndicator.uexp" 211
"../../../Engine/Content/EditorMaterials/PreviewShadowIndicatorMaterial.uasset" 212
"../../../Engine/Content/EditorMaterials/PreviewShadowIndicatorMaterial.uexp" 213
"../../../Engine/Content/EditorMaterials/PhAT_UnselectedMaterial.uasset" 214
"../../../Engine/Content/EditorMaterials/PhAT_UnselectedMaterial.uexp" 215
"../../../Engine/Content/EditorMaterials/PhAT_NoCollisionMaterial.uasset" 216
"../../../Engine/Content/EditorMaterials/PhAT_NoCollisionMaterial.uexp" 217
"../../../Engine/Content/EditorLandscapeResources/SplineEditorMeshMat.uasset" 218
"../../../Engine/Content/EditorLandscapeResources/SplineEditorMeshMat.uexp" 219
"../../../Engine/Content/EditorLandscapeResources/SplineEditorMesh.ubulk" 220
"../../../Engine/Content/EditorLandscapeResources/SplineEditorMesh.uasset" 221
"../../../Engine/Content/EditorLandscapeResources/SplineEditorMesh.uexp" 222
"../../../Engine/Content/EditorLandscapeResources/WhiteSquareTexture.uasset" 223
"../../../Engine/Content/EditorLandscapeResources/WhiteSquareTexture.uexp" 224
"../../../Engine/Content/EditorLandscapeResources/LayerVisMaterial.uasset" 225
"../../../Engine/Content/EditorLandscapeResources/LayerVisMaterial.uexp" 226
"../../../Engine/Content/Functions/Engine_MaterialFunctions02/WorldPositionOffset/LocalPosition.uasset" 227
"../../../Engine/Content/Functions/Engine_MaterialFunctions02/WorldPositionOffset/LocalPosition.uexp" 228
"../../../Engine/Content/Functions/Engine_MaterialFunctions02/Utility/BreakOutFloat2Components.uasset" 229
"../../../Engine/Content/Functions/Engine_MaterialFunctions02/Utility/BreakOutFloat2Components.uexp" 230
"../../../Engine/Content/Functions/Engine_MaterialFunctions01/Texturing/ScaleUVsByCenter.uasset" 231
"../../../Engine/Content/Functions/Engine_MaterialFunctions01/Texturing/ScaleUVsByCenter.uexp" 232
"../../../Engine/Content/EngineMaterials/DefaultDiffuse.ubulk" 233
"../../../Engine/Content/EngineMaterials/DefaultDiffuse.uasset" 234
"../../../Engine/Content/EngineMaterials/DefaultDiffuse.uexp" 235
"../../../Engine/Content/Functions/Engine_MaterialFunctions01/Texturing/TextureCropping.uasset" 236
"../../../Engine/Content/Functions/Engine_MaterialFunctions01/Texturing/TextureCropping.uexp" 237
"../../../Engine/Content/Functions/Engine_MaterialFunctions02/ExampleContent/DebugNumberStrip.uasset" 238
"../../../Engine/Content/Functions/Engine_MaterialFunctions02/ExampleContent/DebugNumberStrip.uexp" 239
"../../../Engine/Content/Functions/Engine_MaterialFunctions01/Debug/DebugIntValues.uasset" 240
"../../../Engine/Content/Functions/Engine_MaterialFunctions01/Debug/DebugIntValues.uexp" 241
"../../../Engine/Content/EditorLandscapeResources/LandscapeLayerUsageMaterial.uasset" 242
"../../../Engine/Content/EditorLandscapeResources/LandscapeLayerUsageMaterial.uexp" 243
"../../../Engine/Content/EditorLandscapeResources/DefaultAlphaTexture.uasset" 244
"../../../Engine/Content/EditorLandscapeResources/DefaultAlphaTexture.uexp" 245
"../../../Engine/Content/EditorLandscapeResources/LandscapeDirtyMaterial.uasset" 246
"../../../Engine/Content/EditorLandscapeResources/LandscapeDirtyMaterial.uexp" 247
"../../../Engine/Content/Functions/Engine_MaterialFunctions02/Utility/BreakOutFloat3Components.uasset" 248
"../../../Engine/Content/Functions/Engine_MaterialFunctions02/Utility/BreakOutFloat3Components.uexp" 249
"../../../Engine/Content/Functions/Engine_MaterialFunctions02/Utility/VectorLength.uasset" 250
"../../../Engine/Content/Functions/Engine_MaterialFunctions02/Utility/VectorLength.uexp" 251
"../../../Engine/Content/Functions/Engine_MaterialFunctions02/WorldPositionOffset/ObjectScale.uasset" 252
"../../../Engine/Content/Functions/Engine_MaterialFunctions02/WorldPositionOffset/ObjectScale.uexp" 253
"../../../Engine/Content/Functions/Engine_MaterialFunctions02/SafeNormalize.uasset" 254
"../../../Engine/Content/Functions/Engine_MaterialFunctions02/SafeNormalize.uexp" 255
"../../../Engine/Plugins/Editor/SpeedTreeImporter/Content/SpeedTree9/UnpackInteger3.uasset" 256
"../../../Engine/Plugins/Editor/SpeedTreeImporter/Content/SpeedTree9/UnpackInteger3.uexp" 257
"../../../Engine/Plugins/Editor/SpeedTreeImporter/Content/SpeedTree9/UnpackDirection.uasset" 258
"../../../Engine/Plugins/Editor/SpeedTreeImporter/Content/SpeedTree9/UnpackDirection.uexp" 259
"../../../Engine/Plugins/Editor/SpeedTreeImporter/Content/SpeedTree9/game_wind_noise.ubulk" 260
"../../../Engine/Plugins/Editor/SpeedTreeImporter/Content/SpeedTree9/game_wind_noise.uasset" 261
"../../../Engine/Plugins/Editor/SpeedTreeImporter/Content/SpeedTree9/game_wind_noise.uexp" 262
"../../../Engine/Plugins/Editor/SpeedTreeImporter/Content/SpeedTree9/SpeedTreeWindMotion.uasset" 263
"../../../Engine/Plugins/Editor/SpeedTreeImporter/Content/SpeedTree9/SpeedTreeWindMotion.uexp" 264
"../../../Engine/Content/Functions/Engine_MaterialFunctions02/ObjectLocalBounds.uasset" 265
"../../../Engine/Content/Functions/Engine_MaterialFunctions02/ObjectLocalBounds.uexp" 266
"../../../Engine/Content/Functions/Engine_MaterialFunctions02/UVs/BoundingBoxBased_0-1_UVW.uasset" 267
"../../../Engine/Content/Functions/Engine_MaterialFunctions02/UVs/BoundingBoxBased_0-1_UVW.uexp" 268
"../../../Engine/Plugins/Editor/SpeedTreeImporter/Content/SpeedTree9/SpeedTreeBranchMotion.uasset" 269
"../../../Engine/Plugins/Editor/SpeedTreeImporter/Content/SpeedTree9/SpeedTreeBranchMotion.uexp" 270
"../../../Engine/Plugins/Editor/SpeedTreeImporter/Content/SpeedTree9/SpeedTreeWind.uasset" 271
"../../../Engine/Plugins/Editor/SpeedTreeImporter/Content/SpeedTree9/SpeedTreeWind.uexp" 272
"../../../Engine/Plugins/Editor/SpeedTreeImporter/Content/SpeedTree9/SpeedTreeCameraFacing.uasset" 273
"../../../Engine/Plugins/Editor/SpeedTreeImporter/Content/SpeedTree9/SpeedTreeCameraFacing.uexp" 274
"../../../Engine/Plugins/Editor/SpeedTreeImporter/Content/SpeedTree9/EmptyNormal.uasset" 275
"../../../Engine/Plugins/Editor/SpeedTreeImporter/Content/SpeedTree9/EmptyNormal.uexp" 276
"../../../Engine/Plugins/Editor/SpeedTreeImporter/Content/SpeedTree9/Empty.uasset" 277
"../../../Engine/Plugins/Editor/SpeedTreeImporter/Content/SpeedTree9/Empty.uexp" 278
"../../../Engine/Plugins/Editor/SpeedTreeImporter/Content/SpeedTree9/SpeedTreeMaster.uasset" 279
"../../../Engine/Plugins/Editor/SpeedTreeImporter/Content/SpeedTree9/SpeedTreeMaster.uexp" 280
"../../../Engine/Plugins/Editor/SpeedTreeImporter/Content/SpeedTree9/SpeedTreeBillboard.uasset" 281
"../../../Engine/Plugins/Editor/SpeedTreeImporter/Content/SpeedTree9/SpeedTreeBillboard.uexp" 282
"../../../Engine/Plugins/Editor/SpeedTreeImporter/Content/SpeedTree9/SpeedTreeBillboardMaster.uasset" 283
"../../../Engine/Plugins/Editor/SpeedTreeImporter/Content/SpeedTree9/SpeedTreeBillboardMaster.uexp" 284
"../../../Engine/Plugins/Animation/ControlRig/Content/Controls/ControlRig_Wedge_solid.ubulk" 285
"../../../Engine/Plugins/Animation/ControlRig/Content/Controls/ControlRig_Wedge_solid.uasset" 286
"../../../Engine/Plugins/Animation/ControlRig/Content/Controls/ControlRig_Wedge_solid.uexp" 287
"../../../Engine/Plugins/Animation/ControlRig/Content/Controls/ControlRig_Wedge_3mm.ubulk" 288
"../../../Engine/Plugins/Animation/ControlRig/Content/Controls/ControlRig_Wedge_3mm.uasset" 289
"../../../Engine/Plugins/Animation/ControlRig/Content/Controls/ControlRig_Wedge_3mm.uexp" 290
"../../../Engine/Plugins/Animation/ControlRig/Content/Controls/ControlRig_Wedge_1mm.ubulk" 291
"../../../Engine/Plugins/Animation/ControlRig/Content/Controls/ControlRig_Wedge_1mm.uasset" 292
"../../../Engine/Plugins/Animation/ControlRig/Content/Controls/ControlRig_Wedge_1mm.uexp" 293
"../../../Engine/Plugins/Animation/ControlRig/Content/Controls/ControlRig_Triangle_solid.ubulk" 294
"../../../Engine/Plugins/Animation/ControlRig/Content/Controls/ControlRig_Triangle_solid.uasset" 295
"../../../Engine/Plugins/Animation/ControlRig/Content/Controls/ControlRig_Triangle_solid.uexp" 296
"../../../Engine/Plugins/Animation/ControlRig/Content/Controls/ControlRig_Triangle_3mm.ubulk" 297
"../../../Engine/Plugins/Animation/ControlRig/Content/Controls/ControlRig_Triangle_3mm.uasset" 298
"../../../Engine/Plugins/Animation/ControlRig/Content/Controls/ControlRig_Triangle_3mm.uexp" 299
"../../../Engine/Plugins/Animation/ControlRig/Content/Controls/ControlRig_Triangle_1mm.ubulk" 300
"../../../Engine/Plugins/Animation/ControlRig/Content/Controls/ControlRig_Triangle_1mm.uasset" 301
"../../../Engine/Plugins/Animation/ControlRig/Content/Controls/ControlRig_Triangle_1mm.uexp" 302
"../../../Engine/Plugins/Animation/ControlRig/Content/Controls/ControlRig_Star4_solid.ubulk" 303
"../../../Engine/Plugins/Animation/ControlRig/Content/Controls/ControlRig_Star4_solid.uasset" 304
"../../../Engine/Plugins/Animation/ControlRig/Content/Controls/ControlRig_Star4_solid.uexp" 305
"../../../Engine/Plugins/Animation/ControlRig/Content/Controls/ControlRig_Star4_3mm.ubulk" 306
"../../../Engine/Plugins/Animation/ControlRig/Content/Controls/ControlRig_Star4_3mm.uasset" 307
"../../../Engine/Plugins/Animation/ControlRig/Content/Controls/ControlRig_Star4_3mm.uexp" 308
"../../../Engine/Plugins/Animation/ControlRig/Content/Controls/ControlRig_Star4_1mm.ubulk" 309
"../../../Engine/Plugins/Animation/ControlRig/Content/Controls/ControlRig_Star4_1mm.uasset" 310
"../../../Engine/Plugins/Animation/ControlRig/Content/Controls/ControlRig_Star4_1mm.uexp" 311
"../../../Engine/Plugins/Animation/ControlRig/Content/Controls/ControlRig_Square_solid.ubulk" 312
"../../../Engine/Plugins/Animation/ControlRig/Content/Controls/ControlRig_Square_solid.uasset" 313
"../../../Engine/Plugins/Animation/ControlRig/Content/Controls/ControlRig_Square_solid.uexp" 314
"../../../Engine/Plugins/Animation/ControlRig/Content/Controls/ControlRig_Square_3mm.ubulk" 315
"../../../Engine/Plugins/Animation/ControlRig/Content/Controls/ControlRig_Square_3mm.uasset" 316
"../../../Engine/Plugins/Animation/ControlRig/Content/Controls/ControlRig_Square_3mm.uexp" 317
"../../../Engine/Plugins/Animation/ControlRig/Content/Controls/ControlRig_Square_1mm.ubulk" 318
"../../../Engine/Plugins/Animation/ControlRig/Content/Controls/ControlRig_Square_1mm.uasset" 319
"../../../Engine/Plugins/Animation/ControlRig/Content/Controls/ControlRig_Square_1mm.uexp" 320
"../../../Engine/Plugins/Animation/ControlRig/Content/Controls/ControlRig_Sphere_solid.ubulk" 321
"../../../Engine/Plugins/Animation/ControlRig/Content/Controls/ControlRig_Sphere_solid.uasset" 322
"../../../Engine/Plugins/Animation/ControlRig/Content/Controls/ControlRig_Sphere_solid.uexp" 323
"../../../Engine/Plugins/Animation/ControlRig/Content/Controls/ControlRig_Sphere_3mm.ubulk" 324
"../../../Engine/Plugins/Animation/ControlRig/Content/Controls/ControlRig_Sphere_3mm.uasset" 325
"../../../Engine/Plugins/Animation/ControlRig/Content/Controls/ControlRig_Sphere_3mm.uexp" 326
"../../../Engine/Plugins/Animation/ControlRig/Content/Controls/ControlRig_Sphere_1mm.ubulk" 327
"../../../Engine/Plugins/Animation/ControlRig/Content/Controls/ControlRig_Sphere_1mm.uasset" 328
"../../../Engine/Plugins/Animation/ControlRig/Content/Controls/ControlRig_Sphere_1mm.uexp" 329
"../../../Engine/Plugins/Animation/ControlRig/Content/Controls/ControlRig_RoundedTriangle_solid.ubulk" 330
"../../../Engine/Plugins/Animation/ControlRig/Content/Controls/ControlRig_RoundedTriangle_solid.uasset" 331
"../../../Engine/Plugins/Animation/ControlRig/Content/Controls/ControlRig_RoundedTriangle_solid.uexp" 332
"../../../Engine/Plugins/Animation/ControlRig/Content/Controls/ControlRig_RoundedTriangle_3mm.ubulk" 333
"../../../Engine/Plugins/Animation/ControlRig/Content/Controls/ControlRig_RoundedTriangle_3mm.uasset" 334
"../../../Engine/Plugins/Animation/ControlRig/Content/Controls/ControlRig_RoundedTriangle_3mm.uexp" 335
"../../../Engine/Plugins/Animation/ControlRig/Content/Controls/ControlRig_RoundedTriangle_1mm.ubulk" 336
"../../../Engine/Plugins/Animation/ControlRig/Content/Controls/ControlRig_RoundedTriangle_1mm.uasset" 337
"../../../Engine/Plugins/Animation/ControlRig/Content/Controls/ControlRig_RoundedTriangle_1mm.uexp" 338
"../../../Engine/Plugins/Animation/ControlRig/Content/Controls/ControlRig_RoundedSquare_solid.ubulk" 339
"../../../Engine/Plugins/Animation/ControlRig/Content/Controls/ControlRig_RoundedSquare_solid.uasset" 340
"../../../Engine/Plugins/Animation/ControlRig/Content/Controls/ControlRig_RoundedSquare_solid.uexp" 341
"../../../Engine/Plugins/Animation/ControlRig/Content/Controls/ControlRig_RoundedSquare_3mm.ubulk" 342
"../../../Engine/Plugins/Animation/ControlRig/Content/Controls/ControlRig_RoundedSquare_3mm.uasset" 343
"../../../Engine/Plugins/Animation/ControlRig/Content/Controls/ControlRig_RoundedSquare_3mm.uexp" 344
"../../../Engine/Plugins/Animation/ControlRig/Content/Controls/ControlRig_RoundedSquare_1mm.ubulk" 345
"../../../Engine/Plugins/Animation/ControlRig/Content/Controls/ControlRig_RoundedSquare_1mm.uasset" 346
"../../../Engine/Plugins/Animation/ControlRig/Content/Controls/ControlRig_RoundedSquare_1mm.uexp" 347
"../../../Engine/Plugins/Animation/ControlRig/Content/Controls/ControlRig_QuarterCircle_solid.ubulk" 348
"../../../Engine/Plugins/Animation/ControlRig/Content/Controls/ControlRig_QuarterCircle_solid.uasset" 349
"../../../Engine/Plugins/Animation/ControlRig/Content/Controls/ControlRig_QuarterCircle_solid.uexp" 350
"../../../Engine/Plugins/Animation/ControlRig/Content/Controls/ControlRig_QuarterCircle_3mm.ubulk" 351
"../../../Engine/Plugins/Animation/ControlRig/Content/Controls/ControlRig_QuarterCircle_3mm.uasset" 352
"../../../Engine/Plugins/Animation/ControlRig/Content/Controls/ControlRig_QuarterCircle_3mm.uexp" 353
"../../../Engine/Plugins/Animation/ControlRig/Content/Controls/ControlRig_QuarterCircle_1mm.ubulk" 354
"../../../Engine/Plugins/Animation/ControlRig/Content/Controls/ControlRig_QuarterCircle_1mm.uasset" 355
"../../../Engine/Plugins/Animation/ControlRig/Content/Controls/ControlRig_QuarterCircle_1mm.uexp" 356
"../../../Engine/Plugins/Animation/ControlRig/Content/Controls/ControlRig_Pyramid_solid.ubulk" 357
"../../../Engine/Plugins/Animation/ControlRig/Content/Controls/ControlRig_Pyramid_solid.uasset" 358
"../../../Engine/Plugins/Animation/ControlRig/Content/Controls/ControlRig_Pyramid_solid.uexp" 359
"../../../Engine/Plugins/Animation/ControlRig/Content/Controls/ControlRig_Pyramid_3mm.ubulk" 360
"../../../Engine/Plugins/Animation/ControlRig/Content/Controls/ControlRig_Pyramid_3mm.uasset" 361
"../../../Engine/Plugins/Animation/ControlRig/Content/Controls/ControlRig_Pyramid_3mm.uexp" 362
"../../../Engine/Plugins/Animation/ControlRig/Content/Controls/ControlRig_Pyramid_1mm.ubulk" 363
"../../../Engine/Plugins/Animation/ControlRig/Content/Controls/ControlRig_Pyramid_1mm.uasset" 364
"../../../Engine/Plugins/Animation/ControlRig/Content/Controls/ControlRig_Pyramid_1mm.uexp" 365
"../../../Engine/Plugins/Animation/ControlRig/Content/Controls/ControlRig_Octagon_solid.ubulk" 366
"../../../Engine/Plugins/Animation/ControlRig/Content/Controls/ControlRig_Octagon_solid.uasset" 367
"../../../Engine/Plugins/Animation/ControlRig/Content/Controls/ControlRig_Octagon_solid.uexp" 368
"../../../Engine/Plugins/Animation/ControlRig/Content/Controls/ControlRig_Octagon_3mm.ubulk" 369
"../../../Engine/Plugins/Animation/ControlRig/Content/Controls/ControlRig_Octagon_3mm.uasset" 370
"../../../Engine/Plugins/Animation/ControlRig/Content/Controls/ControlRig_Octagon_3mm.uexp" 371
"../../../Engine/Plugins/Animation/ControlRig/Content/Controls/ControlRig_Octagon_1mm.ubulk" 372
"../../../Engine/Plugins/Animation/ControlRig/Content/Controls/ControlRig_Octagon_1mm.uasset" 373
"../../../Engine/Plugins/Animation/ControlRig/Content/Controls/ControlRig_Octagon_1mm.uexp" 374
"../../../Engine/Plugins/Animation/ControlRig/Content/Controls/ControlRig_Hexagon_solid.ubulk" 375
"../../../Engine/Plugins/Animation/ControlRig/Content/Controls/ControlRig_Hexagon_solid.uasset" 376
"../../../Engine/Plugins/Animation/ControlRig/Content/Controls/ControlRig_Hexagon_solid.uexp" 377
"../../../Engine/Plugins/Animation/ControlRig/Content/Controls/ControlRig_Hexagon_3mm.ubulk" 378
"../../../Engine/Plugins/Animation/ControlRig/Content/Controls/ControlRig_Hexagon_3mm.uasset" 379
"../../../Engine/Plugins/Animation/ControlRig/Content/Controls/ControlRig_Hexagon_3mm.uexp" 380
"../../../Engine/Plugins/Animation/ControlRig/Content/Controls/ControlRig_Hexagon_1mm.ubulk" 381
"../../../Engine/Plugins/Animation/ControlRig/Content/Controls/ControlRig_Hexagon_1mm.uasset" 382
"../../../Engine/Plugins/Animation/ControlRig/Content/Controls/ControlRig_Hexagon_1mm.uexp" 383
"../../../Engine/Plugins/Animation/ControlRig/Content/Controls/ControlRig_HalfCircle_solid.ubulk" 384
"../../../Engine/Plugins/Animation/ControlRig/Content/Controls/ControlRig_HalfCircle_solid.uasset" 385
"../../../Engine/Plugins/Animation/ControlRig/Content/Controls/ControlRig_HalfCircle_solid.uexp" 386
"../../../Engine/Plugins/Animation/ControlRig/Content/Controls/ControlRig_HalfCircle_3mm.ubulk" 387
"../../../Engine/Plugins/Animation/ControlRig/Content/Controls/ControlRig_HalfCircle_3mm.uasset" 388
"../../../Engine/Plugins/Animation/ControlRig/Content/Controls/ControlRig_HalfCircle_3mm.uexp" 389
"../../../Engine/Plugins/Animation/ControlRig/Content/Controls/ControlRig_HalfCircle_1mm.ubulk" 390
"../../../Engine/Plugins/Animation/ControlRig/Content/Controls/ControlRig_HalfCircle_1mm.uasset" 391
"../../../Engine/Plugins/Animation/ControlRig/Content/Controls/ControlRig_HalfCircle_1mm.uexp" 392
"../../../Engine/Plugins/Animation/ControlRig/Content/Controls/ControlRig_Diamond_solid.ubulk" 393
"../../../Engine/Plugins/Animation/ControlRig/Content/Controls/ControlRig_Diamond_solid.uasset" 394
"../../../Engine/Plugins/Animation/ControlRig/Content/Controls/ControlRig_Diamond_solid.uexp" 395
"../../../Engine/Plugins/Animation/ControlRig/Content/Controls/ControlRig_Diamond_3mm.ubulk" 396
"../../../Engine/Plugins/Animation/ControlRig/Content/Controls/ControlRig_Diamond_3mm.uasset" 397
"../../../Engine/Plugins/Animation/ControlRig/Content/Controls/ControlRig_Diamond_3mm.uexp" 398
"../../../Engine/Plugins/Animation/ControlRig/Content/Controls/ControlRig_Diamond_1mm.ubulk" 399
"../../../Engine/Plugins/Animation/ControlRig/Content/Controls/ControlRig_Diamond_1mm.uasset" 400
"../../../Engine/Plugins/Animation/ControlRig/Content/Controls/ControlRig_Diamond_1mm.uexp" 401
"../../../Engine/Plugins/Animation/ControlRig/Content/Controls/ControlRig_Circle_solid.ubulk" 402
"../../../Engine/Plugins/Animation/ControlRig/Content/Controls/ControlRig_Circle_solid.uasset" 403
"../../../Engine/Plugins/Animation/ControlRig/Content/Controls/ControlRig_Circle_solid.uexp" 404
"../../../Engine/Plugins/Animation/ControlRig/Content/Controls/ControlRig_Circle_3mm.ubulk" 405
"../../../Engine/Plugins/Animation/ControlRig/Content/Controls/ControlRig_Circle_3mm.uasset" 406
"../../../Engine/Plugins/Animation/ControlRig/Content/Controls/ControlRig_Circle_3mm.uexp" 407
"../../../Engine/Plugins/Animation/ControlRig/Content/Controls/ControlRig_Circle_1mm.ubulk" 408
"../../../Engine/Plugins/Animation/ControlRig/Content/Controls/ControlRig_Circle_1mm.uasset" 409
"../../../Engine/Plugins/Animation/ControlRig/Content/Controls/ControlRig_Circle_1mm.uexp" 410
"../../../Engine/Plugins/Animation/ControlRig/Content/Controls/ControlRig_Box_solid.ubulk" 411
"../../../Engine/Plugins/Animation/ControlRig/Content/Controls/ControlRig_Box_solid.uasset" 412
"../../../Engine/Plugins/Animation/ControlRig/Content/Controls/ControlRig_Box_solid.uexp" 413
"../../../Engine/Plugins/Animation/ControlRig/Content/Controls/ControlRig_Box_3mm.ubulk" 414
"../../../Engine/Plugins/Animation/ControlRig/Content/Controls/ControlRig_Box_3mm.uasset" 415
"../../../Engine/Plugins/Animation/ControlRig/Content/Controls/ControlRig_Box_3mm.uexp" 416
"../../../Engine/Plugins/Animation/ControlRig/Content/Controls/ControlRig_Box_1mm.ubulk" 417
"../../../Engine/Plugins/Animation/ControlRig/Content/Controls/ControlRig_Box_1mm.uasset" 418
"../../../Engine/Plugins/Animation/ControlRig/Content/Controls/ControlRig_Box_1mm.uexp" 419
"../../../Engine/Plugins/Animation/ControlRig/Content/Controls/ControlRig_Arrow_solid.ubulk" 420
"../../../Engine/Plugins/Animation/ControlRig/Content/Controls/ControlRig_Arrow_solid.uasset" 421
"../../../Engine/Plugins/Animation/ControlRig/Content/Controls/ControlRig_Arrow_solid.uexp" 422
"../../../Engine/Plugins/Animation/ControlRig/Content/Controls/ControlRig_Arrow_3mm.ubulk" 423
"../../../Engine/Plugins/Animation/ControlRig/Content/Controls/ControlRig_Arrow_3mm.uasset" 424
"../../../Engine/Plugins/Animation/ControlRig/Content/Controls/ControlRig_Arrow_3mm.uexp" 425
"../../../Engine/Plugins/Animation/ControlRig/Content/Controls/ControlRig_Arrow_1mm.ubulk" 426
"../../../Engine/Plugins/Animation/ControlRig/Content/Controls/ControlRig_Arrow_1mm.uasset" 427
"../../../Engine/Plugins/Animation/ControlRig/Content/Controls/ControlRig_Arrow_1mm.uexp" 428
"../../../Engine/Plugins/Animation/ControlRig/Content/Controls/ControlRig_Arrow4_solid.ubulk" 429
"../../../Engine/Plugins/Animation/ControlRig/Content/Controls/ControlRig_Arrow4_solid.uasset" 430
"../../../Engine/Plugins/Animation/ControlRig/Content/Controls/ControlRig_Arrow4_solid.uexp" 431
"../../../Engine/Plugins/Animation/ControlRig/Content/Controls/ControlRig_Arrow4_3mm.ubulk" 432
"../../../Engine/Plugins/Animation/ControlRig/Content/Controls/ControlRig_Arrow4_3mm.uasset" 433
"../../../Engine/Plugins/Animation/ControlRig/Content/Controls/ControlRig_Arrow4_3mm.uexp" 434
"../../../Engine/Plugins/Animation/ControlRig/Content/Controls/ControlRig_Arrow4_1mm.ubulk" 435
"../../../Engine/Plugins/Animation/ControlRig/Content/Controls/ControlRig_Arrow4_1mm.uasset" 436
"../../../Engine/Plugins/Animation/ControlRig/Content/Controls/ControlRig_Arrow4_1mm.uexp" 437
"../../../Engine/Plugins/Animation/ControlRig/Content/Controls/ControlRig_Arrow2_solid.ubulk" 438
"../../../Engine/Plugins/Animation/ControlRig/Content/Controls/ControlRig_Arrow2_solid.uasset" 439
"../../../Engine/Plugins/Animation/ControlRig/Content/Controls/ControlRig_Arrow2_solid.uexp" 440
"../../../Engine/Plugins/Animation/ControlRig/Content/Controls/ControlRig_Arrow2_3mm.ubulk" 441
"../../../Engine/Plugins/Animation/ControlRig/Content/Controls/ControlRig_Arrow2_3mm.uasset" 442
"../../../Engine/Plugins/Animation/ControlRig/Content/Controls/ControlRig_Arrow2_3mm.uexp" 443
"../../../Engine/Plugins/Animation/ControlRig/Content/Controls/ControlRig_Arrow2_1mm.ubulk" 444
"../../../Engine/Plugins/Animation/ControlRig/Content/Controls/ControlRig_Arrow2_1mm.uasset" 445
"../../../Engine/Plugins/Animation/ControlRig/Content/Controls/ControlRig_Arrow2_1mm.uexp" 446
"../../../Engine/Plugins/Animation/ControlRig/Content/Controls/ControlRigXRayMaterial.uasset" 447
"../../../Engine/Plugins/Animation/ControlRig/Content/Controls/ControlRigXRayMaterial.uexp" 448
"../../../Engine/Plugins/Animation/ControlRig/Content/Controls/ControlRigGizmoMaterial.uasset" 449
"../../../Engine/Plugins/Animation/ControlRig/Content/Controls/ControlRigGizmoMaterial.uexp" 450
"../../../Engine/Content/EngineMaterials/RemoveSurfaceMaterial.uasset" 451
"../../../Engine/Content/EngineMaterials/RemoveSurfaceMaterial.uexp" 452
"../../../Engine/Content/EngineMaterials/DefaultCalibrationGrayscale.uasset" 453
"../../../Engine/Content/EngineMaterials/DefaultCalibrationGrayscale.uexp" 454
"../../../Engine/Content/EngineMaterials/PPM_DefaultCalibrationGrayscale.uasset" 455
"../../../Engine/Content/EngineMaterials/PPM_DefaultCalibrationGrayscale.uexp" 456
"../../../Engine/Content/EngineMaterials/DefaultCalibrationColor.uasset" 457
"../../../Engine/Content/EngineMaterials/DefaultCalibrationColor.uexp" 458
"../../../Engine/Content/EngineMaterials/PPM_DefaultCalibrationColor.uasset" 459
"../../../Engine/Content/EngineMaterials/PPM_DefaultCalibrationColor.uexp" 460
"../../../Engine/Content/EngineMaterials/PhAT_JointLimitMaterial.uasset" 461
"../../../Engine/Content/EngineMaterials/PhAT_JointLimitMaterial.uexp" 462
"../../../Engine/Content/EngineMaterials/NaniteHiddenSectionMaterial.uasset" 463
"../../../Engine/Content/EngineMaterials/NaniteHiddenSectionMaterial.uexp" 464
"../../../Engine/Content/EngineMaterials/InvalidLightmapSettings.ubulk" 465
"../../../Engine/Content/EngineMaterials/InvalidLightmapSettings.uasset" 466
"../../../Engine/Content/EngineMaterials/InvalidLightmapSettings.uexp" 467
"../../../Engine/Content/EngineMaterials/M_InvalidLightmapSettings.uasset" 468
"../../../Engine/Content/EngineMaterials/M_InvalidLightmapSettings.uexp" 469
"../../../Engine/Content/EngineMaterials/GizmoMaterial.uasset" 470
"../../../Engine/Content/EngineMaterials/GizmoMaterial.uexp" 471
"../../../Engine/Content/EngineMaterials/BaseFlattenDiffuseMap_VT.ubulk" 472
"../../../Engine/Content/EngineMaterials/BaseFlattenDiffuseMap_VT.uasset" 473
"../../../Engine/Content/EngineMaterials/BaseFlattenDiffuseMap_VT.uexp" 474
"../../../Engine/Content/EngineMaterials/BaseFlattenEmissiveMap_VT.ubulk" 475
"../../../Engine/Content/EngineMaterials/BaseFlattenEmissiveMap_VT.uasset" 476
"../../../Engine/Content/EngineMaterials/BaseFlattenEmissiveMap_VT.uexp" 477
"../../../Engine/Content/EngineMaterials/BaseFlattenGrayscaleMap_VT.ubulk" 478
"../../../Engine/Content/EngineMaterials/BaseFlattenGrayscaleMap_VT.uasset" 479
"../../../Engine/Content/EngineMaterials/BaseFlattenGrayscaleMap_VT.uexp" 480
"../../../Engine/Content/EngineMaterials/BaseFlattenLinearColor_VT.ubulk" 481
"../../../Engine/Content/EngineMaterials/BaseFlattenLinearColor_VT.uasset" 482
"../../../Engine/Content/EngineMaterials/BaseFlattenLinearColor_VT.uexp" 483
"../../../Engine/Content/EngineMaterials/BaseFlattenNormalMap_VT.ubulk" 484
"../../../Engine/Content/EngineMaterials/BaseFlattenNormalMap_VT.uasset" 485
"../../../Engine/Content/EngineMaterials/BaseFlattenNormalMap_VT.uexp" 486
"../../../Engine/Content/EngineMaterials/Black_1x1_EXR_Texture_VT.ubulk" 487
"../../../Engine/Content/EngineMaterials/Black_1x1_EXR_Texture_VT.uasset" 488
"../../../Engine/Content/EngineMaterials/Black_1x1_EXR_Texture_VT.uexp" 489
"../../../Engine/Content/EngineMaterials/FlattenMaterial_WS_Normal_VT.uasset" 490
"../../../Engine/Content/EngineMaterials/FlattenMaterial_WS_Normal_VT.uexp" 491
"../../../Engine/Content/EngineMaterials/FlattenMaterial_VT.uasset" 492
"../../../Engine/Content/EngineMaterials/FlattenMaterial_VT.uexp" 493
"../../../Engine/Content/EngineMaterials/BaseFlattenNormalMap.uasset" 494
"../../../Engine/Content/EngineMaterials/BaseFlattenNormalMap.uexp" 495
"../../../Engine/Content/EngineMaterials/BaseFlattenDiffuseMap.uasset" 496
"../../../Engine/Content/EngineMaterials/BaseFlattenDiffuseMap.uexp" 497
"../../../Engine/Content/EngineMaterials/BaseFlattenEmissiveMap.uasset" 498
"../../../Engine/Content/EngineMaterials/BaseFlattenEmissiveMap.uexp" 499
"../../../Engine/Content/EngineMaterials/BaseFlattenGrayscaleMap.uasset" 500
"../../../Engine/Content/EngineMaterials/BaseFlattenGrayscaleMap.uexp" 501
"../../../Engine/Content/EngineMaterials/BaseFlattenLinearColor.uasset" 502
"../../../Engine/Content/EngineMaterials/BaseFlattenLinearColor.uexp" 503
"../../../Engine/Content/Functions/Engine_MaterialFunctions02/PivotPainter2/Black_1x1_EXR_Texture.uasset" 504
"../../../Engine/Content/Functions/Engine_MaterialFunctions02/PivotPainter2/Black_1x1_EXR_Texture.uexp" 505
"../../../Engine/Content/EngineMaterials/FlattenMaterial.uasset" 506
"../../../Engine/Content/EngineMaterials/FlattenMaterial.uexp" 507
"../../../Engine/Content/EngineMaterials/DefaultWhiteGrid_Low.uasset" 508
"../../../Engine/Content/EngineMaterials/DefaultWhiteGrid_Low.uexp" 509
"../../../Engine/Content/EngineMaterials/EmissiveMeshMaterial.uasset" 510
"../../../Engine/Content/EngineMaterials/EmissiveMeshMaterial.uexp" 511
"../../../Engine/Content/EngineFonts/RobotoDistanceField.uasset" 512
"../../../Engine/Content/EngineFonts/RobotoDistanceField.uexp" 513
"../../../Engine/Content/EngineMaterials/DefaultTextMaterialOpaque.uasset" 514
"../../../Engine/Content/EngineMaterials/DefaultTextMaterialOpaque.uexp" 515
"../../../Engine/Content/EngineMaterials/DefaultPostProcessMaterial.uasset" 516
"../../../Engine/Content/EngineMaterials/DefaultPostProcessMaterial.uexp" 517
"../../../Engine/Content/EngineMaterials/DefaultLightFunctionMaterial.uasset" 518
"../../../Engine/Content/EngineMaterials/DefaultLightFunctionMaterial.uexp" 519
"../../../Engine/Content/EngineMaterials/DefaultDeferredDecalMaterial.uasset" 520
"../../../Engine/Content/EngineMaterials/DefaultDeferredDecalMaterial.uexp" 521
"../../../Engine/Content/Functions/Engine_MaterialFunctions02/Utility/CameraDirectionVector.uasset" 522
"../../../Engine/Content/Functions/Engine_MaterialFunctions02/Utility/CameraDirectionVector.uexp" 523
"../../../Engine/Content/EngineDebugMaterials/VolumeToRender.uasset" 524
"../../../Engine/Content/EngineDebugMaterials/VolumeToRender.uexp" 525
"../../../Engine/Content/EngineDebugMaterials/M_VolumeRenderSphereTracePP.uasset" 526
"../../../Engine/Content/EngineDebugMaterials/M_VolumeRenderSphereTracePP.uexp" 527
"../../../Engine/Content/EngineDebugMaterials/M_SimpleUnlitTranslucent.uasset" 528
"../../../Engine/Content/EngineDebugMaterials/M_SimpleUnlitTranslucent.uexp" 529
"../../../Engine/Content/EngineDebugMaterials/DebugMeshMaterial.uasset" 530
"../../../Engine/Content/EngineDebugMaterials/DebugMeshMaterial.uexp" 531
"../../../Engine/Content/EngineDebugMaterials/DebugEditorMaterial.uasset" 532
"../../../Engine/Content/EngineDebugMaterials/DebugEditorMaterial.uexp" 533
"../../../Engine/Content/EngineDamageTypes/DmgTypeBP_Environmental.uasset" 534
"../../../Engine/Content/EngineDamageTypes/DmgTypeBP_Environmental.uexp" 535
"../../../Engine/Plugins/VirtualProduction/CameraCalibrationCore/Content/Materials/M_DefaultOddSquare.uasset" 536
"../../../Engine/Plugins/VirtualProduction/CameraCalibrationCore/Content/Materials/M_DefaultOddSquare.uexp" 537
"../../../Engine/Plugins/VirtualProduction/CameraCalibrationCore/Content/Materials/M_DefaultEvenSquare.uasset" 538
"../../../Engine/Plugins/VirtualProduction/CameraCalibrationCore/Content/Materials/M_DefaultEvenSquare.uexp" 539
"../../../Engine/Plugins/Runtime/HairStrands/Content/Materials/HairMeshesDefaultMaterial.uasset" 540
"../../../Engine/Plugins/Runtime/HairStrands/Content/Materials/HairMeshesDefaultMaterial.uexp" 541
"../../../Engine/Plugins/Runtime/HairStrands/Content/Materials/HairDefaultMaterial.uasset" 542
"../../../Engine/Plugins/Runtime/HairStrands/Content/Materials/HairDefaultMaterial.uexp" 543
"../../../Engine/Content/Functions/Engine_MaterialFunctions02/Utility/MakeFloat2.uasset" 544
"../../../Engine/Content/Functions/Engine_MaterialFunctions02/Utility/MakeFloat2.uexp" 545
"../../../Engine/Content/Functions/Engine_MaterialFunctions02/Utility/MakeFloat3.uasset" 546
"../../../Engine/Content/Functions/Engine_MaterialFunctions02/Utility/MakeFloat3.uexp" 547
"../../../Engine/Content/EngineMaterials/HairDebugColor.uasset" 548
"../../../Engine/Content/EngineMaterials/HairDebugColor.uexp" 549
"../../../Engine/Content/EngineMaterials/HairColorMap.uasset" 550
"../../../Engine/Content/EngineMaterials/HairColorMap.uexp" 551
"../../../Engine/Plugins/Runtime/HairStrands/Content/Materials/HairGroupColors.uasset" 552
"../../../Engine/Plugins/Runtime/HairStrands/Content/Materials/HairGroupColors.uexp" 553
"../../../Engine/Plugins/Runtime/HairStrands/Content/Materials/HairDebugMaterial.uasset" 554
"../../../Engine/Plugins/Runtime/HairStrands/Content/Materials/HairDebugMaterial.uexp" 555
"../../../Engine/Plugins/Runtime/HairStrands/Content/Materials/HairCardsDefaultMaterial.uasset" 556
"../../../Engine/Plugins/Runtime/HairStrands/Content/Materials/HairCardsDefaultMaterial.uexp" 557
"../../../Engine/Content/Functions/Engine_MaterialFunctions02/Utility/BreakOutFloat4Components.uasset" 558
"../../../Engine/Content/Functions/Engine_MaterialFunctions02/Utility/BreakOutFloat4Components.uexp" 559
"../../../Engine/Content/Functions/Engine_MaterialFunctions02/Utility/MakeFloat4.uasset" 560
"../../../Engine/Content/Functions/Engine_MaterialFunctions02/Utility/MakeFloat4.uexp" 561
"../../../Engine/Plugins/MovieScene/MovieRenderPipeline/Content/Materials/MovieRenderQueue_WorldDepth.uasset" 562
"../../../Engine/Plugins/MovieScene/MovieRenderPipeline/Content/Materials/MovieRenderQueue_WorldDepth.uexp" 563
"../../../Engine/Plugins/MovieScene/MovieRenderPipeline/Content/Materials/MovieRenderQueue_MotionVectors.uasset" 564
"../../../Engine/Plugins/MovieScene/MovieRenderPipeline/Content/Materials/MovieRenderQueue_MotionVectors.uexp" 565
"../../../Engine/Plugins/MovieScene/MovieRenderPipeline/Content/Materials/MoviePipeline_StencilCutout.uasset" 566
"../../../Engine/Plugins/MovieScene/MovieRenderPipeline/Content/Materials/MoviePipeline_StencilCutout.uexp" 567
"../../../Engine/Plugins/Interchange/Assets/Content/Functions/MX_UsdPreviewSurface.uasset" 568
"../../../Engine/Plugins/Interchange/Assets/Content/Functions/MX_UsdPreviewSurface.uexp" 569
"../../../Engine/Plugins/Interchange/Assets/Content/Functions/MX_UniformEDF.uasset" 570
"../../../Engine/Plugins/Interchange/Assets/Content/Functions/MX_UniformEDF.uexp" 571
"../../../Engine/Plugins/Interchange/Assets/Content/Functions/MX_TranslucentBSDF.uasset" 572
"../../../Engine/Plugins/Interchange/Assets/Content/Functions/MX_TranslucentBSDF.uexp" 573
"../../../Engine/Plugins/Interchange/Assets/Content/Functions/MX_ThinFilmBSDF.uasset" 574
"../../../Engine/Plugins/Interchange/Assets/Content/Functions/MX_ThinFilmBSDF.uexp" 575
"../../../Engine/Plugins/Interchange/Assets/Content/Functions/MX_SurfaceUnlit.uasset" 576
"../../../Engine/Plugins/Interchange/Assets/Content/Functions/MX_SurfaceUnlit.uexp" 577
"../../../Engine/Plugins/Interchange/Assets/Content/Functions/MX_Surface.uasset" 578
"../../../Engine/Plugins/Interchange/Assets/Content/Functions/MX_Surface.uexp" 579
"../../../Engine/Plugins/Interchange/Assets/Content/Functions/MX_SubsurfaceBSDF.uasset" 580
"../../../Engine/Plugins/Interchange/Assets/Content/Functions/MX_SubsurfaceBSDF.uexp" 581
"../../../Engine/Plugins/Interchange/Assets/Content/Functions/MX_SheenBSDF.uasset" 582
"../../../Engine/Plugins/Interchange/Assets/Content/Functions/MX_SheenBSDF.uexp" 583
"../../../Engine/Plugins/Interchange/Assets/Content/Functions/MX_OrenNayarBSDF.uasset" 584
"../../../Engine/Plugins/Interchange/Assets/Content/Functions/MX_OrenNayarBSDF.uexp" 585
"../../../Engine/Plugins/Interchange/Assets/Content/Functions/MF_IridescenceNoLUT.uasset" 586
"../../../Engine/Plugins/Interchange/Assets/Content/Functions/MF_IridescenceNoLUT.uexp" 587
"../../../Engine/Plugins/Interchange/Assets/Content/Functions/MX_StandardSurface.uasset" 588
"../../../Engine/Plugins/Interchange/Assets/Content/Functions/MX_StandardSurface.uexp" 589
"../../../Engine/Plugins/Interchange/Assets/Content/Functions/MX_TransmissionSurface.uasset" 590
"../../../Engine/Plugins/Interchange/Assets/Content/Functions/MX_TransmissionSurface.uexp" 591
"../../../Engine/Plugins/Interchange/Assets/Content/Functions/MX_OpenPBR_Translucent.uasset" 592
"../../../Engine/Plugins/Interchange/Assets/Content/Functions/MX_OpenPBR_Translucent.uexp" 593
"../../../Engine/Plugins/Interchange/Assets/Content/Functions/MX_OpenPBR_Opaque.uasset" 594
"../../../Engine/Plugins/Interchange/Assets/Content/Functions/MX_OpenPBR_Opaque.uexp" 595
"../../../Engine/Plugins/Interchange/Assets/Content/Functions/MX_MeasuredEDF.uasset" 596
"../../../Engine/Plugins/Interchange/Assets/Content/Functions/MX_MeasuredEDF.uexp" 597
"../../../Engine/Plugins/Interchange/Assets/Content/Functions/MX_GeneralizedSchlickBSDF.uasset" 598
"../../../Engine/Plugins/Interchange/Assets/Content/Functions/MX_GeneralizedSchlickBSDF.uexp" 599
"../../../Engine/Content/Functions/Engine_MaterialFunctions02/Utility/BlendAngleCorrectedNormals.uasset" 600
"../../../Engine/Content/Functions/Engine_MaterialFunctions02/Utility/BlendAngleCorrectedNormals.uexp" 601
"../../../Engine/Plugins/Interchange/Assets/Content/Functions/MX_Displacement.uasset" 602
"../../../Engine/Plugins/Interchange/Assets/Content/Functions/MX_Displacement.uexp" 603
"../../../Engine/Plugins/Interchange/Assets/Content/Functions/MX_DielectricBSDF.uasset" 604
"../../../Engine/Plugins/Interchange/Assets/Content/Functions/MX_DielectricBSDF.uexp" 605
"../../../Engine/Plugins/Interchange/Assets/Content/Functions/MX_ConicalEDF.uasset" 606
"../../../Engine/Plugins/Interchange/Assets/Content/Functions/MX_ConicalEDF.uexp" 607
"../../../Engine/Plugins/Interchange/Assets/Content/Functions/MX_ConductorBSDF.uasset" 608
"../../../Engine/Plugins/Interchange/Assets/Content/Functions/MX_ConductorBSDF.uexp" 609
"../../../Engine/Plugins/Interchange/Assets/Content/Functions/MX_BurleyDiffuseBSDF.uasset" 610
"../../../Engine/Plugins/Interchange/Assets/Content/Functions/MX_BurleyDiffuseBSDF.uexp" 611
"../../../Engine/Plugins/Interchange/Assets/Content/Functions/MX_AnisotropicVDF.uasset" 612
"../../../Engine/Plugins/Interchange/Assets/Content/Functions/MX_AnisotropicVDF.uexp" 613
"../../../Engine/Plugins/Interchange/Assets/Content/Functions/MX_AbsorptionVDF.uasset" 614
"../../../Engine/Plugins/Interchange/Assets/Content/Functions/MX_AbsorptionVDF.uexp" 615
"../../../Engine/Plugins/Experimental/Water/Content/Meshes/RiverMesh.ubulk" 616
"../../../Engine/Plugins/Experimental/Water/Content/Meshes/RiverMesh.uasset" 617
"../../../Engine/Plugins/Experimental/Water/Content/Meshes/RiverMesh.uexp" 618
"../../../Engine/Plugins/Experimental/Water/Content/Meshes/LakeMesh.ubulk" 619
"../../../Engine/Plugins/Experimental/Water/Content/Meshes/LakeMesh.uasset" 620
"../../../Engine/Plugins/Experimental/Water/Content/Meshes/LakeMesh.uexp" 621
"../../../Engine/Plugins/Experimental/Water/Content/Curves/FloatCurve_WaterBodyIsland.uasset" 622
"../../../Engine/Plugins/Experimental/Water/Content/Curves/FloatCurve_WaterBodyIsland.uexp" 623
"../../../Engine/Content/EditorMaterials/Dataflow/DataflowVertexMaterial.uasset" 624
"../../../Engine/Content/EditorMaterials/Dataflow/DataflowVertexMaterial.uexp" 625
"../../../Engine/Content/EditorMaterials/Dataflow/DataflowTwoSidedVertexMaterial.uasset" 626
"../../../Engine/Content/EditorMaterials/Dataflow/DataflowTwoSidedVertexMaterial.uexp" 627
"../../../Engine/Content/EditorSounds/GamePreview/EjectFromPlayer.ubulk" 628
"../../../Engine/Content/EditorSounds/GamePreview/EjectFromPlayer.uasset" 629
"../../../Engine/Content/EditorSounds/GamePreview/EjectFromPlayer.uexp" 630
"../../../Engine/Content/EditorSounds/GamePreview/EjectFromPlayer_Cue.uasset" 631
"../../../Engine/Content/EditorSounds/GamePreview/EjectFromPlayer_Cue.uexp" 632
"../../../Engine/Content/EditorMaterials/Camera/CineMat.uasset" 633
"../../../Engine/Content/EditorMaterials/Camera/CineMat.uexp" 634
"../../../Engine/Content/EditorMaterials/Camera/MI_CineMat_Rig.uasset" 635
"../../../Engine/Content/EditorMaterials/Camera/MI_CineMat_Rig.uexp" 636
"../../../Engine/Content/EditorMeshes/Camera/SM_RailRig_Track.ubulk" 637
"../../../Engine/Content/EditorMeshes/Camera/SM_RailRig_Track.uasset" 638
"../../../Engine/Content/EditorMeshes/Camera/SM_RailRig_Track.uexp" 639
"../../../Engine/Content/EditorMeshes/Camera/SM_RailRig_Mount.ubulk" 640
"../../../Engine/Content/EditorMeshes/Camera/SM_RailRig_Mount.uasset" 641
"../../../Engine/Content/EditorMeshes/Camera/SM_RailRig_Mount.uexp" 642
"../../../Engine/Content/EditorMeshes/Camera/SM_CraneRig_Mount.ubulk" 643
"../../../Engine/Content/EditorMeshes/Camera/SM_CraneRig_Mount.uasset" 644
"../../../Engine/Content/EditorMeshes/Camera/SM_CraneRig_Mount.uexp" 645
"../../../Engine/Content/EditorMeshes/Camera/SM_CraneRig_Body.ubulk" 646
"../../../Engine/Content/EditorMeshes/Camera/SM_CraneRig_Body.uasset" 647
"../../../Engine/Content/EditorMeshes/Camera/SM_CraneRig_Body.uexp" 648
"../../../Engine/Content/EditorMeshes/Camera/SM_CraneRig_Base.ubulk" 649
"../../../Engine/Content/EditorMeshes/Camera/SM_CraneRig_Base.uasset" 650
"../../../Engine/Content/EditorMeshes/Camera/SM_CraneRig_Base.uexp" 651
"../../../Engine/Content/EditorMeshes/Camera/SM_CraneRig_Arm.ubulk" 652
"../../../Engine/Content/EditorMeshes/Camera/SM_CraneRig_Arm.uasset" 653
"../../../Engine/Content/EditorMeshes/Camera/SM_CraneRig_Arm.uexp" 654
"../../../Engine/Plugins/Experimental/Landmass/Content/Landscape/Meshes/S_SpritePlane.ubulk" 655
"../../../Engine/Plugins/Experimental/Landmass/Content/Landscape/Meshes/S_SpritePlane.uasset" 656
"../../../Engine/Plugins/Experimental/Landmass/Content/Landscape/Meshes/S_SpritePlane.uexp" 657
"../../../Engine/Content/VREditor/TransformGizmo/Xray.uasset" 658
"../../../Engine/Content/VREditor/TransformGizmo/Xray.uexp" 659
"../../../Engine/Content/VREditor/TransformGizmo/Main.uasset" 660
"../../../Engine/Content/VREditor/TransformGizmo/Main.uexp" 661
"../../../Engine/Content/VREditor/TransformGizmo/SM_Sequencer_Node.ubulk" 662
"../../../Engine/Content/VREditor/TransformGizmo/SM_Sequencer_Node.uasset" 663
"../../../Engine/Content/VREditor/TransformGizmo/SM_Sequencer_Node.uexp" 664
"../../../Engine/Content/VREditor/TransformGizmo/TranslucentTransformGizmoMaterial.uasset" 665
"../../../Engine/Content/VREditor/TransformGizmo/TranslucentTransformGizmoMaterial.uexp" 666
"../../../Engine/Content/VREditor/LaserPointer/VR_LaserPower_01.ubulk" 667
"../../../Engine/Content/VREditor/LaserPointer/VR_LaserPower_01.uasset" 668
"../../../Engine/Content/VREditor/LaserPointer/VR_LaserPower_01.uexp" 669
"../../../Engine/Content/VREditor/TransformGizmo/TransformGizmoMaterial.uasset" 670
"../../../Engine/Content/VREditor/TransformGizmo/TransformGizmoMaterial.uexp" 671
"../../../Engine/Content/VREditor/TransformGizmo/BoundingBoxEdge.ubulk" 672
"../../../Engine/Content/VREditor/TransformGizmo/BoundingBoxEdge.uasset" 673
"../../../Engine/Content/VREditor/TransformGizmo/BoundingBoxEdge.uexp" 674
"../../../Engine/Content/VREditor/TransformGizmo/BoundingBoxCorner.ubulk" 675
"../../../Engine/Content/VREditor/TransformGizmo/BoundingBoxCorner.uasset" 676
"../../../Engine/Content/VREditor/TransformGizmo/BoundingBoxCorner.uexp" 677
"D:/UNDERWATER_TEST01-5.2-5.6/Content/EPickups.uasset" 678
"D:/UNDERWATER_TEST01-5.2-5.6/Content/EPickups.uexp" 679
"../../../Engine/Content/EditorBlueprintResources/StandardMacros.uasset" 680
"../../../Engine/Content/EditorBlueprintResources/StandardMacros.uexp" 681
"D:/UNDERWATER_TEST01-5.2-5.6/Content/Game_Systems/DialogueSystem/BluePrint_Interactable.uasset" 682
"D:/UNDERWATER_TEST01-5.2-5.6/Content/Game_Systems/DialogueSystem/BluePrint_Interactable.uexp" 683
"../../../Engine/Content/VREditor/Devices/Vive/VivePreController_MasksB.ubulk" 684
"../../../Engine/Content/VREditor/Devices/Vive/VivePreController_MasksB.uasset" 685
"../../../Engine/Content/VREditor/Devices/Vive/VivePreController_MasksB.uexp" 686
"../../../Engine/Content/VREditor/Devices/Vive/VivePreController_MasksA.ubulk" 687
"../../../Engine/Content/VREditor/Devices/Vive/VivePreController_MasksA.uasset" 688
"../../../Engine/Content/VREditor/Devices/Vive/VivePreController_MasksA.uexp" 689
"../../../Engine/Content/VREditor/Devices/Vive/VivePreControllerSpec.ubulk" 690
"../../../Engine/Content/VREditor/Devices/Vive/VivePreControllerSpec.uasset" 691
"../../../Engine/Content/VREditor/Devices/Vive/VivePreControllerSpec.uexp" 692
"../../../Engine/Content/VREditor/Devices/Vive/T_VivePreController_EM.uasset" 693
"../../../Engine/Content/VREditor/Devices/Vive/T_VivePreController_EM.uexp" 694
"../../../Engine/Content/VREditor/Devices/Vive/VivePreControllerDiffuse.ubulk" 695
"../../../Engine/Content/VREditor/Devices/Vive/VivePreControllerDiffuse.uasset" 696
"../../../Engine/Content/VREditor/Devices/Vive/VivePreControllerDiffuse.uexp" 697
"../../../Engine/Content/VREditor/Devices/Vive/VivePreControllerMaterial.uasset" 698
"../../../Engine/Content/VREditor/Devices/Vive/VivePreControllerMaterial.uexp" 699
"../../../Engine/Content/VREditor/Devices/Vive/VivePreControllerMaterial_Inst.uasset" 700
"../../../Engine/Content/VREditor/Devices/Vive/VivePreControllerMaterial_Inst.uexp" 701
"../../../Engine/Content/VREditor/Devices/Vive/VivePreControllerMesh.ubulk" 702
"../../../Engine/Content/VREditor/Devices/Vive/VivePreControllerMesh.uasset" 703
"../../../Engine/Content/VREditor/Devices/Vive/VivePreControllerMesh.uexp" 704
"../../../Engine/Content/EditorMeshes/AnimTreeEd_PreviewFloor.ubulk" 705
"../../../Engine/Content/EditorMeshes/AnimTreeEd_PreviewFloor.uasset" 706
"../../../Engine/Content/EditorMeshes/AnimTreeEd_PreviewFloor.uexp" 707
"D:/UNDERWATER_TEST01-5.2-5.6/Content/StarterContent/Textures/T_Frame_N.ubulk" 708
"D:/UNDERWATER_TEST01-5.2-5.6/Content/StarterContent/Textures/T_Frame_N.uasset" 709
"D:/UNDERWATER_TEST01-5.2-5.6/Content/StarterContent/Textures/T_Frame_N.uexp" 710
"D:/UNDERWATER_TEST01-5.2-5.6/Content/StarterContent/Textures/T_Frame_M.ubulk" 711
"D:/UNDERWATER_TEST01-5.2-5.6/Content/StarterContent/Textures/T_Frame_M.uasset" 712
"D:/UNDERWATER_TEST01-5.2-5.6/Content/StarterContent/Textures/T_Frame_M.uexp" 713
"D:/UNDERWATER_TEST01-5.2-5.6/Content/StarterContent/Props/Materials/M_Frame.uasset" 714
"D:/UNDERWATER_TEST01-5.2-5.6/Content/StarterContent/Props/Materials/M_Frame.uexp" 715
"D:/UNDERWATER_TEST01-5.2-5.6/Content/StarterContent/Props/SM_CornerFrame.ubulk" 716
"D:/UNDERWATER_TEST01-5.2-5.6/Content/StarterContent/Props/SM_CornerFrame.uasset" 717
"D:/UNDERWATER_TEST01-5.2-5.6/Content/StarterContent/Props/SM_CornerFrame.uexp" 718
"D:/UNDERWATER_TEST01-5.2-5.6/Content/StarterContent/Textures/T_Chair_N.ubulk" 719
"D:/UNDERWATER_TEST01-5.2-5.6/Content/StarterContent/Textures/T_Chair_N.uasset" 720
"D:/UNDERWATER_TEST01-5.2-5.6/Content/StarterContent/Textures/T_Chair_N.uexp" 721
"D:/UNDERWATER_TEST01-5.2-5.6/Content/StarterContent/Textures/T_Chair_M.ubulk" 722
"D:/UNDERWATER_TEST01-5.2-5.6/Content/StarterContent/Textures/T_Chair_M.uasset" 723
"D:/UNDERWATER_TEST01-5.2-5.6/Content/StarterContent/Textures/T_Chair_M.uexp" 724
"D:/UNDERWATER_TEST01-5.2-5.6/Content/StarterContent/Props/Materials/M_Chair.uasset" 725
"D:/UNDERWATER_TEST01-5.2-5.6/Content/StarterContent/Props/Materials/M_Chair.uexp" 726
"D:/UNDERWATER_TEST01-5.2-5.6/Content/StarterContent/Props/SM_Couch.ubulk" 727
"D:/UNDERWATER_TEST01-5.2-5.6/Content/StarterContent/Props/SM_Couch.uasset" 728
"D:/UNDERWATER_TEST01-5.2-5.6/Content/StarterContent/Props/SM_Couch.uexp" 729
"D:/UNDERWATER_TEST01-5.2-5.6/Content/Corals/coral_models/coral_disorders_/Staghorn_coral3_4_d.ubulk" 730
"D:/UNDERWATER_TEST01-5.2-5.6/Content/Corals/coral_models/coral_disorders_/Staghorn_coral3_4_d.uasset" 731
"D:/UNDERWATER_TEST01-5.2-5.6/Content/Corals/coral_models/coral_disorders_/Staghorn_coral3_4_d.uexp" 732
"D:/UNDERWATER_TEST01-5.2-5.6/Content/FirstPerson/Blueprints/BP_Pickup.uasset" 733
"D:/UNDERWATER_TEST01-5.2-5.6/Content/FirstPerson/Blueprints/BP_Pickup.uexp" 734
"D:/UNDERWATER_TEST01-5.2-5.6/Content/FirstPerson/Input/Actions/IA_Interact.uasset" 735
"D:/UNDERWATER_TEST01-5.2-5.6/Content/FirstPerson/Input/Actions/IA_Interact.uexp" 736
"D:/UNDERWATER_TEST01-5.2-5.6/Content/FirstPerson/Input/Actions/IA_Move.uasset" 737
"D:/UNDERWATER_TEST01-5.2-5.6/Content/FirstPerson/Input/Actions/IA_Move.uexp" 738
"D:/UNDERWATER_TEST01-5.2-5.6/Content/FirstPerson/Input/Actions/IA_Look.uasset" 739
"D:/UNDERWATER_TEST01-5.2-5.6/Content/FirstPerson/Input/Actions/IA_Look.uexp" 740
"D:/UNDERWATER_TEST01-5.2-5.6/Content/FirstPerson/Input/Actions/IA_Jump.uasset" 741
"D:/UNDERWATER_TEST01-5.2-5.6/Content/FirstPerson/Input/Actions/IA_Jump.uexp" 742
"D:/UNDERWATER_TEST01-5.2-5.6/Content/FirstPerson/Input/IMC_Default.uasset" 743
"D:/UNDERWATER_TEST01-5.2-5.6/Content/FirstPerson/Input/IMC_Default.uexp" 744
"D:/UNDERWATER_TEST01-5.2-5.6/Content/Game_Systems/Component/BPC_Interact.uasset" 745
"D:/UNDERWATER_TEST01-5.2-5.6/Content/Game_Systems/Component/BPC_Interact.uexp" 746
"D:/UNDERWATER_TEST01-5.2-5.6/Content/FirstPersonArms/Character/Mesh/SK_Mannequin_Arms_Skeleton.uasset" 747
"D:/UNDERWATER_TEST01-5.2-5.6/Content/FirstPersonArms/Character/Mesh/SK_Mannequin_Arms_Skeleton.uexp" 748
"D:/UNDERWATER_TEST01-5.2-5.6/Content/FirstPersonArms/Character/Mesh/SK_Mannequin_Arms_PhysicsAsset.uasset" 749
"D:/UNDERWATER_TEST01-5.2-5.6/Content/FirstPersonArms/Character/Mesh/SK_Mannequin_Arms_PhysicsAsset.uexp" 750
"../../../Engine/Content/Functions/MaterialLayerFunctions/MatLayerBlend_Simple.uasset" 751
"../../../Engine/Content/Functions/MaterialLayerFunctions/MatLayerBlend_Simple.uexp" 752
"../../../Engine/Content/Functions/MaterialLayerFunctions/MatLayerBlend_NormalBlend.uasset" 753
"../../../Engine/Content/Functions/MaterialLayerFunctions/MatLayerBlend_NormalBlend.uexp" 754
"D:/UNDERWATER_TEST01-5.2-5.6/Content/FirstPersonArms/Character/Textures/UE4_Mannequin__normals.ubulk" 755
"D:/UNDERWATER_TEST01-5.2-5.6/Content/FirstPersonArms/Character/Textures/UE4_Mannequin__normals.uasset" 756
"D:/UNDERWATER_TEST01-5.2-5.6/Content/FirstPersonArms/Character/Textures/UE4_Mannequin__normals.uexp" 757
"D:/UNDERWATER_TEST01-5.2-5.6/Content/FirstPersonArms/Character/Textures/UE4_Mannequin_MAT_MASKA.ubulk" 758
"D:/UNDERWATER_TEST01-5.2-5.6/Content/FirstPersonArms/Character/Textures/UE4_Mannequin_MAT_MASKA.uasset" 759
"D:/UNDERWATER_TEST01-5.2-5.6/Content/FirstPersonArms/Character/Textures/UE4_Mannequin_MAT_MASKA.uexp" 760
"D:/UNDERWATER_TEST01-5.2-5.6/Content/FirstPersonArms/Character/Materials/MaterialLayers/T_ML_Aluminum01_N.ubulk" 761
"D:/UNDERWATER_TEST01-5.2-5.6/Content/FirstPersonArms/Character/Materials/MaterialLayers/T_ML_Aluminum01_N.uasset" 762
"D:/UNDERWATER_TEST01-5.2-5.6/Content/FirstPersonArms/Character/Materials/MaterialLayers/T_ML_Aluminum01_N.uexp" 763
"D:/UNDERWATER_TEST01-5.2-5.6/Content/FirstPersonArms/Character/Materials/MaterialLayers/T_ML_Aluminum01.ubulk" 764
"D:/UNDERWATER_TEST01-5.2-5.6/Content/FirstPersonArms/Character/Materials/MaterialLayers/T_ML_Aluminum01.uasset" 765
"D:/UNDERWATER_TEST01-5.2-5.6/Content/FirstPersonArms/Character/Materials/MaterialLayers/T_ML_Aluminum01.uexp" 766
"D:/UNDERWATER_TEST01-5.2-5.6/Content/FirstPersonArms/Character/Materials/MaterialLayers/ML_SoftMetal_UE4.uasset" 767
"D:/UNDERWATER_TEST01-5.2-5.6/Content/FirstPersonArms/Character/Materials/MaterialLayers/ML_SoftMetal_UE4.uexp" 768
"D:/UNDERWATER_TEST01-5.2-5.6/Content/FirstPersonArms/Character/Textures/UE4_LOGO_CARD.ubulk" 769
"D:/UNDERWATER_TEST01-5.2-5.6/Content/FirstPersonArms/Character/Textures/UE4_LOGO_CARD.uasset" 770
"D:/UNDERWATER_TEST01-5.2-5.6/Content/FirstPersonArms/Character/Textures/UE4_LOGO_CARD.uexp" 771
"D:/UNDERWATER_TEST01-5.2-5.6/Content/FirstPersonArms/Character/Materials/MaterialLayers/ML_Plastic_Shiny_Beige_LOGO.uasset" 772
"D:/UNDERWATER_TEST01-5.2-5.6/Content/FirstPersonArms/Character/Materials/MaterialLayers/ML_Plastic_Shiny_Beige_LOGO.uexp" 773
"D:/UNDERWATER_TEST01-5.2-5.6/Content/FirstPersonArms/Character/Materials/MaterialLayers/ML_Plastic_Shiny_Beige.uasset" 774
"D:/UNDERWATER_TEST01-5.2-5.6/Content/FirstPersonArms/Character/Materials/MaterialLayers/ML_Plastic_Shiny_Beige.uexp" 775
"D:/UNDERWATER_TEST01-5.2-5.6/Content/FirstPersonArms/Character/Materials/MaterialLayers/T_ML_Rubber_Blue_01_N.ubulk" 776
"D:/UNDERWATER_TEST01-5.2-5.6/Content/FirstPersonArms/Character/Materials/MaterialLayers/T_ML_Rubber_Blue_01_N.uasset" 777
"D:/UNDERWATER_TEST01-5.2-5.6/Content/FirstPersonArms/Character/Materials/MaterialLayers/T_ML_Rubber_Blue_01_N.uexp" 778
"D:/UNDERWATER_TEST01-5.2-5.6/Content/FirstPersonArms/Character/Materials/MaterialLayers/T_ML_Rubber_Blue_01_D.ubulk" 779
"D:/UNDERWATER_TEST01-5.2-5.6/Content/FirstPersonArms/Character/Materials/MaterialLayers/T_ML_Rubber_Blue_01_D.uasset" 780
"D:/UNDERWATER_TEST01-5.2-5.6/Content/FirstPersonArms/Character/Materials/MaterialLayers/T_ML_Rubber_Blue_01_D.uexp" 781
"D:/UNDERWATER_TEST01-5.2-5.6/Content/FirstPersonArms/Character/Materials/MaterialLayers/ML_GlossyBlack_Latex_UE4.uasset" 782
"D:/UNDERWATER_TEST01-5.2-5.6/Content/FirstPersonArms/Character/Materials/MaterialLayers/ML_GlossyBlack_Latex_UE4.uexp" 783
"D:/UNDERWATER_TEST01-5.2-5.6/Content/FirstPersonArms/Character/Materials/M_UE4Man_Body.uasset" 784
"D:/UNDERWATER_TEST01-5.2-5.6/Content/FirstPersonArms/Character/Materials/M_UE4Man_Body.uexp" 785
"D:/UNDERWATER_TEST01-5.2-5.6/Content/FirstPersonArms/Character/Mesh/SK_Mannequin_Arms.uasset" 786
"D:/UNDERWATER_TEST01-5.2-5.6/Content/FirstPersonArms/Character/Mesh/SK_Mannequin_Arms.uexp" 787
"../../../Engine/Content/Animation/DefaultRecorderBoneCompression.uasset" 788
"../../../Engine/Content/Animation/DefaultRecorderBoneCompression.uexp" 789
"../../../Engine/Content/Animation/DefaultAnimCurveCompressionSettings.uasset" 790
"../../../Engine/Content/Animation/DefaultAnimCurveCompressionSettings.uexp" 791
"D:/UNDERWATER_TEST01-5.2-5.6/Content/FirstPersonArms/Animations/FP_Run_Fwd.uasset" 792
"D:/UNDERWATER_TEST01-5.2-5.6/Content/FirstPersonArms/Animations/FP_Run_Fwd.uexp" 793
"../../../Engine/Content/Animation/DefaultAnimBoneCompressionSettings.uasset" 794
"../../../Engine/Content/Animation/DefaultAnimBoneCompressionSettings.uexp" 795
"D:/UNDERWATER_TEST01-5.2-5.6/Content/FirstPersonArms/Animations/FP_Rifle_Run.uasset" 796
"D:/UNDERWATER_TEST01-5.2-5.6/Content/FirstPersonArms/Animations/FP_Rifle_Run.uexp" 797
"D:/UNDERWATER_TEST01-5.2-5.6/Content/FirstPersonArms/Animations/FP_Rifle_Land.uasset" 798
"D:/UNDERWATER_TEST01-5.2-5.6/Content/FirstPersonArms/Animations/FP_Rifle_Land.uexp" 799
"D:/UNDERWATER_TEST01-5.2-5.6/Content/FirstPersonArms/Animations/FP_Rifle_Jump.uasset" 800
"D:/UNDERWATER_TEST01-5.2-5.6/Content/FirstPersonArms/Animations/FP_Rifle_Jump.uexp" 801
"D:/UNDERWATER_TEST01-5.2-5.6/Content/FirstPersonArms/Animations/FP_Rifle_Idle.uasset" 802
"D:/UNDERWATER_TEST01-5.2-5.6/Content/FirstPersonArms/Animations/FP_Rifle_Idle.uexp" 803
"D:/UNDERWATER_TEST01-5.2-5.6/Content/FirstPersonArms/Animations/FP_Rifle_Falling.uasset" 804
"D:/UNDERWATER_TEST01-5.2-5.6/Content/FirstPersonArms/Animations/FP_Rifle_Falling.uexp" 805
"D:/UNDERWATER_TEST01-5.2-5.6/Content/FirstPersonArms/Animations/FP_Land.uasset" 806
"D:/UNDERWATER_TEST01-5.2-5.6/Content/FirstPersonArms/Animations/FP_Land.uexp" 807
"D:/UNDERWATER_TEST01-5.2-5.6/Content/FirstPersonArms/Animations/FP_Jump.uasset" 808
"D:/UNDERWATER_TEST01-5.2-5.6/Content/FirstPersonArms/Animations/FP_Jump.uexp" 809
"D:/UNDERWATER_TEST01-5.2-5.6/Content/FirstPersonArms/Animations/FP_Idle.uasset" 810
"D:/UNDERWATER_TEST01-5.2-5.6/Content/FirstPersonArms/Animations/FP_Idle.uexp" 811
"D:/UNDERWATER_TEST01-5.2-5.6/Content/FirstPersonArms/Animations/FP_Falling.uasset" 812
"D:/UNDERWATER_TEST01-5.2-5.6/Content/FirstPersonArms/Animations/FP_Falling.uexp" 813
"D:/UNDERWATER_TEST01-5.2-5.6/Content/FirstPersonArms/Animations/FirstPerson_AnimBP.uasset" 814
"D:/UNDERWATER_TEST01-5.2-5.6/Content/FirstPersonArms/Animations/FirstPerson_AnimBP.uexp" 815
"D:/UNDERWATER_TEST01-5.2-5.6/Content/FirstPerson/Blueprints/BP_FirstPersonCharacter.uasset" 816
"D:/UNDERWATER_TEST01-5.2-5.6/Content/FirstPerson/Blueprints/BP_FirstPersonCharacter.uexp" 817
"D:/UNDERWATER_TEST01-5.2-5.6/Content/FirstPerson/Blueprints/BP_FirstPersonGameMode.uasset" 818
"D:/UNDERWATER_TEST01-5.2-5.6/Content/FirstPerson/Blueprints/BP_FirstPersonGameMode.uexp" 819
"../../../Engine/Content/Functions/Engine_MaterialFunctions01/Shading/PowerToRoughness.uasset" 820
"../../../Engine/Content/Functions/Engine_MaterialFunctions01/Shading/PowerToRoughness.uexp" 821
"../../../Engine/Content/Functions/Engine_MaterialFunctions01/Shading/ConvertFromDiffSpec.uasset" 822
"../../../Engine/Content/Functions/Engine_MaterialFunctions01/Shading/ConvertFromDiffSpec.uexp" 823
"../../../Engine/Content/EngineMaterials/Substrate/Glints2/AGlintTex2dArray2.uasset" 824
"../../../Engine/Content/EngineMaterials/Substrate/Glints2/AGlintTex2dArray2.uexp" 825
"../../../Engine/Content/EngineMaterials/Substrate/GLints/AGlintTex2dArray.uasset" 826
"../../../Engine/Content/EngineMaterials/Substrate/GLints/AGlintTex2dArray.uexp" 827
"../../../Engine/Content/ArtTools/RenderToTexture/Meshes/S_1_Unit_Plane.ubulk" 828
"../../../Engine/Content/ArtTools/RenderToTexture/Meshes/S_1_Unit_Plane.uasset" 829
"../../../Engine/Content/ArtTools/RenderToTexture/Meshes/S_1_Unit_Plane.uexp" 830
"../../../Engine/Content/Functions/Engine_MaterialFunctions02/WorldPositionOffset/ComponentPivotLocation.uasset" 831
"../../../Engine/Content/Functions/Engine_MaterialFunctions02/WorldPositionOffset/ComponentPivotLocation.uexp" 832
"../../../Engine/Content/EditorResources/S_Terrain.ubulk" 833
"../../../Engine/Content/EditorResources/S_Terrain.uasset" 834
"../../../Engine/Content/EditorResources/S_Terrain.uexp" 835
"../../../Engine/Content/Functions/Engine_MaterialFunctions02/WorldPositionOffset/V2/ObjectScale.uasset" 836
"../../../Engine/Content/Functions/Engine_MaterialFunctions02/WorldPositionOffset/V2/ObjectScale.uexp" 837
"../../../Engine/Content/Functions/Engine_MaterialFunctions02/WorldPositionOffset/Sprite.uasset" 838
"../../../Engine/Content/Functions/Engine_MaterialFunctions02/WorldPositionOffset/Sprite.uexp" 839
"../../../Engine/Plugins/Experimental/Landmass/Content/Landscape/BlueprintBrushes/Materials/Sprite/M_BrushSprite_01.uasset" 840
"../../../Engine/Plugins/Experimental/Landmass/Content/Landscape/BlueprintBrushes/Materials/Sprite/M_BrushSprite_01.uexp" 841
"../../../Engine/Content/EditorMaterials/TilingAALineIntegral.uasset" 842
"../../../Engine/Content/EditorMaterials/TilingAALineIntegral.uexp" 843
"../../../Engine/Content/EditorMaterials/TilingAALineBoxFiltered.uasset" 844
"../../../Engine/Content/EditorMaterials/TilingAALineBoxFiltered.uexp" 845
"../../../Engine/Content/Functions/Engine_MaterialFunctions03/Procedurals/ComputeFilterWidth.uasset" 846
"../../../Engine/Content/Functions/Engine_MaterialFunctions03/Procedurals/ComputeFilterWidth.uexp" 847
"../../../Engine/Content/EngineMaterials/BlendFunc_DefBlend.uasset" 848
"../../../Engine/Content/EngineMaterials/BlendFunc_DefBlend.uexp" 849
"../../../Engine/Content/EngineMaterials/BlendFunc_DefBase.uasset" 850
"../../../Engine/Content/EngineMaterials/BlendFunc_DefBase.uexp" 851
"../../../Engine/Content/Functions/Engine_MaterialFunctions03/Blends/Blend_Screen.uasset" 852
"../../../Engine/Content/Functions/Engine_MaterialFunctions03/Blends/Blend_Screen.uexp" 853
"../../../Engine/Content/EditorMaterials/TilingAAGrid.uasset" 854
"../../../Engine/Content/EditorMaterials/TilingAAGrid.uexp" 855
"../../../Engine/Content/EngineResources/Black_Low.uasset" 856
"../../../Engine/Content/EngineResources/Black_Low.uexp" 857
"../../../Engine/Plugins/Experimental/Landmass/Content/Landscape/BlueprintBrushes/MPC/MPC_Landscape.uasset" 858
"../../../Engine/Plugins/Experimental/Landmass/Content/Landscape/BlueprintBrushes/MPC/MPC_Landscape.uexp" 859
"../../../Engine/Plugins/Experimental/Landmass/Content/Landscape/BlueprintBrushes/MF/PointSampleLandscapeUVs.uasset" 860
"../../../Engine/Plugins/Experimental/Landmass/Content/Landscape/BlueprintBrushes/MF/PointSampleLandscapeUVs.uexp" 861
"../../../Engine/Content/Functions/Engine_MaterialFunctions01/ImageAdjustment/SCurve.uasset" 862
"../../../Engine/Content/Functions/Engine_MaterialFunctions01/ImageAdjustment/SCurve.uexp" 863
"../../../Engine/Plugins/Experimental/Landmass/Content/Landscape/OldPrototype_BP/Mats/MF/UnpackRG8Height.uasset" 864
"../../../Engine/Plugins/Experimental/Landmass/Content/Landscape/OldPrototype_BP/Mats/MF/UnpackRG8Height.uexp" 865
"../../../Engine/Content/ArtTools/RenderToTexture/Textures/T_EV_BlankWhite_01.uasset" 866
"../../../Engine/Content/ArtTools/RenderToTexture/Textures/T_EV_BlankWhite_01.uexp" 867
"../../../Engine/Plugins/Experimental/Landmass/Content/Landscape/BlueprintBrushes/MF/LandmassBrush_UVs.uasset" 868
"../../../Engine/Plugins/Experimental/Landmass/Content/Landscape/BlueprintBrushes/MF/LandmassBrush_UVs.uexp" 869
"../../../Engine/Plugins/Experimental/Landmass/Content/Landscape/BlueprintBrushes/MF/Landmass_BrushTilt.uasset" 870
"../../../Engine/Plugins/Experimental/Landmass/Content/Landscape/BlueprintBrushes/MF/Landmass_BrushTilt.uexp" 871
"../../../Engine/Plugins/Experimental/Landmass/Content/Landscape/BlueprintBrushes/MF/LandmassBrush_EdgeFalloff.uasset" 872
"../../../Engine/Plugins/Experimental/Landmass/Content/Landscape/BlueprintBrushes/MF/LandmassBrush_EdgeFalloff.uexp" 873
"../../../Engine/Plugins/Experimental/Landmass/Content/Landscape/BlueprintBrushes/MF/LandmassBrush_Noise.uasset" 874
"../../../Engine/Plugins/Experimental/Landmass/Content/Landscape/BlueprintBrushes/MF/LandmassBrush_Noise.uexp" 875
"../../../Engine/Plugins/Experimental/Landmass/Content/Landscape/BlueprintBrushes/Materials/BrushMaterials/BasicFunctions/LandmassBrush_ShapeMask.uasset" 876
"../../../Engine/Plugins/Experimental/Landmass/Content/Landscape/BlueprintBrushes/Materials/BrushMaterials/BasicFunctions/LandmassBrush_ShapeMask.uexp" 877
"../../../Engine/Plugins/Experimental/Landmass/Content/Landscape/BlueprintBrushes/Materials/Internal/BrushBounds.uasset" 878
"../../../Engine/Plugins/Experimental/Landmass/Content/Landscape/BlueprintBrushes/Materials/Internal/BrushBounds.uexp" 879
"../../../Engine/Content/EngineResources/DefaultTextureCube.uasset" 880
"../../../Engine/Content/EngineResources/DefaultTextureCube.uexp" 881
"../../../Engine/Content/EngineMaterials/Substrate/Volume/SubstrateSimpleVolumeEnvLUT3D.uasset" 882
"../../../Engine/Content/EngineMaterials/Substrate/Volume/SubstrateSimpleVolumeEnvLUT3D.uexp" 883
"../../../Engine/Content/EngineMaterials/Substrate/Volume/SubstrateSimpleVolumeLUT3D.uasset" 884
"../../../Engine/Content/EngineMaterials/Substrate/Volume/SubstrateSimpleVolumeLUT3D.uexp" 885
"../../../Engine/Content/Functions/Engine_MaterialFunctions02/Math/Transform3x3Matrix.uasset" 886
"../../../Engine/Content/Functions/Engine_MaterialFunctions02/Math/Transform3x3Matrix.uexp" 887
"../../../Engine/Content/Functions/Engine_MaterialFunctions01/Texturing/FlattenNormal.uasset" 888
"../../../Engine/Content/Functions/Engine_MaterialFunctions01/Texturing/FlattenNormal.uexp" 889
"../../../Engine/Plugins/Interchange/Assets/Content/Utilities/New_LUT.uasset" 890
"../../../Engine/Plugins/Interchange/Assets/Content/Utilities/New_LUT.uexp" 891
"../../../Engine/Content/Functions/Engine_MaterialFunctions03/Math/RemapValueRange.uasset" 892
"../../../Engine/Content/Functions/Engine_MaterialFunctions03/Math/RemapValueRange.uexp" 893
"../../../Engine/Plugins/Interchange/Assets/Content/Functions/MF_Iridescence.uasset" 894
"../../../Engine/Plugins/Interchange/Assets/Content/Functions/MF_Iridescence.uexp" 895
"../../../Engine/Plugins/Interchange/Assets/Content/gltf/Textures/T_White_srgb.uasset" 896
"../../../Engine/Plugins/Interchange/Assets/Content/gltf/Textures/T_White_srgb.uexp" 897
"../../../Engine/Plugins/Interchange/Assets/Content/gltf/MaterialFunctions/MF_BaseColor.uasset" 898
"../../../Engine/Plugins/Interchange/Assets/Content/gltf/MaterialFunctions/MF_BaseColor.uexp" 899
"../../../Engine/Plugins/Interchange/Assets/Content/gltf/MaterialFunctions/MF_RotateV2.uasset" 900
"../../../Engine/Plugins/Interchange/Assets/Content/gltf/MaterialFunctions/MF_RotateV2.uexp" 901
"../../../Engine/Plugins/Interchange/Assets/Content/gltf/MaterialFunctions/MF_TransformUVs.uasset" 902
"../../../Engine/Plugins/Interchange/Assets/Content/gltf/MaterialFunctions/MF_TransformUVs.uexp" 903
"../../../Engine/Plugins/Interchange/Assets/Content/gltf/MaterialFunctions/MF_IOR.uasset" 904
"../../../Engine/Plugins/Interchange/Assets/Content/gltf/MaterialFunctions/MF_IOR.uexp" 905
"../../../Engine/Plugins/Interchange/Assets/Content/gltf/MaterialFunctions/MF_Iridescence.uasset" 906
"../../../Engine/Plugins/Interchange/Assets/Content/gltf/MaterialFunctions/MF_Iridescence.uexp" 907
"../../../Engine/Plugins/Interchange/Assets/Content/gltf/Textures/T_White_Linear.uasset" 908
"../../../Engine/Plugins/Interchange/Assets/Content/gltf/Textures/T_White_Linear.uexp" 909
"../../../Engine/Plugins/Interchange/Assets/Content/gltf/MaterialFunctions/MF_MetallicRoughness.uasset" 910
"../../../Engine/Plugins/Interchange/Assets/Content/gltf/MaterialFunctions/MF_MetallicRoughness.uexp" 911
"../../../Engine/Plugins/Interchange/Assets/Content/gltf/MaterialFunctions/MF_RotateNormals_TS.uasset" 912
"../../../Engine/Plugins/Interchange/Assets/Content/gltf/MaterialFunctions/MF_RotateNormals_TS.uexp" 913
"../../../Engine/Plugins/Interchange/Assets/Content/gltf/MaterialFunctions/MF_ScaleNormal.uasset" 914
"../../../Engine/Plugins/Interchange/Assets/Content/gltf/MaterialFunctions/MF_ScaleNormal.uexp" 915
"../../../Engine/Plugins/Interchange/Assets/Content/gltf/Textures/T_Generic_N.uasset" 916
"../../../Engine/Plugins/Interchange/Assets/Content/gltf/Textures/T_Generic_N.uexp" 917
"../../../Engine/Plugins/Interchange/Assets/Content/gltf/MaterialFunctions/MF_Normals.uasset" 918
"../../../Engine/Plugins/Interchange/Assets/Content/gltf/MaterialFunctions/MF_Normals.uexp" 919
"../../../Engine/Plugins/Interchange/Assets/Content/gltf/MaterialFunctions/MF_Occlusion.uasset" 920
"../../../Engine/Plugins/Interchange/Assets/Content/gltf/MaterialFunctions/MF_Occlusion.uexp" 921
"../../../Engine/Plugins/Interchange/Assets/Content/gltf/MaterialFunctions/MF_Specular.uasset" 922
"../../../Engine/Plugins/Interchange/Assets/Content/gltf/MaterialFunctions/MF_Specular.uexp" 923
"../../../Engine/Plugins/Interchange/Assets/Content/gltf/Textures/T_Anisotropy_Direction_Linear.uasset" 924
"../../../Engine/Plugins/Interchange/Assets/Content/gltf/Textures/T_Anisotropy_Direction_Linear.uexp" 925
"../../../Engine/Plugins/Interchange/Assets/Content/gltf/MaterialFunctions/MF_SpecularAnisotropy.uasset" 926
"../../../Engine/Plugins/Interchange/Assets/Content/gltf/MaterialFunctions/MF_SpecularAnisotropy.uexp" 927
"../../../Engine/Plugins/Interchange/Assets/Content/gltf/MaterialFunctions/MF_Emissive.uasset" 928
"../../../Engine/Plugins/Interchange/Assets/Content/gltf/MaterialFunctions/MF_Emissive.uexp" 929
"../../../Engine/Plugins/Interchange/Assets/Content/gltf/MaterialFunctions/MF_Clearcoat.uasset" 930
"../../../Engine/Plugins/Interchange/Assets/Content/gltf/MaterialFunctions/MF_Clearcoat.uexp" 931
"../../../Engine/Plugins/Interchange/Assets/Content/gltf/MaterialBodies/MF_ClearCoat_Body.uasset" 932
"../../../Engine/Plugins/Interchange/Assets/Content/gltf/MaterialBodies/MF_ClearCoat_Body.uexp" 933
"../../../Engine/Plugins/Interchange/Assets/Content/gltf/M_ClearCoat.uasset" 934
"../../../Engine/Plugins/Interchange/Assets/Content/gltf/M_ClearCoat.uexp" 935
"../../../Engine/Plugins/Interchange/Assets/Content/gltf/MaterialInstances/MI_ClearCoat_Blend.uasset" 936
"../../../Engine/Plugins/Interchange/Assets/Content/gltf/MaterialInstances/MI_ClearCoat_Blend.uexp" 937
"../../../Engine/Plugins/Interchange/Assets/Content/gltf/MaterialInstances/MI_ClearCoat_Blend_DS.uasset" 938
"../../../Engine/Plugins/Interchange/Assets/Content/gltf/MaterialInstances/MI_ClearCoat_Blend_DS.uexp" 939
"../../../Engine/Plugins/Interchange/Assets/Content/gltf/MaterialInstances/MI_ClearCoat_Mask.uasset" 940
"../../../Engine/Plugins/Interchange/Assets/Content/gltf/MaterialInstances/MI_ClearCoat_Mask.uexp" 941
"../../../Engine/Plugins/Interchange/Assets/Content/gltf/MaterialInstances/MI_ClearCoat_Mask_DS.uasset" 942
"../../../Engine/Plugins/Interchange/Assets/Content/gltf/MaterialInstances/MI_ClearCoat_Mask_DS.uexp" 943
"../../../Engine/Plugins/Interchange/Assets/Content/gltf/MaterialInstances/MI_ClearCoat_Opaque.uasset" 944
"../../../Engine/Plugins/Interchange/Assets/Content/gltf/MaterialInstances/MI_ClearCoat_Opaque.uexp" 945
"../../../Engine/Plugins/Interchange/Assets/Content/gltf/MaterialInstances/MI_ClearCoat_Opaque_DS.uasset" 946
"../../../Engine/Plugins/Interchange/Assets/Content/gltf/MaterialInstances/MI_ClearCoat_Opaque_DS.uexp" 947
"../../../Engine/Plugins/Interchange/Assets/Content/gltf/MaterialBodies/MF_Default_Body.uasset" 948
"../../../Engine/Plugins/Interchange/Assets/Content/gltf/MaterialBodies/MF_Default_Body.uexp" 949
"../../../Engine/Plugins/Interchange/Assets/Content/gltf/M_Default.uasset" 950
"../../../Engine/Plugins/Interchange/Assets/Content/gltf/M_Default.uexp" 951
"../../../Engine/Plugins/Interchange/Assets/Content/gltf/MaterialInstances/MI_Default_Blend.uasset" 952
"../../../Engine/Plugins/Interchange/Assets/Content/gltf/MaterialInstances/MI_Default_Blend.uexp" 953
"../../../Engine/Plugins/Interchange/Assets/Content/gltf/MaterialInstances/MI_Default_Blend_DS.uasset" 954
"../../../Engine/Plugins/Interchange/Assets/Content/gltf/MaterialInstances/MI_Default_Blend_DS.uexp" 955
"../../../Engine/Plugins/Interchange/Assets/Content/gltf/MaterialInstances/MI_Default_Mask.uasset" 956
"../../../Engine/Plugins/Interchange/Assets/Content/gltf/MaterialInstances/MI_Default_Mask.uexp" 957
"../../../Engine/Plugins/Interchange/Assets/Content/gltf/MaterialInstances/MI_Default_Mask_DS.uasset" 958
"../../../Engine/Plugins/Interchange/Assets/Content/gltf/MaterialInstances/MI_Default_Mask_DS.uexp" 959
"../../../Engine/Plugins/Interchange/Assets/Content/gltf/MaterialInstances/MI_Default_Opaque.uasset" 960
"../../../Engine/Plugins/Interchange/Assets/Content/gltf/MaterialInstances/MI_Default_Opaque.uexp" 961
"../../../Engine/Plugins/Interchange/Assets/Content/gltf/MaterialInstances/MI_Default_Opaque_DS.uasset" 962
"../../../Engine/Plugins/Interchange/Assets/Content/gltf/MaterialInstances/MI_Default_Opaque_DS.uexp" 963
"../../../Engine/Plugins/Interchange/Assets/Content/gltf/MaterialFunctions/MF_Sheen.uasset" 964
"../../../Engine/Plugins/Interchange/Assets/Content/gltf/MaterialFunctions/MF_Sheen.uexp" 965
"../../../Engine/Plugins/Interchange/Assets/Content/gltf/MaterialBodies/MF_Sheen_Body.uasset" 966
"../../../Engine/Plugins/Interchange/Assets/Content/gltf/MaterialBodies/MF_Sheen_Body.uexp" 967
"../../../Engine/Plugins/Interchange/Assets/Content/gltf/M_Sheen.uasset" 968
"../../../Engine/Plugins/Interchange/Assets/Content/gltf/M_Sheen.uexp" 969
"../../../Engine/Plugins/Interchange/Assets/Content/gltf/MaterialInstances/MI_Sheen_Blend.uasset" 970
"../../../Engine/Plugins/Interchange/Assets/Content/gltf/MaterialInstances/MI_Sheen_Blend.uexp" 971
"../../../Engine/Plugins/Interchange/Assets/Content/gltf/MaterialInstances/MI_Sheen_Blend_DS.uasset" 972
"../../../Engine/Plugins/Interchange/Assets/Content/gltf/MaterialInstances/MI_Sheen_Blend_DS.uexp" 973
"../../../Engine/Plugins/Interchange/Assets/Content/gltf/MaterialInstances/MI_Sheen_Mask.uasset" 974
"../../../Engine/Plugins/Interchange/Assets/Content/gltf/MaterialInstances/MI_Sheen_Mask.uexp" 975
"../../../Engine/Plugins/Interchange/Assets/Content/gltf/MaterialInstances/MI_Sheen_Mask_DS.uasset" 976
"../../../Engine/Plugins/Interchange/Assets/Content/gltf/MaterialInstances/MI_Sheen_Mask_DS.uexp" 977
"../../../Engine/Plugins/Interchange/Assets/Content/gltf/MaterialInstances/MI_Sheen_Opaque.uasset" 978
"../../../Engine/Plugins/Interchange/Assets/Content/gltf/MaterialInstances/MI_Sheen_Opaque.uexp" 979
"../../../Engine/Plugins/Interchange/Assets/Content/gltf/MaterialInstances/MI_Sheen_Opaque_DS.uasset" 980
"../../../Engine/Plugins/Interchange/Assets/Content/gltf/MaterialInstances/MI_Sheen_Opaque_DS.uexp" 981
"../../../Engine/Content/Functions/Engine_MaterialFunctions02/Math/AddComponents.uasset" 982
"../../../Engine/Content/Functions/Engine_MaterialFunctions02/Math/AddComponents.uexp" 983
"../../../Engine/Plugins/Interchange/Assets/Content/gltf/MaterialFunctions/MF_DiffuseSpecGloss.uasset" 984
"../../../Engine/Plugins/Interchange/Assets/Content/gltf/MaterialFunctions/MF_DiffuseSpecGloss.uexp" 985
"../../../Engine/Plugins/Interchange/Assets/Content/gltf/MaterialFunctions/MF_MaxComponentValue.uasset" 986
"../../../Engine/Plugins/Interchange/Assets/Content/gltf/MaterialFunctions/MF_MaxComponentValue.uexp" 987
"../../../Engine/Plugins/Interchange/Assets/Content/gltf/MaterialFunctions/MF_PerceivedBrightness.uasset" 988
"../../../Engine/Plugins/Interchange/Assets/Content/gltf/MaterialFunctions/MF_PerceivedBrightness.uexp" 989
"../../../Engine/Plugins/Interchange/Assets/Content/gltf/MaterialFunctions/MF_SpecGlossToMetalRoughness.uasset" 990
"../../../Engine/Plugins/Interchange/Assets/Content/gltf/MaterialFunctions/MF_SpecGlossToMetalRoughness.uexp" 991
"../../../Engine/Plugins/Interchange/Assets/Content/gltf/MaterialBodies/MF_SpecularGlossiness_Body.uasset" 992
"../../../Engine/Plugins/Interchange/Assets/Content/gltf/MaterialBodies/MF_SpecularGlossiness_Body.uexp" 993
"../../../Engine/Plugins/Interchange/Assets/Content/gltf/M_SpecularGlossiness.uasset" 994
"../../../Engine/Plugins/Interchange/Assets/Content/gltf/M_SpecularGlossiness.uexp" 995
"../../../Engine/Plugins/Interchange/Assets/Content/gltf/MaterialInstances/MI_SpecularGlossiness_Blend.uasset" 996
"../../../Engine/Plugins/Interchange/Assets/Content/gltf/MaterialInstances/MI_SpecularGlossiness_Blend.uexp" 997
"../../../Engine/Plugins/Interchange/Assets/Content/gltf/MaterialInstances/MI_SpecularGlossiness_Blend_DS.uasset" 998
"../../../Engine/Plugins/Interchange/Assets/Content/gltf/MaterialInstances/MI_SpecularGlossiness_Blend_DS.uexp" 999
"../../../Engine/Plugins/Interchange/Assets/Content/gltf/MaterialInstances/MI_SpecularGlossiness_Mask.uasset" 1000
"../../../Engine/Plugins/Interchange/Assets/Content/gltf/MaterialInstances/MI_SpecularGlossiness_Mask.uexp" 1001
"../../../Engine/Plugins/Interchange/Assets/Content/gltf/MaterialInstances/MI_SpecularGlossiness_Mask_DS.uasset" 1002
"../../../Engine/Plugins/Interchange/Assets/Content/gltf/MaterialInstances/MI_SpecularGlossiness_Mask_DS.uexp" 1003
"../../../Engine/Plugins/Interchange/Assets/Content/gltf/MaterialInstances/MI_SpecularGlossiness_Opaque.uasset" 1004
"../../../Engine/Plugins/Interchange/Assets/Content/gltf/MaterialInstances/MI_SpecularGlossiness_Opaque.uexp" 1005
"../../../Engine/Plugins/Interchange/Assets/Content/gltf/MaterialInstances/MI_SpecularGlossiness_Opaque_DS.uasset" 1006
"../../../Engine/Plugins/Interchange/Assets/Content/gltf/MaterialInstances/MI_SpecularGlossiness_Opaque_DS.uexp" 1007
"../../../Engine/Content/EngineMaterials/Good64x64TilingNoiseHighFreq.uasset" 1008
"../../../Engine/Content/EngineMaterials/Good64x64TilingNoiseHighFreq.uexp" 1009
"../../../Engine/Content/Functions/Engine_MaterialFunctions02/Texturing/ScreenAlignedPixelToPixelUVs.uasset" 1010
"../../../Engine/Content/Functions/Engine_MaterialFunctions02/Texturing/ScreenAlignedPixelToPixelUVs.uexp" 1011
"../../../Engine/Plugins/Interchange/Assets/Content/gltf/MaterialFunctions/MF_Fresnel_DS.uasset" 1012
"../../../Engine/Plugins/Interchange/Assets/Content/gltf/MaterialFunctions/MF_Fresnel_DS.uexp" 1013
"../../../Engine/Plugins/Interchange/Assets/Content/gltf/MaterialFunctions/MF_Temporal_Blur.uasset" 1014
"../../../Engine/Plugins/Interchange/Assets/Content/gltf/MaterialFunctions/MF_Temporal_Blur.uexp" 1015
"../../../Engine/Plugins/Interchange/Assets/Content/gltf/MaterialFunctions/MF_Transmission.uasset" 1016
"../../../Engine/Plugins/Interchange/Assets/Content/gltf/MaterialFunctions/MF_Transmission.uexp" 1017
"../../../Engine/Plugins/Interchange/Assets/Content/gltf/MaterialBodies/MF_Transmission_Body.uasset" 1018
"../../../Engine/Plugins/Interchange/Assets/Content/gltf/MaterialBodies/MF_Transmission_Body.uexp" 1019
"../../../Engine/Plugins/Interchange/Assets/Content/gltf/M_Transmission.uasset" 1020
"../../../Engine/Plugins/Interchange/Assets/Content/gltf/M_Transmission.uexp" 1021
"../../../Engine/Plugins/Interchange/Assets/Content/gltf/MaterialInstances/MI_Transmission.uasset" 1022
"../../../Engine/Plugins/Interchange/Assets/Content/gltf/MaterialInstances/MI_Transmission.uexp" 1023
"../../../Engine/Plugins/Interchange/Assets/Content/gltf/MaterialInstances/MI_Transmission_DS.uasset" 1024
"../../../Engine/Plugins/Interchange/Assets/Content/gltf/MaterialInstances/MI_Transmission_DS.uexp" 1025
"../../../Engine/Plugins/Interchange/Assets/Content/gltf/MaterialBodies/MF_Unlit_Body.uasset" 1026
"../../../Engine/Plugins/Interchange/Assets/Content/gltf/MaterialBodies/MF_Unlit_Body.uexp" 1027
"../../../Engine/Plugins/Interchange/Assets/Content/gltf/M_Unlit.uasset" 1028
"../../../Engine/Plugins/Interchange/Assets/Content/gltf/M_Unlit.uexp" 1029
"../../../Engine/Plugins/Interchange/Assets/Content/gltf/MaterialInstances/MI_Unlit_Blend.uasset" 1030
"../../../Engine/Plugins/Interchange/Assets/Content/gltf/MaterialInstances/MI_Unlit_Blend.uexp" 1031
"../../../Engine/Plugins/Interchange/Assets/Content/gltf/MaterialInstances/MI_Unlit_Blend_DS.uasset" 1032
"../../../Engine/Plugins/Interchange/Assets/Content/gltf/MaterialInstances/MI_Unlit_Blend_DS.uexp" 1033
"../../../Engine/Plugins/Interchange/Assets/Content/gltf/MaterialInstances/MI_Unlit_Mask.uasset" 1034
"../../../Engine/Plugins/Interchange/Assets/Content/gltf/MaterialInstances/MI_Unlit_Mask.uexp" 1035
"../../../Engine/Plugins/Interchange/Assets/Content/gltf/MaterialInstances/MI_Unlit_Mask_DS.uasset" 1036
"../../../Engine/Plugins/Interchange/Assets/Content/gltf/MaterialInstances/MI_Unlit_Mask_DS.uexp" 1037
"../../../Engine/Plugins/Interchange/Assets/Content/gltf/MaterialInstances/MI_Unlit_Opaque.uasset" 1038
"../../../Engine/Plugins/Interchange/Assets/Content/gltf/MaterialInstances/MI_Unlit_Opaque.uexp" 1039
"../../../Engine/Plugins/Interchange/Assets/Content/gltf/MaterialInstances/MI_Unlit_Opaque_DS.uasset" 1040
"../../../Engine/Plugins/Interchange/Assets/Content/gltf/MaterialInstances/MI_Unlit_Opaque_DS.uexp" 1041
"../../../Engine/Content/EngineResources/WhiteSquareTexture.uasset" 1042
"../../../Engine/Content/EngineResources/WhiteSquareTexture.uexp" 1043
"../../../Engine/Content/EngineMaterials/Widget3DPassThrough.uasset" 1044
"../../../Engine/Content/EngineMaterials/Widget3DPassThrough.uexp" 1045
"../../../Engine/Content/EngineMaterials/Widget3DPassThrough_Masked.uasset" 1046
"../../../Engine/Content/EngineMaterials/Widget3DPassThrough_Masked.uexp" 1047
"../../../Engine/Content/EngineMaterials/Widget3DPassThrough_Opaque.uasset" 1048
"../../../Engine/Content/EngineMaterials/Widget3DPassThrough_Opaque.uexp" 1049
"../../../Engine/Content/EngineMaterials/Widget3DPassThrough_Masked_OneSided.uasset" 1050
"../../../Engine/Content/EngineMaterials/Widget3DPassThrough_Masked_OneSided.uexp" 1051
"../../../Engine/Content/EngineMaterials/Widget3DPassThrough_Opaque_OneSided.uasset" 1052
"../../../Engine/Content/EngineMaterials/Widget3DPassThrough_Opaque_OneSided.uexp" 1053
"../../../Engine/Content/EngineMaterials/Widget3DPassThrough_Translucent.uasset" 1054
"../../../Engine/Content/EngineMaterials/Widget3DPassThrough_Translucent.uexp" 1055
"../../../Engine/Content/EngineMaterials/Widget3DPassThrough_Translucent_OneSided.uasset" 1056
"../../../Engine/Content/EngineMaterials/Widget3DPassThrough_Translucent_OneSided.uexp" 1057
"../../../Engine/Content/EditorLandscapeResources/ColorMaskBrushMaterial.uasset" 1058
"../../../Engine/Content/EditorLandscapeResources/ColorMaskBrushMaterial.uexp" 1059
"../../../Engine/Content/EditorLandscapeResources/ColorMaskBrushMaterial_MaskedRegion.uasset" 1060
"../../../Engine/Content/EditorLandscapeResources/ColorMaskBrushMaterial_MaskedRegion.uexp" 1061
"../../../Engine/Content/Functions/Engine_MaterialFunctions03/Math/WithinRangeFloat2.uasset" 1062
"../../../Engine/Content/Functions/Engine_MaterialFunctions03/Math/WithinRangeFloat2.uexp" 1063
"../../../Engine/Content/EditorLandscapeResources/MaskBrushMaterial.uasset" 1064
"../../../Engine/Content/EditorLandscapeResources/MaskBrushMaterial.uexp" 1065
"../../../Engine/Content/EditorLandscapeResources/MaskBrushMaterial_MaskedRegion.uasset" 1066
"../../../Engine/Content/EditorLandscapeResources/MaskBrushMaterial_MaskedRegion.uexp" 1067
"../../../Engine/Content/EditorLandscapeResources/SelectBrushMaterial.uasset" 1068
"../../../Engine/Content/EditorLandscapeResources/SelectBrushMaterial.uexp" 1069
"../../../Engine/Content/EditorLandscapeResources/SelectBrushMaterial_Selected.uasset" 1070
"../../../Engine/Content/EditorLandscapeResources/SelectBrushMaterial_Selected.uexp" 1071
"../../../Engine/Content/EditorLandscapeResources/SelectBrushMaterial_SelectedRegion.uasset" 1072
"../../../Engine/Content/EditorLandscapeResources/SelectBrushMaterial_SelectedRegion.uexp" 1073
"../../../Engine/Plugins/NNE/NNEDenoiser/Content/NNE_oidn2-3-0_rt_hdr_alb_nrm_small__dyn__fp16_opset11_DenoiseAlpha.uasset" 1074
"../../../Engine/Plugins/NNE/NNEDenoiser/Content/NNE_oidn2-3-0_rt_hdr_alb_nrm_small__dyn__fp16_opset11_DenoiseAlpha.uexp" 1075
"../../../Engine/Plugins/NNE/NNEDenoiser/Content/NNE_oidn2-3-0_rt_hdr_alb_nrm_small__dyn__fp16_opset11_ForwardAlpha.uasset" 1076
"../../../Engine/Plugins/NNE/NNEDenoiser/Content/NNE_oidn2-3-0_rt_hdr_alb_nrm_small__dyn__fp16_opset11_ForwardAlpha.uexp" 1077
"../../../Engine/Plugins/NNE/NNEDenoiser/Content/NNE_oidn2-3-0_rt_hdr_alb_nrm__dyn__fp16_opset11_DenoiseAlpha.uasset" 1078
"../../../Engine/Plugins/NNE/NNEDenoiser/Content/NNE_oidn2-3-0_rt_hdr_alb_nrm__dyn__fp16_opset11_DenoiseAlpha.uexp" 1079
"../../../Engine/Plugins/NNE/NNEDenoiser/Content/NNE_oidn2-3-0_rt_hdr_alb_nrm__dyn__fp16_opset11_ForwardAlpha.uasset" 1080
"../../../Engine/Plugins/NNE/NNEDenoiser/Content/NNE_oidn2-3-0_rt_hdr_alb_nrm__dyn__fp16_opset11_ForwardAlpha.uexp" 1081
"../../../Engine/Plugins/NNE/NNEDenoiser/Content/NNE_oidn2-3-0_rt_hdr_calb_cnrm_large__dyn__fp16_opset11_DenoiseAlpha.uasset" 1082
"../../../Engine/Plugins/NNE/NNEDenoiser/Content/NNE_oidn2-3-0_rt_hdr_calb_cnrm_large__dyn__fp16_opset11_DenoiseAlpha.uexp" 1083
"../../../Engine/Plugins/NNE/NNEDenoiser/Content/NNE_oidn2-3-0_rt_hdr_calb_cnrm_large__dyn__fp16_opset11_ForwardAlpha.uasset" 1084
"../../../Engine/Plugins/NNE/NNEDenoiser/Content/NNE_oidn2-3-0_rt_hdr_calb_cnrm_large__dyn__fp16_opset11_ForwardAlpha.uexp" 1085
"../../../Engine/Plugins/2D/Paper2D/Content/DefaultSpriteMaterial.uasset" 1086
"../../../Engine/Plugins/2D/Paper2D/Content/DefaultSpriteMaterial.uexp" 1087
"../../../Engine/Plugins/2D/Paper2D/Content/MaskedUnlitSpriteMaterial.uasset" 1088
"../../../Engine/Plugins/2D/Paper2D/Content/MaskedUnlitSpriteMaterial.uexp" 1089
"../../../Engine/Plugins/2D/Paper2D/Content/OpaqueUnlitSpriteMaterial.uasset" 1090
"../../../Engine/Plugins/2D/Paper2D/Content/OpaqueUnlitSpriteMaterial.uexp" 1091
"../../../Engine/Content/EngineFonts/Faces/DroidSansMono.uexp" 1092
"../../../Engine/Content/EngineFonts/Faces/DroidSansMono.uasset" 1093
"../../../Engine/Content/EngineFonts/Faces/DroidSansMono.ufont" 1094
"../../../Engine/Content/EngineFonts/DroidSansMono.uasset" 1095
"../../../Engine/Content/EngineFonts/DroidSansMono.uexp" 1096
"../../../Engine/Plugins/MovieScene/MovieRenderPipeline/Content/Blueprints/Graph/DefaultGraphBurnIn.uasset" 1097
"../../../Engine/Plugins/MovieScene/MovieRenderPipeline/Content/Blueprints/Graph/DefaultGraphBurnIn.uexp" 1098
"../../../Engine/Plugins/MovieScene/MovieRenderPipeline/Content/Blueprints/DefaultBurnIn.uasset" 1099
"../../../Engine/Plugins/MovieScene/MovieRenderPipeline/Content/Blueprints/DefaultBurnIn.uexp" 1100
"../../../Engine/Plugins/MovieScene/MovieRenderPipeline/Content/Blueprints/UI_MovieRenderPipelineInfoTableRow.uasset" 1101
"../../../Engine/Plugins/MovieScene/MovieRenderPipeline/Content/Blueprints/UI_MovieRenderPipelineInfoTableRow.uexp" 1102
"../../../Engine/Content/ArtTools/RenderToTexture/Textures/127grey.uasset" 1103
"../../../Engine/Content/ArtTools/RenderToTexture/Textures/127grey.uexp" 1104
"../../../Engine/Plugins/MovieScene/MovieRenderPipeline/Content/Blueprints/M_MoviePipelineRenderPreview.uasset" 1105
"../../../Engine/Plugins/MovieScene/MovieRenderPipeline/Content/Blueprints/M_MoviePipelineRenderPreview.uexp" 1106
"../../../Engine/Plugins/MovieScene/MovieRenderPipeline/Content/Blueprints/Graph/T_MovieGraph_TransparencyBG.uasset" 1107
"../../../Engine/Plugins/MovieScene/MovieRenderPipeline/Content/Blueprints/Graph/T_MovieGraph_TransparencyBG.uexp" 1108
"../../../Engine/Plugins/MovieScene/MovieRenderPipeline/Content/Blueprints/Graph/UI_MovieGraphImagePreview.uasset" 1109
"../../../Engine/Plugins/MovieScene/MovieRenderPipeline/Content/Blueprints/Graph/UI_MovieGraphImagePreview.uexp" 1110
"../../../Engine/Plugins/MovieScene/MovieRenderPipeline/Content/Blueprints/UI_MovieGraphPipelineScreenOverlay.uasset" 1111
"../../../Engine/Plugins/MovieScene/MovieRenderPipeline/Content/Blueprints/UI_MovieGraphPipelineScreenOverlay.uexp" 1112
"../../../Engine/Plugins/MovieScene/MovieRenderPipeline/Content/Blueprints/UI_MovieRenderPipelineScreenOverlay.uasset" 1113
"../../../Engine/Plugins/MovieScene/MovieRenderPipeline/Content/Blueprints/UI_MovieRenderPipelineScreenOverlay.uexp" 1114
"../../../Engine/Content/EngineResources/LandscapeVisibilityLayerInfo.uasset" 1115
"../../../Engine/Content/EngineResources/LandscapeVisibilityLayerInfo.uexp" 1116
"../../../Engine/Content/VREditor/Sounds/UI/Drop_Item_From_ContentBrowser.ubulk" 1117
"../../../Engine/Content/VREditor/Sounds/UI/Drop_Item_From_ContentBrowser.uasset" 1118
"../../../Engine/Content/VREditor/Sounds/UI/Drop_Item_From_ContentBrowser.uexp" 1119
"../../../Engine/Content/VREditor/TransformGizmo/TransformGizmoMaterial_Inst.uasset" 1120
"../../../Engine/Content/VREditor/TransformGizmo/TransformGizmoMaterial_Inst.uexp" 1121
"../../../Engine/Content/VREditor/TransformGizmo/TranslucentTransformGizmoMaterial_Inst.uasset" 1122
"../../../Engine/Content/VREditor/TransformGizmo/TranslucentTransformGizmoMaterial_Inst.uexp" 1123
"../../../Engine/Content/Functions/Engine_MaterialFunctions02/SplitComponents.uasset" 1124
"../../../Engine/Content/Functions/Engine_MaterialFunctions02/SplitComponents.uexp" 1125
"../../../Engine/Content/VREditor/SnapGrid/SnapGridMaterial.uasset" 1126
"../../../Engine/Content/VREditor/SnapGrid/SnapGridMaterial.uexp" 1127
"../../../Engine/Content/VREditor/SnapGrid/SnapGridPlaneMesh.ubulk" 1128
"../../../Engine/Content/VREditor/SnapGrid/SnapGridPlaneMesh.uasset" 1129
"../../../Engine/Content/VREditor/SnapGrid/SnapGridPlaneMesh.uexp" 1130
"../../../Engine/Content/VREditor/Sounds/UI/Gizmo_Handle_Clicked.ubulk" 1131
"../../../Engine/Content/VREditor/Sounds/UI/Gizmo_Handle_Clicked.uasset" 1132
"../../../Engine/Content/VREditor/Sounds/UI/Gizmo_Handle_Clicked.uexp" 1133
"../../../Engine/Content/VREditor/Sounds/UI/Object_PickUp.ubulk" 1134
"../../../Engine/Content/VREditor/Sounds/UI/Object_PickUp.uasset" 1135
"../../../Engine/Content/VREditor/Sounds/UI/Object_PickUp.uexp" 1136
"../../../Engine/Content/VREditor/Sounds/UI/Object_Snaps_To_Another_Actor.ubulk" 1137
"../../../Engine/Content/VREditor/Sounds/UI/Object_Snaps_To_Another_Actor.uasset" 1138
"../../../Engine/Content/VREditor/Sounds/UI/Object_Snaps_To_Another_Actor.uexp" 1139
"../../../Engine/Content/VREditor/Sounds/UI/Object_Snaps_To_Grid.ubulk" 1140
"../../../Engine/Content/VREditor/Sounds/UI/Object_Snaps_To_Grid.uasset" 1141
"../../../Engine/Content/VREditor/Sounds/UI/Object_Snaps_To_Grid.uexp" 1142
"../../../Engine/Content/VREditor/Sounds/UI/Scaling_Down.ubulk" 1143
"../../../Engine/Content/VREditor/Sounds/UI/Scaling_Down.uasset" 1144
"../../../Engine/Content/VREditor/Sounds/UI/Scaling_Down.uexp" 1145
"../../../Engine/Content/VREditor/Sounds/UI/Scaling_Up.ubulk" 1146
"../../../Engine/Content/VREditor/Sounds/UI/Scaling_Up.uasset" 1147
"../../../Engine/Content/VREditor/Sounds/UI/Scaling_Up.uexp" 1148
"../../../Engine/Content/VREditor/Sounds/UI/Selection_Changes.ubulk" 1149
"../../../Engine/Content/VREditor/Sounds/UI/Selection_Changes.uasset" 1150
"../../../Engine/Content/VREditor/Sounds/UI/Selection_Changes.uexp" 1151
"../../../Engine/Content/VREditor/TransformGizmo/PlaneTranslationHandle.ubulk" 1152
"../../../Engine/Content/VREditor/TransformGizmo/PlaneTranslationHandle.uasset" 1153
"../../../Engine/Content/VREditor/TransformGizmo/PlaneTranslationHandle.uexp" 1154
"../../../Engine/Content/VREditor/TransformGizmo/RotationHandleFull.ubulk" 1155
"../../../Engine/Content/VREditor/TransformGizmo/RotationHandleFull.uasset" 1156
"../../../Engine/Content/VREditor/TransformGizmo/RotationHandleFull.uexp" 1157
"../../../Engine/Content/VREditor/TransformGizmo/RotationHandleIndicator.ubulk" 1158
"../../../Engine/Content/VREditor/TransformGizmo/RotationHandleIndicator.uasset" 1159
"../../../Engine/Content/VREditor/TransformGizmo/RotationHandleIndicator.uexp" 1160
"../../../Engine/Content/VREditor/TransformGizmo/RotationHandleQuarter.ubulk" 1161
"../../../Engine/Content/VREditor/TransformGizmo/RotationHandleQuarter.uasset" 1162
"../../../Engine/Content/VREditor/TransformGizmo/RotationHandleQuarter.uexp" 1163
"../../../Engine/Content/VREditor/TransformGizmo/StartRotationHandleIndicator.ubulk" 1164
"../../../Engine/Content/VREditor/TransformGizmo/StartRotationHandleIndicator.uasset" 1165
"../../../Engine/Content/VREditor/TransformGizmo/StartRotationHandleIndicator.uexp" 1166
"../../../Engine/Content/VREditor/TransformGizmo/TransformGizmoFreeRotation.ubulk" 1167
"../../../Engine/Content/VREditor/TransformGizmo/TransformGizmoFreeRotation.uasset" 1168
"../../../Engine/Content/VREditor/TransformGizmo/TransformGizmoFreeRotation.uexp" 1169
"../../../Engine/Content/VREditor/TransformGizmo/TranslateArrowHandle.ubulk" 1170
"../../../Engine/Content/VREditor/TransformGizmo/TranslateArrowHandle.uasset" 1171
"../../../Engine/Content/VREditor/TransformGizmo/TranslateArrowHandle.uexp" 1172
"../../../Engine/Content/VREditor/TransformGizmo/UniformScaleHandle.ubulk" 1173
"../../../Engine/Content/VREditor/TransformGizmo/UniformScaleHandle.uasset" 1174
"../../../Engine/Content/VREditor/TransformGizmo/UniformScaleHandle.uexp" 1175
"../../../Engine/Plugins/Animation/DeformerGraph/Content/DeformerFunctions/DG_Function_LinearBlendSkin_Morph_Cloth.uasset" 1176
"../../../Engine/Plugins/Animation/DeformerGraph/Content/DeformerFunctions/DG_Function_LinearBlendSkin_Morph_Cloth.uexp" 1177
"../../../Engine/Plugins/Animation/DeformerGraph/Content/Deformers/DG_LinearBlendSkin_Morph_Cloth.uasset" 1178
"../../../Engine/Plugins/Animation/DeformerGraph/Content/Deformers/DG_LinearBlendSkin_Morph_Cloth.uexp" 1179
"../../../Engine/Plugins/Animation/DeformerGraph/Content/DeformerFunctions/DG_Function_LinearBlendSkin_Morph_Cloth_PositionOnly.uasset" 1180
"../../../Engine/Plugins/Animation/DeformerGraph/Content/DeformerFunctions/DG_Function_LinearBlendSkin_Morph_Cloth_PositionOnly.uexp" 1181
"../../../Engine/Plugins/Animation/DeformerGraph/Content/DeformerFunctions/DG_Function_ComputeNormalsTangents.uasset" 1182
"../../../Engine/Plugins/Animation/DeformerGraph/Content/DeformerFunctions/DG_Function_ComputeNormalsTangents.uexp" 1183
"../../../Engine/Plugins/Animation/DeformerGraph/Content/Deformers/DG_LinearBlendSkin_Morph_Cloth_RecomputeNormals.uasset" 1184
"../../../Engine/Plugins/Animation/DeformerGraph/Content/Deformers/DG_LinearBlendSkin_Morph_Cloth_RecomputeNormals.uexp" 1185
"../../../Engine/Plugins/NNE/NNEDenoiser/Content/NNEDT_Oidn2-3_Balanced.uasset" 1186
"../../../Engine/Plugins/NNE/NNEDenoiser/Content/NNEDT_Oidn2-3_Balanced.uexp" 1187
"../../../Engine/Plugins/NNE/NNEDenoiser/Content/NNEDT_Oidn2-3_Balanced_Alpha.uasset" 1188
"../../../Engine/Plugins/NNE/NNEDenoiser/Content/NNEDT_Oidn2-3_Balanced_Alpha.uexp" 1189
"../../../Engine/Plugins/NNE/NNEDenoiser/Content/NNED_Oidn2-3_Balanced.uasset" 1190
"../../../Engine/Plugins/NNE/NNEDenoiser/Content/NNED_Oidn2-3_Balanced.uexp" 1191
"../../../Engine/Plugins/NNE/NNEDenoiser/Content/NNED_Oidn2-3_Balanced_Alpha.uasset" 1192
"../../../Engine/Plugins/NNE/NNEDenoiser/Content/NNED_Oidn2-3_Balanced_Alpha.uexp" 1193
"../../../Engine/Plugins/NNE/NNEDenoiser/Content/NNED_Oidn2-3_Fast.uasset" 1194
"../../../Engine/Plugins/NNE/NNEDenoiser/Content/NNED_Oidn2-3_Fast.uexp" 1195
"../../../Engine/Plugins/NNE/NNEDenoiser/Content/NNED_Oidn2-3_Fast_Alpha.uasset" 1196
"../../../Engine/Plugins/NNE/NNEDenoiser/Content/NNED_Oidn2-3_Fast_Alpha.uexp" 1197
"../../../Engine/Plugins/NNE/NNEDenoiser/Content/NNED_Oidn2-3_HighQuality.uasset" 1198
"../../../Engine/Plugins/NNE/NNEDenoiser/Content/NNED_Oidn2-3_HighQuality.uexp" 1199
"../../../Engine/Plugins/NNE/NNEDenoiser/Content/NNED_Oidn2-3_HighQuality_Alpha.uasset" 1200
"../../../Engine/Plugins/NNE/NNEDenoiser/Content/NNED_Oidn2-3_HighQuality_Alpha.uexp" 1201
"../../../Engine/Content/Maps/Entry_BuiltData.uasset" 1202
"../../../Engine/Content/Maps/Entry_BuiltData.uexp" 1203
"../../../Engine/Content/Maps/Entry.uexp" 1204
"../../../Engine/Content/Maps/Entry.umap" 1205
"../../../Engine/Plugins/Interchange/Assets/Content/Functions/MF_PhongToMetalRoughness.uasset" 1206
"../../../Engine/Plugins/Interchange/Assets/Content/Functions/MF_PhongToMetalRoughness.uexp" 1207
"D:/UNDERWATER_TEST01-5.2-5.6/Content/Submarine/Transparent_Window.uasset" 1208
"D:/UNDERWATER_TEST01-5.2-5.6/Content/Submarine/Transparent_Window.uexp" 1209
"D:/UNDERWATER_TEST01-5.2-5.6/Content/Submarine/Front_Window.ubulk" 1210
"D:/UNDERWATER_TEST01-5.2-5.6/Content/Submarine/Front_Window.uasset" 1211
"D:/UNDERWATER_TEST01-5.2-5.6/Content/Submarine/Front_Window.uexp" 1212
"D:/UNDERWATER_TEST01-5.2-5.6/Content/NewBlueprint.uasset" 1213
"D:/UNDERWATER_TEST01-5.2-5.6/Content/NewBlueprint.uexp" 1214
"../../../Engine/Plugins/Developer/Concert/ConcertSync/ConcertSyncClient/Content/Mannequin__normals.ubulk" 1215
"../../../Engine/Plugins/Developer/Concert/ConcertSync/ConcertSyncClient/Content/Mannequin__normals.uasset" 1216
"../../../Engine/Plugins/Developer/Concert/ConcertSync/ConcertSyncClient/Content/Mannequin__normals.uexp" 1217
"../../../Engine/Plugins/Developer/Concert/ConcertSync/ConcertSyncClient/Content/M_Head_Body.uasset" 1218
"../../../Engine/Plugins/Developer/Concert/ConcertSync/ConcertSyncClient/Content/M_Head_Body.uexp" 1219
"../../../Engine/Plugins/Developer/Concert/ConcertSync/ConcertSyncClient/Content/HeadMesh.ubulk" 1220
"../../../Engine/Plugins/Developer/Concert/ConcertSync/ConcertSyncClient/Content/HeadMesh.uasset" 1221
"../../../Engine/Plugins/Developer/Concert/ConcertSync/ConcertSyncClient/Content/HeadMesh.uexp" 1222
"../../../Engine/Content/EngineMaterials/DefaultPhysicalMaterial.uasset" 1223
"../../../Engine/Content/EngineMaterials/DefaultPhysicalMaterial.uexp" 1224
"../../../Engine/Content/EngineSky/T_Sky_Stars.ubulk" 1225
"../../../Engine/Content/EngineSky/T_Sky_Stars.uasset" 1226
"../../../Engine/Content/EngineSky/T_Sky_Stars.uexp" 1227
"../../../Engine/Content/EngineSky/T_Sky_Clouds_M.ubulk" 1228
"../../../Engine/Content/EngineSky/T_Sky_Clouds_M.uasset" 1229
"../../../Engine/Content/EngineSky/T_Sky_Clouds_M.uexp" 1230
"../../../Engine/Content/EngineSky/T_Sky_Blue.ubulk" 1231
"../../../Engine/Content/EngineSky/T_Sky_Blue.uasset" 1232
"../../../Engine/Content/EngineSky/T_Sky_Blue.uexp" 1233
"../../../Engine/Content/EngineSky/M_Sky_Panning_Clouds2.uasset" 1234
"../../../Engine/Content/EngineSky/M_Sky_Panning_Clouds2.uexp" 1235
"../../../Engine/Content/EngineSky/SM_SkySphere.ubulk" 1236
"../../../Engine/Content/EngineSky/SM_SkySphere.uasset" 1237
"../../../Engine/Content/EngineSky/SM_SkySphere.uexp" 1238
"../../../Engine/Content/EngineSky/M_SimpleSkyDome.uasset" 1239
"../../../Engine/Content/EngineSky/M_SimpleSkyDome.uexp" 1240
"../../../Engine/Plugins/Experimental/Water/Content/Curves/FloatCurve.uasset" 1241
"../../../Engine/Plugins/Experimental/Water/Content/Curves/FloatCurve.uexp" 1242
"../../../Engine/Plugins/Experimental/Water/Content/Textures/BlackTexture2DArray.uasset" 1243
"../../../Engine/Plugins/Experimental/Water/Content/Textures/BlackTexture2DArray.uexp" 1244
"../../../Engine/Plugins/Experimental/Water/Content/Materials/Functions/WaterZoneData.uasset" 1245
"../../../Engine/Plugins/Experimental/Water/Content/Materials/Functions/WaterZoneData.uexp" 1246
"../../../Engine/Plugins/Experimental/Water/Content/Materials/Functions/HighQualityTextureFiltering.uasset" 1247
"../../../Engine/Plugins/Experimental/Water/Content/Materials/Functions/HighQualityTextureFiltering.uexp" 1248
"../../../Engine/Plugins/Experimental/Water/Content/Materials/Functions/SampleBakedFluidSimulation.uasset" 1249
"../../../Engine/Plugins/Experimental/Water/Content/Materials/Functions/SampleBakedFluidSimulation.uexp" 1250
"../../../Engine/Plugins/Experimental/Water/Content/Materials/Functions/WaterBodyData.uasset" 1251
"../../../Engine/Plugins/Experimental/Water/Content/Materials/Functions/WaterBodyData.uexp" 1252
"../../../Engine/Plugins/Experimental/Water/Content/Materials/Functions/WaveVelocityMask.uasset" 1253
"../../../Engine/Plugins/Experimental/Water/Content/Materials/Functions/WaveVelocityMask.uexp" 1254
"../../../Engine/Plugins/Experimental/Water/Content/Materials/Functions/Water_Underside.uasset" 1255
"../../../Engine/Plugins/Experimental/Water/Content/Materials/Functions/Water_Underside.uexp" 1256
"../../../Engine/Content/Functions/Engine_MaterialFunctions02/Math/TimeWithSpeedVariable.uasset" 1257
"../../../Engine/Content/Functions/Engine_MaterialFunctions02/Math/TimeWithSpeedVariable.uexp" 1258
"../../../Engine/Plugins/Experimental/Water/Content/Materials/Functions/WaterTextureWaves.uasset" 1259
"../../../Engine/Plugins/Experimental/Water/Content/Materials/Functions/WaterTextureWaves.uexp" 1260
"../../../Engine/Plugins/Experimental/Water/Content/Textures/Normals/T_Water_TilingNormal_With_Height_02_Softened.ubulk" 1261
"../../../Engine/Plugins/Experimental/Water/Content/Textures/Normals/T_Water_TilingNormal_With_Height_02_Softened.uasset" 1262
"../../../Engine/Plugins/Experimental/Water/Content/Textures/Normals/T_Water_TilingNormal_With_Height_02_Softened.uexp" 1263
"../../../Engine/Plugins/Experimental/Water/Content/Materials/Functions/WaterTextureSurface.uasset" 1264
"../../../Engine/Plugins/Experimental/Water/Content/Materials/Functions/WaterTextureSurface.uexp" 1265
"../../../Engine/Plugins/Experimental/Water/Content/Textures/Flowmaps/RiverFlowmap_Normal.ubulk" 1266
"../../../Engine/Plugins/Experimental/Water/Content/Textures/Flowmaps/RiverFlowmap_Normal.uasset" 1267
"../../../Engine/Plugins/Experimental/Water/Content/Textures/Flowmaps/RiverFlowmap_Normal.uexp" 1268
"../../../Engine/Plugins/Experimental/Water/Content/Textures/Flowmaps/RiverFlowmap_Diffuse.ubulk" 1269
"../../../Engine/Plugins/Experimental/Water/Content/Textures/Flowmaps/RiverFlowmap_Diffuse.uasset" 1270
"../../../Engine/Plugins/Experimental/Water/Content/Textures/Flowmaps/RiverFlowmap_Diffuse.uexp" 1271
"../../../Engine/Content/Functions/Engine_MaterialFunctions02/ExampleContent/Textures/LowResBlurredNoise.uasset" 1272
"../../../Engine/Content/Functions/Engine_MaterialFunctions02/ExampleContent/Textures/LowResBlurredNoise.uexp" 1273
"../../../Engine/Content/Functions/Engine_MaterialFunctions01/Coordinates/WorldPosition-XY.uasset" 1274
"../../../Engine/Content/Functions/Engine_MaterialFunctions01/Coordinates/WorldPosition-XY.uexp" 1275
"../../../Engine/Content/Functions/Engine_MaterialFunctions02/Math/MakeVectorsOrthogonal.uasset" 1276
"../../../Engine/Content/Functions/Engine_MaterialFunctions02/Math/MakeVectorsOrthogonal.uexp" 1277
"../../../Engine/Content/Functions/Engine_MaterialFunctions02/Utility/LinearSine.uasset" 1278
"../../../Engine/Content/Functions/Engine_MaterialFunctions02/Utility/LinearSine.uexp" 1279
"../../../Engine/Content/EngineMaterials/DefaultNormal.ubulk" 1280
"../../../Engine/Content/EngineMaterials/DefaultNormal.uasset" 1281
"../../../Engine/Content/EngineMaterials/DefaultNormal.uexp" 1282
"../../../Engine/Content/Functions/Engine_MaterialFunctions01/Texturing/ComputeMipLevel.uasset" 1283
"../../../Engine/Content/Functions/Engine_MaterialFunctions01/Texturing/ComputeMipLevel.uexp" 1284
"../../../Engine/Content/Functions/Engine_MaterialFunctions02/Texturing/Flowmaps.uasset" 1285
"../../../Engine/Content/Functions/Engine_MaterialFunctions02/Texturing/Flowmaps.uexp" 1286
"../../../Engine/Plugins/Experimental/Water/Content/Materials/Functions/WaterRiverFlowmaps.uasset" 1287
"../../../Engine/Plugins/Experimental/Water/Content/Materials/Functions/WaterRiverFlowmaps.uexp" 1288
"../../../Engine/Plugins/Experimental/Water/Content/Materials/Functions/WaterOpacityMaskFromDepth.uasset" 1289
"../../../Engine/Plugins/Experimental/Water/Content/Materials/Functions/WaterOpacityMaskFromDepth.uexp" 1290
"../../../Engine/Plugins/Experimental/Water/Content/Materials/Functions/WaterHeightMappingVS.uasset" 1291
"../../../Engine/Plugins/Experimental/Water/Content/Materials/Functions/WaterHeightMappingVS.uexp" 1292
"../../../Engine/Plugins/Experimental/Water/Content/Materials/Functions/WaterCoefficientMask.uasset" 1293
"../../../Engine/Plugins/Experimental/Water/Content/Materials/Functions/WaterCoefficientMask.uexp" 1294
"../../../Engine/Plugins/Experimental/Water/Content/Materials/MPC/MPC_Water.uasset" 1295
"../../../Engine/Plugins/Experimental/Water/Content/Materials/MPC/MPC_Water.uexp" 1296
"../../../Engine/Plugins/Experimental/Water/Content/Materials/Layers/WaterAttributes.uasset" 1297
"../../../Engine/Plugins/Experimental/Water/Content/Materials/Layers/WaterAttributes.uexp" 1298
"../../../Engine/Plugins/Experimental/Water/Content/Materials/Functions/SetWaveAttributes.uasset" 1299
"../../../Engine/Plugins/Experimental/Water/Content/Materials/Functions/SetWaveAttributes.uexp" 1300
"../../../Engine/Content/Functions/Engine_MaterialFunctions01/Opacity/AlphaOffset.uasset" 1301
"../../../Engine/Content/Functions/Engine_MaterialFunctions01/Opacity/AlphaOffset.uexp" 1302
"../../../Engine/Plugins/Experimental/Water/Content/FluidSimulation/WaveFoam/WaterDistanceField.uasset" 1303
"../../../Engine/Plugins/Experimental/Water/Content/FluidSimulation/WaveFoam/WaterDistanceField.uexp" 1304
"../../../Engine/Plugins/Experimental/Water/Content/Textures/Foam/T_WaterFlow_01_Foam_Tiled_N.ubulk" 1305
"../../../Engine/Plugins/Experimental/Water/Content/Textures/Foam/T_WaterFlow_01_Foam_Tiled_N.uasset" 1306
"../../../Engine/Plugins/Experimental/Water/Content/Textures/Foam/T_WaterFlow_01_Foam_Tiled_N.uexp" 1307
"../../../Engine/Plugins/Experimental/Water/Content/Textures/Foam/T_WaterFlow_01_Foam_Tiled.ubulk" 1308
"../../../Engine/Plugins/Experimental/Water/Content/Textures/Foam/T_WaterFlow_01_Foam_Tiled.uasset" 1309
"../../../Engine/Plugins/Experimental/Water/Content/Textures/Foam/T_WaterFlow_01_Foam_Tiled.uexp" 1310
"../../../Engine/Content/Functions/Engine_MaterialFunctions01/Gradient/BoxMask-2D.uasset" 1311
"../../../Engine/Content/Functions/Engine_MaterialFunctions01/Gradient/BoxMask-2D.uexp" 1312
"../../../Engine/Content/Functions/Engine_MaterialFunctions01/Gradient/LinearGradient.uasset" 1313
"../../../Engine/Content/Functions/Engine_MaterialFunctions01/Gradient/LinearGradient.uexp" 1314
"../../../Engine/Content/Functions/Engine_MaterialFunctions01/ImageAdjustment/CheapContrast.uasset" 1315
"../../../Engine/Content/Functions/Engine_MaterialFunctions01/ImageAdjustment/CheapContrast.uexp" 1316
"../../../Engine/Content/Functions/Engine_MaterialFunctions02/Texturing/HeightLerp.uasset" 1317
"../../../Engine/Content/Functions/Engine_MaterialFunctions02/Texturing/HeightLerp.uexp" 1318
"../../../Engine/Plugins/Experimental/Water/Content/FluidSimulation/Materials/Functions/Fluidsim_WorldPosition_to_UV.uasset" 1319
"../../../Engine/Plugins/Experimental/Water/Content/FluidSimulation/Materials/Functions/Fluidsim_WorldPosition_to_UV.uexp" 1320
"../../../Engine/Plugins/Experimental/Water/Content/Materials/Functions/SampleFluidSimulation.uasset" 1321
"../../../Engine/Plugins/Experimental/Water/Content/Materials/Functions/SampleFluidSimulation.uexp" 1322
"../../../Engine/Plugins/Experimental/Water/Content/Materials/Functions/GetWaterTime.uasset" 1323
"../../../Engine/Plugins/Experimental/Water/Content/Materials/Functions/GetWaterTime.uexp" 1324
"../../../Engine/Plugins/Experimental/Water/Content/Materials/Functions/ComputeWavesAttenuationFactor.uasset" 1325
"../../../Engine/Plugins/Experimental/Water/Content/Materials/Functions/ComputeWavesAttenuationFactor.uexp" 1326
"../../../Engine/Plugins/Experimental/Water/Content/Materials/Functions/WaveDepthFalloff_Overrides.uasset" 1327
"../../../Engine/Plugins/Experimental/Water/Content/Materials/Functions/WaveDepthFalloff_Overrides.uexp" 1328
"../../../Engine/Plugins/Experimental/Water/Content/Materials/Functions/ComputeGerstnerWaves.uasset" 1329
"../../../Engine/Plugins/Experimental/Water/Content/Materials/Functions/ComputeGerstnerWaves.uexp" 1330
"../../../Engine/Plugins/Experimental/Water/Content/Materials/Functions/ClipDynamicBounds.uasset" 1331
"../../../Engine/Plugins/Experimental/Water/Content/Materials/Functions/ClipDynamicBounds.uexp" 1332
"../../../Engine/Plugins/Experimental/Water/Content/Materials/Functions/WorldPositionBehindWater.uasset" 1333
"../../../Engine/Plugins/Experimental/Water/Content/Materials/Functions/WorldPositionBehindWater.uexp" 1334
"../../../Engine/Plugins/Experimental/Water/Content/Materials/Functions/WorldNormalBehindWater.uasset" 1335
"../../../Engine/Plugins/Experimental/Water/Content/Materials/Functions/WorldNormalBehindWater.uexp" 1336
"../../../Engine/Plugins/Experimental/Water/Content/Caustics/Materials/Functions/GetDistortionUV.uasset" 1337
"../../../Engine/Plugins/Experimental/Water/Content/Caustics/Materials/Functions/GetDistortionUV.uexp" 1338
"../../../Engine/Plugins/Experimental/Water/Content/Caustics/Materials/Functions/WaterCaustics_GerstnerWaves.uasset" 1339
"../../../Engine/Plugins/Experimental/Water/Content/Caustics/Materials/Functions/WaterCaustics_GerstnerWaves.uexp" 1340
"../../../Engine/Content/Functions/Engine_MaterialFunctions03/Procedurals/NormalFromHeightmap.uasset" 1341
"../../../Engine/Content/Functions/Engine_MaterialFunctions03/Procedurals/NormalFromHeightmap.uexp" 1342
"../../../Engine/Content/EngineSky/VolumetricClouds/T_VolumeNoiseShape128.uasset" 1343
"../../../Engine/Content/EngineSky/VolumetricClouds/T_VolumeNoiseShape128.uexp" 1344
"../../../Engine/Plugins/Experimental/Water/Content/FluidSimulation/WaveFoam/FoamRT.uasset" 1345
"../../../Engine/Plugins/Experimental/Water/Content/FluidSimulation/WaveFoam/FoamRT.uexp" 1346
"../../../Engine/Plugins/Experimental/Water/Content/Materials/Layers/BeachFoam.uasset" 1347
"../../../Engine/Plugins/Experimental/Water/Content/Materials/Layers/BeachFoam.uexp" 1348
"../../../Engine/Plugins/Experimental/Water/Content/Materials/WaterSurface/Water_Material.uasset" 1349
"../../../Engine/Plugins/Experimental/Water/Content/Materials/WaterSurface/Water_Material.uexp" 1350
"../../../Engine/Plugins/Experimental/Water/Content/Materials/WaterSurface/Water_FarMesh.uasset" 1351
"../../../Engine/Plugins/Experimental/Water/Content/Materials/WaterSurface/Water_FarMesh.uexp" 1352
"../../../Engine/Plugins/Experimental/Water/Content/Materials/HLOD/HLODWater.uasset" 1353
"../../../Engine/Plugins/Experimental/Water/Content/Materials/HLOD/HLODWater.uexp" 1354
"../../../Engine/Content/EngineResources/DefaultTexture.ubulk" 1355
"../../../Engine/Content/EngineResources/DefaultTexture.uasset" 1356
"../../../Engine/Content/EngineResources/DefaultTexture.uexp" 1357
"../../../Engine/Content/EngineResources/Black.uasset" 1358
"../../../Engine/Content/EngineResources/Black.uexp" 1359
"../../../Engine/Content/Functions/Engine_MaterialFunctions02/ExampleContent/Textures/water_n.ubulk" 1360
"../../../Engine/Content/Functions/Engine_MaterialFunctions02/ExampleContent/Textures/water_n.uasset" 1361
"../../../Engine/Content/Functions/Engine_MaterialFunctions02/ExampleContent/Textures/water_n.uexp" 1362
"../../../Engine/Content/Functions/Engine_MaterialFunctions02/ExampleContent/Textures/water_d.ubulk" 1363
"../../../Engine/Content/Functions/Engine_MaterialFunctions02/ExampleContent/Textures/water_d.uasset" 1364
"../../../Engine/Content/Functions/Engine_MaterialFunctions02/ExampleContent/Textures/water_d.uexp" 1365
"../../../Engine/Plugins/Experimental/Water/Content/Materials/WaterSurface/Water_Material_Inst.uasset" 1366
"../../../Engine/Plugins/Experimental/Water/Content/Materials/WaterSurface/Water_Material_Inst.uexp" 1367
"../../../Engine/Plugins/Experimental/Water/Content/Materials/WaterSurface/Water_Material_Ocean.uasset" 1368
"../../../Engine/Plugins/Experimental/Water/Content/Materials/WaterSurface/Water_Material_Ocean.uexp" 1369
"../../../Engine/Plugins/Experimental/Water/Content/Waves/GerstnerWaves_Ocean.uasset" 1370
"../../../Engine/Plugins/Experimental/Water/Content/Waves/GerstnerWaves_Ocean.uexp" 1371
"../../../Engine/Content/EngineSky/VolumetricClouds/VT_PerlinWorley_Balanced.uasset" 1372
"../../../Engine/Content/EngineSky/VolumetricClouds/VT_PerlinWorley_Balanced.uexp" 1373
"../../../Engine/Content/EngineSky/VolumetricClouds/T_Profile_08.ubulk" 1374
"../../../Engine/Content/EngineSky/VolumetricClouds/T_Profile_08.uasset" 1375
"../../../Engine/Content/EngineSky/VolumetricClouds/T_Profile_08.uexp" 1376
"../../../Engine/Content/EngineSky/VolumetricClouds/T_CloudPattern.ubulk" 1377
"../../../Engine/Content/EngineSky/VolumetricClouds/T_CloudPattern.uasset" 1378
"../../../Engine/Content/EngineSky/VolumetricClouds/T_CloudPattern.uexp" 1379
"../../../Engine/Content/EngineSky/VolumetricClouds/T_CloudMask.ubulk" 1380
"../../../Engine/Content/EngineSky/VolumetricClouds/T_CloudMask.uasset" 1381
"../../../Engine/Content/EngineSky/VolumetricClouds/T_CloudMask.uexp" 1382
"../../../Engine/Content/EngineResources/DefaultVolumeTexture2D.uasset" 1383
"../../../Engine/Content/EngineResources/DefaultVolumeTexture2D.uexp" 1384
"../../../Engine/Content/EngineResources/DefaultVolumeTexture.uasset" 1385
"../../../Engine/Content/EngineResources/DefaultVolumeTexture.uexp" 1386
"../../../Engine/Content/EngineSky/VolumetricClouds/VT_Lightning.uasset" 1387
"../../../Engine/Content/EngineSky/VolumetricClouds/VT_Lightning.uexp" 1388
"../../../Engine/Content/Functions/Engine_MaterialFunctions01/Units/Km-to-Cm.uasset" 1389
"../../../Engine/Content/Functions/Engine_MaterialFunctions01/Units/Km-to-Cm.uexp" 1390
"../../../Engine/Content/EngineSky/VolumetricClouds/m_SimpleVolumetricCloud.uasset" 1391
"../../../Engine/Content/EngineSky/VolumetricClouds/m_SimpleVolumetricCloud.uexp" 1392
"../../../Engine/Content/EngineSky/VolumetricClouds/m_SimpleVolumetricCloud_Inst.uasset" 1393
"../../../Engine/Content/EngineSky/VolumetricClouds/m_SimpleVolumetricCloud_Inst.uexp" 1394
"../../../Engine/Plugins/Experimental/Water/Content/Materials/WaterInfo/DrawWaterInfo.uasset" 1395
"../../../Engine/Plugins/Experimental/Water/Content/Materials/WaterInfo/DrawWaterInfo.uexp" 1396
"D:/UNDERWATER_TEST01-5.2-5.6/Content/Submarine/Wood.uasset" 1397
"D:/UNDERWATER_TEST01-5.2-5.6/Content/Submarine/Wood.uexp" 1398
"D:/UNDERWATER_TEST01-5.2-5.6/Content/Submarine/Wooden_Part_A8.ubulk" 1399
"D:/UNDERWATER_TEST01-5.2-5.6/Content/Submarine/Wooden_Part_A8.uasset" 1400
"D:/UNDERWATER_TEST01-5.2-5.6/Content/Submarine/Wooden_Part_A8.uexp" 1401
"D:/UNDERWATER_TEST01-5.2-5.6/Content/Submarine/Wooden_Part_A7.ubulk" 1402
"D:/UNDERWATER_TEST01-5.2-5.6/Content/Submarine/Wooden_Part_A7.uasset" 1403
"D:/UNDERWATER_TEST01-5.2-5.6/Content/Submarine/Wooden_Part_A7.uexp" 1404
"D:/UNDERWATER_TEST01-5.2-5.6/Content/Submarine/Wooden_Part_A5.ubulk" 1405
"D:/UNDERWATER_TEST01-5.2-5.6/Content/Submarine/Wooden_Part_A5.uasset" 1406
"D:/UNDERWATER_TEST01-5.2-5.6/Content/Submarine/Wooden_Part_A5.uexp" 1407
"D:/UNDERWATER_TEST01-5.2-5.6/Content/Submarine/Wooden_Part_A3.ubulk" 1408
"D:/UNDERWATER_TEST01-5.2-5.6/Content/Submarine/Wooden_Part_A3.uasset" 1409
"D:/UNDERWATER_TEST01-5.2-5.6/Content/Submarine/Wooden_Part_A3.uexp" 1410
"D:/UNDERWATER_TEST01-5.2-5.6/Content/Submarine/Wooden_Part_A2.ubulk" 1411
"D:/UNDERWATER_TEST01-5.2-5.6/Content/Submarine/Wooden_Part_A2.uasset" 1412
"D:/UNDERWATER_TEST01-5.2-5.6/Content/Submarine/Wooden_Part_A2.uexp" 1413
"D:/UNDERWATER_TEST01-5.2-5.6/Content/Submarine/Wooden_Part_A1.ubulk" 1414
"D:/UNDERWATER_TEST01-5.2-5.6/Content/Submarine/Wooden_Part_A1.uasset" 1415
"D:/UNDERWATER_TEST01-5.2-5.6/Content/Submarine/Wooden_Part_A1.uexp" 1416
"D:/UNDERWATER_TEST01-5.2-5.6/Content/Submarine/Wooden_House9.ubulk" 1417
"D:/UNDERWATER_TEST01-5.2-5.6/Content/Submarine/Wooden_House9.uasset" 1418
"D:/UNDERWATER_TEST01-5.2-5.6/Content/Submarine/Wooden_House9.uexp" 1419
"D:/UNDERWATER_TEST01-5.2-5.6/Content/Submarine/Wooden_House8.ubulk" 1420
"D:/UNDERWATER_TEST01-5.2-5.6/Content/Submarine/Wooden_House8.uasset" 1421
"D:/UNDERWATER_TEST01-5.2-5.6/Content/Submarine/Wooden_House8.uexp" 1422
"D:/UNDERWATER_TEST01-5.2-5.6/Content/Submarine/Wooden_House7.ubulk" 1423
"D:/UNDERWATER_TEST01-5.2-5.6/Content/Submarine/Wooden_House7.uasset" 1424
"D:/UNDERWATER_TEST01-5.2-5.6/Content/Submarine/Wooden_House7.uexp" 1425
"D:/UNDERWATER_TEST01-5.2-5.6/Content/Submarine/Wooden_House6.ubulk" 1426
"D:/UNDERWATER_TEST01-5.2-5.6/Content/Submarine/Wooden_House6.uasset" 1427
"D:/UNDERWATER_TEST01-5.2-5.6/Content/Submarine/Wooden_House6.uexp" 1428
"D:/UNDERWATER_TEST01-5.2-5.6/Content/Submarine/Wooden_House5.ubulk" 1429
"D:/UNDERWATER_TEST01-5.2-5.6/Content/Submarine/Wooden_House5.uasset" 1430
"D:/UNDERWATER_TEST01-5.2-5.6/Content/Submarine/Wooden_House5.uexp" 1431
"D:/UNDERWATER_TEST01-5.2-5.6/Content/Submarine/Wooden_House4.ubulk" 1432
"D:/UNDERWATER_TEST01-5.2-5.6/Content/Submarine/Wooden_House4.uasset" 1433
"D:/UNDERWATER_TEST01-5.2-5.6/Content/Submarine/Wooden_House4.uexp" 1434
"D:/UNDERWATER_TEST01-5.2-5.6/Content/Submarine/Wooden_House3.ubulk" 1435
"D:/UNDERWATER_TEST01-5.2-5.6/Content/Submarine/Wooden_House3.uasset" 1436
"D:/UNDERWATER_TEST01-5.2-5.6/Content/Submarine/Wooden_House3.uexp" 1437
"D:/UNDERWATER_TEST01-5.2-5.6/Content/Submarine/Wooden_House2.ubulk" 1438
"D:/UNDERWATER_TEST01-5.2-5.6/Content/Submarine/Wooden_House2.uasset" 1439
"D:/UNDERWATER_TEST01-5.2-5.6/Content/Submarine/Wooden_House2.uexp" 1440
"D:/UNDERWATER_TEST01-5.2-5.6/Content/Submarine/Wooden_House10.ubulk" 1441
"D:/UNDERWATER_TEST01-5.2-5.6/Content/Submarine/Wooden_House10.uasset" 1442
"D:/UNDERWATER_TEST01-5.2-5.6/Content/Submarine/Wooden_House10.uexp" 1443
"D:/UNDERWATER_TEST01-5.2-5.6/Content/Submarine/Wooden_House1.ubulk" 1444
"D:/UNDERWATER_TEST01-5.2-5.6/Content/Submarine/Wooden_House1.uasset" 1445
"D:/UNDERWATER_TEST01-5.2-5.6/Content/Submarine/Wooden_House1.uexp" 1446
"D:/UNDERWATER_TEST01-5.2-5.6/Content/Submarine/WoodenPartC3.ubulk" 1447
"D:/UNDERWATER_TEST01-5.2-5.6/Content/Submarine/WoodenPartC3.uasset" 1448
"D:/UNDERWATER_TEST01-5.2-5.6/Content/Submarine/WoodenPartC3.uexp" 1449
"D:/UNDERWATER_TEST01-5.2-5.6/Content/Submarine/WoodenPartC2.ubulk" 1450
"D:/UNDERWATER_TEST01-5.2-5.6/Content/Submarine/WoodenPartC2.uasset" 1451
"D:/UNDERWATER_TEST01-5.2-5.6/Content/Submarine/WoodenPartC2.uexp" 1452
"D:/UNDERWATER_TEST01-5.2-5.6/Content/Submarine/WoodenPartB.ubulk" 1453
"D:/UNDERWATER_TEST01-5.2-5.6/Content/Submarine/WoodenPartB.uasset" 1454
"D:/UNDERWATER_TEST01-5.2-5.6/Content/Submarine/WoodenPartB.uexp" 1455
"D:/UNDERWATER_TEST01-5.2-5.6/Content/Submarine/Tizi_8.ubulk" 1456
"D:/UNDERWATER_TEST01-5.2-5.6/Content/Submarine/Tizi_8.uasset" 1457
"D:/UNDERWATER_TEST01-5.2-5.6/Content/Submarine/Tizi_8.uexp" 1458
"D:/UNDERWATER_TEST01-5.2-5.6/Content/Submarine/Tizi_9.ubulk" 1459
"D:/UNDERWATER_TEST01-5.2-5.6/Content/Submarine/Tizi_9.uasset" 1460
"D:/UNDERWATER_TEST01-5.2-5.6/Content/Submarine/Tizi_9.uexp" 1461
"D:/UNDERWATER_TEST01-5.2-5.6/Content/Submarine/Tizi_10.ubulk" 1462
"D:/UNDERWATER_TEST01-5.2-5.6/Content/Submarine/Tizi_10.uasset" 1463
"D:/UNDERWATER_TEST01-5.2-5.6/Content/Submarine/Tizi_10.uexp" 1464
"D:/UNDERWATER_TEST01-5.2-5.6/Content/Submarine/Tizi_11.ubulk" 1465
"D:/UNDERWATER_TEST01-5.2-5.6/Content/Submarine/Tizi_11.uasset" 1466
"D:/UNDERWATER_TEST01-5.2-5.6/Content/Submarine/Tizi_11.uexp" 1467
"D:/UNDERWATER_TEST01-5.2-5.6/Content/Submarine/Painted_Black.uasset" 1468
"D:/UNDERWATER_TEST01-5.2-5.6/Content/Submarine/Painted_Black.uexp" 1469
"D:/UNDERWATER_TEST01-5.2-5.6/Content/Submarine/Swimmingpart5.ubulk" 1470
"D:/UNDERWATER_TEST01-5.2-5.6/Content/Submarine/Swimmingpart5.uasset" 1471
"D:/UNDERWATER_TEST01-5.2-5.6/Content/Submarine/Swimmingpart5.uexp" 1472
"D:/UNDERWATER_TEST01-5.2-5.6/Content/Submarine/Swimmingpart4.ubulk" 1473
"D:/UNDERWATER_TEST01-5.2-5.6/Content/Submarine/Swimmingpart4.uasset" 1474
"D:/UNDERWATER_TEST01-5.2-5.6/Content/Submarine/Swimmingpart4.uexp" 1475
"D:/UNDERWATER_TEST01-5.2-5.6/Content/Submarine/Swimmingpart3.ubulk" 1476
"D:/UNDERWATER_TEST01-5.2-5.6/Content/Submarine/Swimmingpart3.uasset" 1477
"D:/UNDERWATER_TEST01-5.2-5.6/Content/Submarine/Swimmingpart3.uexp" 1478
"D:/UNDERWATER_TEST01-5.2-5.6/Content/Submarine/blinn11SG1.uasset" 1479
"D:/UNDERWATER_TEST01-5.2-5.6/Content/Submarine/blinn11SG1.uexp" 1480
"D:/UNDERWATER_TEST01-5.2-5.6/Content/Submarine/Swimmingpart2SwimmingpartGaomo.ubulk" 1481
"D:/UNDERWATER_TEST01-5.2-5.6/Content/Submarine/Swimmingpart2SwimmingpartGaomo.uasset" 1482
"D:/UNDERWATER_TEST01-5.2-5.6/Content/Submarine/Swimmingpart2SwimmingpartGaomo.uexp" 1483
"D:/UNDERWATER_TEST01-5.2-5.6/Content/Submarine/Swimmingpart1.ubulk" 1484
"D:/UNDERWATER_TEST01-5.2-5.6/Content/Submarine/Swimmingpart1.uasset" 1485
"D:/UNDERWATER_TEST01-5.2-5.6/Content/Submarine/Swimmingpart1.uexp" 1486
"D:/UNDERWATER_TEST01-5.2-5.6/Content/Submarine/Silver.uasset" 1487
"D:/UNDERWATER_TEST01-5.2-5.6/Content/Submarine/Silver.uexp" 1488
"D:/UNDERWATER_TEST01-5.2-5.6/Content/Submarine/Submarine_Top7.ubulk" 1489
"D:/UNDERWATER_TEST01-5.2-5.6/Content/Submarine/Submarine_Top7.uasset" 1490
"D:/UNDERWATER_TEST01-5.2-5.6/Content/Submarine/Submarine_Top7.uexp" 1491
"D:/UNDERWATER_TEST01-5.2-5.6/Content/Submarine/Painted_Blue.uasset" 1492
"D:/UNDERWATER_TEST01-5.2-5.6/Content/Submarine/Painted_Blue.uexp" 1493
"D:/UNDERWATER_TEST01-5.2-5.6/Content/Submarine/Submarine_Top6.ubulk" 1494
"D:/UNDERWATER_TEST01-5.2-5.6/Content/Submarine/Submarine_Top6.uasset" 1495
"D:/UNDERWATER_TEST01-5.2-5.6/Content/Submarine/Submarine_Top6.uexp" 1496
"D:/UNDERWATER_TEST01-5.2-5.6/Content/Submarine/Orange_Metal.uasset" 1497
"D:/UNDERWATER_TEST01-5.2-5.6/Content/Submarine/Orange_Metal.uexp" 1498
"D:/UNDERWATER_TEST01-5.2-5.6/Content/Submarine/Submarine_Top5.ubulk" 1499
"D:/UNDERWATER_TEST01-5.2-5.6/Content/Submarine/Submarine_Top5.uasset" 1500
"D:/UNDERWATER_TEST01-5.2-5.6/Content/Submarine/Submarine_Top5.uexp" 1501
"D:/UNDERWATER_TEST01-5.2-5.6/Content/Submarine/Stone6.uasset" 1502
"D:/UNDERWATER_TEST01-5.2-5.6/Content/Submarine/Stone6.uexp" 1503
"D:/UNDERWATER_TEST01-5.2-5.6/Content/Submarine/Submarine_Mainbody4.ubulk" 1504
"D:/UNDERWATER_TEST01-5.2-5.6/Content/Submarine/Submarine_Mainbody4.uasset" 1505
"D:/UNDERWATER_TEST01-5.2-5.6/Content/Submarine/Submarine_Mainbody4.uexp" 1506
"D:/UNDERWATER_TEST01-5.2-5.6/Content/Submarine/Painted_Purple.uasset" 1507
"D:/UNDERWATER_TEST01-5.2-5.6/Content/Submarine/Painted_Purple.uexp" 1508
"D:/UNDERWATER_TEST01-5.2-5.6/Content/Submarine/Submarine_Mainbody3.ubulk" 1509
"D:/UNDERWATER_TEST01-5.2-5.6/Content/Submarine/Submarine_Mainbody3.uasset" 1510
"D:/UNDERWATER_TEST01-5.2-5.6/Content/Submarine/Submarine_Mainbody3.uexp" 1511
"D:/UNDERWATER_TEST01-5.2-5.6/Content/Submarine/Submarine_Mainbody2.ubulk" 1512
"D:/UNDERWATER_TEST01-5.2-5.6/Content/Submarine/Submarine_Mainbody2.uasset" 1513
"D:/UNDERWATER_TEST01-5.2-5.6/Content/Submarine/Submarine_Mainbody2.uexp" 1514
"D:/UNDERWATER_TEST01-5.2-5.6/Content/Submarine/Stone5.ubulk" 1515
"D:/UNDERWATER_TEST01-5.2-5.6/Content/Submarine/Stone5.uasset" 1516
"D:/UNDERWATER_TEST01-5.2-5.6/Content/Submarine/Stone5.uexp" 1517
"D:/UNDERWATER_TEST01-5.2-5.6/Content/Submarine/Stone4.ubulk" 1518
"D:/UNDERWATER_TEST01-5.2-5.6/Content/Submarine/Stone4.uasset" 1519
"D:/UNDERWATER_TEST01-5.2-5.6/Content/Submarine/Stone4.uexp" 1520
"D:/UNDERWATER_TEST01-5.2-5.6/Content/Submarine/Stone3.ubulk" 1521
"D:/UNDERWATER_TEST01-5.2-5.6/Content/Submarine/Stone3.uasset" 1522
"D:/UNDERWATER_TEST01-5.2-5.6/Content/Submarine/Stone3.uexp" 1523
"D:/UNDERWATER_TEST01-5.2-5.6/Content/Submarine/Stone2.ubulk" 1524
"D:/UNDERWATER_TEST01-5.2-5.6/Content/Submarine/Stone2.uasset" 1525
"D:/UNDERWATER_TEST01-5.2-5.6/Content/Submarine/Stone2.uexp" 1526
"D:/UNDERWATER_TEST01-5.2-5.6/Content/Submarine/Stone1.ubulk" 1527
"D:/UNDERWATER_TEST01-5.2-5.6/Content/Submarine/Stone1.uasset" 1528
"D:/UNDERWATER_TEST01-5.2-5.6/Content/Submarine/Stone1.uexp" 1529
"D:/UNDERWATER_TEST01-5.2-5.6/Content/Submarine/Stick.ubulk" 1530
"D:/UNDERWATER_TEST01-5.2-5.6/Content/Submarine/Stick.uasset" 1531
"D:/UNDERWATER_TEST01-5.2-5.6/Content/Submarine/Stick.uexp" 1532
"D:/UNDERWATER_TEST01-5.2-5.6/Content/Submarine/Painted_Red.uasset" 1533
"D:/UNDERWATER_TEST01-5.2-5.6/Content/Submarine/Painted_Red.uexp" 1534
"D:/UNDERWATER_TEST01-5.2-5.6/Content/Submarine/Star4.ubulk" 1535
"D:/UNDERWATER_TEST01-5.2-5.6/Content/Submarine/Star4.uasset" 1536
"D:/UNDERWATER_TEST01-5.2-5.6/Content/Submarine/Star4.uexp" 1537
"D:/UNDERWATER_TEST01-5.2-5.6/Content/Submarine/Star3.ubulk" 1538
"D:/UNDERWATER_TEST01-5.2-5.6/Content/Submarine/Star3.uasset" 1539
"D:/UNDERWATER_TEST01-5.2-5.6/Content/Submarine/Star3.uexp" 1540
"D:/UNDERWATER_TEST01-5.2-5.6/Content/Submarine/Star2.ubulk" 1541
"D:/UNDERWATER_TEST01-5.2-5.6/Content/Submarine/Star2.uasset" 1542
"D:/UNDERWATER_TEST01-5.2-5.6/Content/Submarine/Star2.uexp" 1543
"D:/UNDERWATER_TEST01-5.2-5.6/Content/Submarine/Star1.ubulk" 1544
"D:/UNDERWATER_TEST01-5.2-5.6/Content/Submarine/Star1.uasset" 1545
"D:/UNDERWATER_TEST01-5.2-5.6/Content/Submarine/Star1.uexp" 1546
"D:/UNDERWATER_TEST01-5.2-5.6/Content/Submarine/standardSurface2.uasset" 1547
"D:/UNDERWATER_TEST01-5.2-5.6/Content/Submarine/standardSurface2.uexp" 1548
"D:/UNDERWATER_TEST01-5.2-5.6/Content/Submarine/Rope9.ubulk" 1549
"D:/UNDERWATER_TEST01-5.2-5.6/Content/Submarine/Rope9.uasset" 1550
"D:/UNDERWATER_TEST01-5.2-5.6/Content/Submarine/Rope9.uexp" 1551
"D:/UNDERWATER_TEST01-5.2-5.6/Content/Submarine/Rope8.ubulk" 1552
"D:/UNDERWATER_TEST01-5.2-5.6/Content/Submarine/Rope8.uasset" 1553
"D:/UNDERWATER_TEST01-5.2-5.6/Content/Submarine/Rope8.uexp" 1554
"D:/UNDERWATER_TEST01-5.2-5.6/Content/Submarine/Rope4.ubulk" 1555
"D:/UNDERWATER_TEST01-5.2-5.6/Content/Submarine/Rope4.uasset" 1556
"D:/UNDERWATER_TEST01-5.2-5.6/Content/Submarine/Rope4.uexp" 1557
"D:/UNDERWATER_TEST01-5.2-5.6/Content/Submarine/Rope3.ubulk" 1558
"D:/UNDERWATER_TEST01-5.2-5.6/Content/Submarine/Rope3.uasset" 1559
"D:/UNDERWATER_TEST01-5.2-5.6/Content/Submarine/Rope3.uexp" 1560
"D:/UNDERWATER_TEST01-5.2-5.6/Content/Submarine/Rope2.ubulk" 1561
"D:/UNDERWATER_TEST01-5.2-5.6/Content/Submarine/Rope2.uasset" 1562
"D:/UNDERWATER_TEST01-5.2-5.6/Content/Submarine/Rope2.uexp" 1563
"D:/UNDERWATER_TEST01-5.2-5.6/Content/Submarine/Rope11.ubulk" 1564
"D:/UNDERWATER_TEST01-5.2-5.6/Content/Submarine/Rope11.uasset" 1565
"D:/UNDERWATER_TEST01-5.2-5.6/Content/Submarine/Rope11.uexp" 1566
"D:/UNDERWATER_TEST01-5.2-5.6/Content/Submarine/Rope10.ubulk" 1567
"D:/UNDERWATER_TEST01-5.2-5.6/Content/Submarine/Rope10.uasset" 1568
"D:/UNDERWATER_TEST01-5.2-5.6/Content/Submarine/Rope10.uexp" 1569
"D:/UNDERWATER_TEST01-5.2-5.6/Content/Submarine/Metal_Yellow.uasset" 1570
"D:/UNDERWATER_TEST01-5.2-5.6/Content/Submarine/Metal_Yellow.uexp" 1571
"D:/UNDERWATER_TEST01-5.2-5.6/Content/Submarine/polySurface9.ubulk" 1572
"D:/UNDERWATER_TEST01-5.2-5.6/Content/Submarine/polySurface9.uasset" 1573
"D:/UNDERWATER_TEST01-5.2-5.6/Content/Submarine/polySurface9.uexp" 1574
"D:/UNDERWATER_TEST01-5.2-5.6/Content/Submarine/polySurface8.ubulk" 1575
"D:/UNDERWATER_TEST01-5.2-5.6/Content/Submarine/polySurface8.uasset" 1576
"D:/UNDERWATER_TEST01-5.2-5.6/Content/Submarine/polySurface8.uexp" 1577
"D:/UNDERWATER_TEST01-5.2-5.6/Content/Submarine/polySurface7.ubulk" 1578
"D:/UNDERWATER_TEST01-5.2-5.6/Content/Submarine/polySurface7.uasset" 1579
"D:/UNDERWATER_TEST01-5.2-5.6/Content/Submarine/polySurface7.uexp" 1580
"D:/UNDERWATER_TEST01-5.2-5.6/Content/Submarine/polySurface6.ubulk" 1581
"D:/UNDERWATER_TEST01-5.2-5.6/Content/Submarine/polySurface6.uasset" 1582
"D:/UNDERWATER_TEST01-5.2-5.6/Content/Submarine/polySurface6.uexp" 1583
"D:/UNDERWATER_TEST01-5.2-5.6/Content/Submarine/polySurface5.ubulk" 1584
"D:/UNDERWATER_TEST01-5.2-5.6/Content/Submarine/polySurface5.uasset" 1585
"D:/UNDERWATER_TEST01-5.2-5.6/Content/Submarine/polySurface5.uexp" 1586
"D:/UNDERWATER_TEST01-5.2-5.6/Content/Submarine/polySurface30.ubulk" 1587
"D:/UNDERWATER_TEST01-5.2-5.6/Content/Submarine/polySurface30.uasset" 1588
"D:/UNDERWATER_TEST01-5.2-5.6/Content/Submarine/polySurface30.uexp" 1589
"D:/UNDERWATER_TEST01-5.2-5.6/Content/Submarine/polySurface3.ubulk" 1590
"D:/UNDERWATER_TEST01-5.2-5.6/Content/Submarine/polySurface3.uasset" 1591
"D:/UNDERWATER_TEST01-5.2-5.6/Content/Submarine/polySurface3.uexp" 1592
"D:/UNDERWATER_TEST01-5.2-5.6/Content/Submarine/polySurface29.ubulk" 1593
"D:/UNDERWATER_TEST01-5.2-5.6/Content/Submarine/polySurface29.uasset" 1594
"D:/UNDERWATER_TEST01-5.2-5.6/Content/Submarine/polySurface29.uexp" 1595
"D:/UNDERWATER_TEST01-5.2-5.6/Content/Submarine/Mud.uasset" 1596
"D:/UNDERWATER_TEST01-5.2-5.6/Content/Submarine/Mud.uexp" 1597
"D:/UNDERWATER_TEST01-5.2-5.6/Content/Submarine/Mud_2.ubulk" 1598
"D:/UNDERWATER_TEST01-5.2-5.6/Content/Submarine/Mud_2.uasset" 1599
"D:/UNDERWATER_TEST01-5.2-5.6/Content/Submarine/Mud_2.uexp" 1600
"D:/UNDERWATER_TEST01-5.2-5.6/Content/Submarine/Mud_3.ubulk" 1601
"D:/UNDERWATER_TEST01-5.2-5.6/Content/Submarine/Mud_3.uasset" 1602
"D:/UNDERWATER_TEST01-5.2-5.6/Content/Submarine/Mud_3.uexp" 1603
"D:/UNDERWATER_TEST01-5.2-5.6/Content/Submarine/Mud_4.ubulk" 1604
"D:/UNDERWATER_TEST01-5.2-5.6/Content/Submarine/Mud_4.uasset" 1605
"D:/UNDERWATER_TEST01-5.2-5.6/Content/Submarine/Mud_4.uexp" 1606
"D:/UNDERWATER_TEST01-5.2-5.6/Content/Submarine/Mud_5.ubulk" 1607
"D:/UNDERWATER_TEST01-5.2-5.6/Content/Submarine/Mud_5.uasset" 1608
"D:/UNDERWATER_TEST01-5.2-5.6/Content/Submarine/Mud_5.uexp" 1609
"D:/UNDERWATER_TEST01-5.2-5.6/Content/Submarine/Mud_6.ubulk" 1610
"D:/UNDERWATER_TEST01-5.2-5.6/Content/Submarine/Mud_6.uasset" 1611
"D:/UNDERWATER_TEST01-5.2-5.6/Content/Submarine/Mud_6.uexp" 1612
"D:/UNDERWATER_TEST01-5.2-5.6/Content/Submarine/Mud_7.ubulk" 1613
"D:/UNDERWATER_TEST01-5.2-5.6/Content/Submarine/Mud_7.uasset" 1614
"D:/UNDERWATER_TEST01-5.2-5.6/Content/Submarine/Mud_7.uexp" 1615
"D:/UNDERWATER_TEST01-5.2-5.6/Content/Submarine/Moss.uasset" 1616
"D:/UNDERWATER_TEST01-5.2-5.6/Content/Submarine/Moss.uexp" 1617
"D:/UNDERWATER_TEST01-5.2-5.6/Content/Submarine/moss1.ubulk" 1618
"D:/UNDERWATER_TEST01-5.2-5.6/Content/Submarine/moss1.uasset" 1619
"D:/UNDERWATER_TEST01-5.2-5.6/Content/Submarine/moss1.uexp" 1620
"D:/UNDERWATER_TEST01-5.2-5.6/Content/Submarine/HuangseBuding3.ubulk" 1621
"D:/UNDERWATER_TEST01-5.2-5.6/Content/Submarine/HuangseBuding3.uasset" 1622
"D:/UNDERWATER_TEST01-5.2-5.6/Content/Submarine/HuangseBuding3.uexp" 1623
"D:/UNDERWATER_TEST01-5.2-5.6/Content/Submarine/HuangseBuding2.ubulk" 1624
"D:/UNDERWATER_TEST01-5.2-5.6/Content/Submarine/HuangseBuding2.uasset" 1625
"D:/UNDERWATER_TEST01-5.2-5.6/Content/Submarine/HuangseBuding2.uexp" 1626
"D:/UNDERWATER_TEST01-5.2-5.6/Content/Submarine/Handle.ubulk" 1627
"D:/UNDERWATER_TEST01-5.2-5.6/Content/Submarine/Handle.uasset" 1628
"D:/UNDERWATER_TEST01-5.2-5.6/Content/Submarine/Handle.uexp" 1629
"D:/UNDERWATER_TEST01-5.2-5.6/Content/Submarine/DoorFrame.ubulk" 1630
"D:/UNDERWATER_TEST01-5.2-5.6/Content/Submarine/DoorFrame.uasset" 1631
"D:/UNDERWATER_TEST01-5.2-5.6/Content/Submarine/DoorFrame.uexp" 1632
"D:/UNDERWATER_TEST01-5.2-5.6/Content/Submarine/Door.ubulk" 1633
"D:/UNDERWATER_TEST01-5.2-5.6/Content/Submarine/Door.uasset" 1634
"D:/UNDERWATER_TEST01-5.2-5.6/Content/Submarine/Door.uexp" 1635
"D:/UNDERWATER_TEST01-5.2-5.6/Content/Submarine/BlueBuding9.ubulk" 1636
"D:/UNDERWATER_TEST01-5.2-5.6/Content/Submarine/BlueBuding9.uasset" 1637
"D:/UNDERWATER_TEST01-5.2-5.6/Content/Submarine/BlueBuding9.uexp" 1638
"D:/UNDERWATER_TEST01-5.2-5.6/Content/Submarine/BlueBuding8.ubulk" 1639
"D:/UNDERWATER_TEST01-5.2-5.6/Content/Submarine/BlueBuding8.uasset" 1640
"D:/UNDERWATER_TEST01-5.2-5.6/Content/Submarine/BlueBuding8.uexp" 1641
"D:/UNDERWATER_TEST01-5.2-5.6/Content/Submarine/BlueBuding7.ubulk" 1642
"D:/UNDERWATER_TEST01-5.2-5.6/Content/Submarine/BlueBuding7.uasset" 1643
"D:/UNDERWATER_TEST01-5.2-5.6/Content/Submarine/BlueBuding7.uexp" 1644
"D:/UNDERWATER_TEST01-5.2-5.6/Content/Submarine/BlueBuding6.ubulk" 1645
"D:/UNDERWATER_TEST01-5.2-5.6/Content/Submarine/BlueBuding6.uasset" 1646
"D:/UNDERWATER_TEST01-5.2-5.6/Content/Submarine/BlueBuding6.uexp" 1647
"D:/UNDERWATER_TEST01-5.2-5.6/Content/Submarine/BlueBuding5.ubulk" 1648
"D:/UNDERWATER_TEST01-5.2-5.6/Content/Submarine/BlueBuding5.uasset" 1649
"D:/UNDERWATER_TEST01-5.2-5.6/Content/Submarine/BlueBuding5.uexp" 1650
"D:/UNDERWATER_TEST01-5.2-5.6/Content/Submarine/BlueBuding4.ubulk" 1651
"D:/UNDERWATER_TEST01-5.2-5.6/Content/Submarine/BlueBuding4.uasset" 1652
"D:/UNDERWATER_TEST01-5.2-5.6/Content/Submarine/BlueBuding4.uexp" 1653
"D:/UNDERWATER_TEST01-5.2-5.6/Content/Submarine/BlueBuding3.ubulk" 1654
"D:/UNDERWATER_TEST01-5.2-5.6/Content/Submarine/BlueBuding3.uasset" 1655
"D:/UNDERWATER_TEST01-5.2-5.6/Content/Submarine/BlueBuding3.uexp" 1656
"D:/UNDERWATER_TEST01-5.2-5.6/Content/Submarine/BlueBuding29.ubulk" 1657
"D:/UNDERWATER_TEST01-5.2-5.6/Content/Submarine/BlueBuding29.uasset" 1658
"D:/UNDERWATER_TEST01-5.2-5.6/Content/Submarine/BlueBuding29.uexp" 1659
"D:/UNDERWATER_TEST01-5.2-5.6/Content/Submarine/BlueBuding26.ubulk" 1660
"D:/UNDERWATER_TEST01-5.2-5.6/Content/Submarine/BlueBuding26.uasset" 1661
"D:/UNDERWATER_TEST01-5.2-5.6/Content/Submarine/BlueBuding26.uexp" 1662
"D:/UNDERWATER_TEST01-5.2-5.6/Content/Submarine/BlueBuding21.ubulk" 1663
"D:/UNDERWATER_TEST01-5.2-5.6/Content/Submarine/BlueBuding21.uasset" 1664
"D:/UNDERWATER_TEST01-5.2-5.6/Content/Submarine/BlueBuding21.uexp" 1665
"D:/UNDERWATER_TEST01-5.2-5.6/Content/Submarine/BlueBuding20.ubulk" 1666
"D:/UNDERWATER_TEST01-5.2-5.6/Content/Submarine/BlueBuding20.uasset" 1667
"D:/UNDERWATER_TEST01-5.2-5.6/Content/Submarine/BlueBuding20.uexp" 1668
"D:/UNDERWATER_TEST01-5.2-5.6/Content/Submarine/BlueBuding2.ubulk" 1669
"D:/UNDERWATER_TEST01-5.2-5.6/Content/Submarine/BlueBuding2.uasset" 1670
"D:/UNDERWATER_TEST01-5.2-5.6/Content/Submarine/BlueBuding2.uexp" 1671
"D:/UNDERWATER_TEST01-5.2-5.6/Content/Submarine/BlueBuding19.ubulk" 1672
"D:/UNDERWATER_TEST01-5.2-5.6/Content/Submarine/BlueBuding19.uasset" 1673
"D:/UNDERWATER_TEST01-5.2-5.6/Content/Submarine/BlueBuding19.uexp" 1674
"D:/UNDERWATER_TEST01-5.2-5.6/Content/Submarine/BlueBuding18.ubulk" 1675
"D:/UNDERWATER_TEST01-5.2-5.6/Content/Submarine/BlueBuding18.uasset" 1676
"D:/UNDERWATER_TEST01-5.2-5.6/Content/Submarine/BlueBuding18.uexp" 1677
"D:/UNDERWATER_TEST01-5.2-5.6/Content/Submarine/BlueBuding17.ubulk" 1678
"D:/UNDERWATER_TEST01-5.2-5.6/Content/Submarine/BlueBuding17.uasset" 1679
"D:/UNDERWATER_TEST01-5.2-5.6/Content/Submarine/BlueBuding17.uexp" 1680
"D:/UNDERWATER_TEST01-5.2-5.6/Content/Submarine/BlueBuding15.ubulk" 1681
"D:/UNDERWATER_TEST01-5.2-5.6/Content/Submarine/BlueBuding15.uasset" 1682
"D:/UNDERWATER_TEST01-5.2-5.6/Content/Submarine/BlueBuding15.uexp" 1683
"D:/UNDERWATER_TEST01-5.2-5.6/Content/Submarine/BlueBuding14.ubulk" 1684
"D:/UNDERWATER_TEST01-5.2-5.6/Content/Submarine/BlueBuding14.uasset" 1685
"D:/UNDERWATER_TEST01-5.2-5.6/Content/Submarine/BlueBuding14.uexp" 1686
"D:/UNDERWATER_TEST01-5.2-5.6/Content/Submarine/BlueBuding13.ubulk" 1687
"D:/UNDERWATER_TEST01-5.2-5.6/Content/Submarine/BlueBuding13.uasset" 1688
"D:/UNDERWATER_TEST01-5.2-5.6/Content/Submarine/BlueBuding13.uexp" 1689
"D:/UNDERWATER_TEST01-5.2-5.6/Content/Submarine/BlueBuding12.ubulk" 1690
"D:/UNDERWATER_TEST01-5.2-5.6/Content/Submarine/BlueBuding12.uasset" 1691
"D:/UNDERWATER_TEST01-5.2-5.6/Content/Submarine/BlueBuding12.uexp" 1692
"D:/UNDERWATER_TEST01-5.2-5.6/Content/Submarine/BlueBuding11.ubulk" 1693
"D:/UNDERWATER_TEST01-5.2-5.6/Content/Submarine/BlueBuding11.uasset" 1694
"D:/UNDERWATER_TEST01-5.2-5.6/Content/Submarine/BlueBuding11.uexp" 1695
"D:/UNDERWATER_TEST01-5.2-5.6/Content/Submarine/BlueBuding10BlueBuding1Zhongmo.ubulk" 1696
"D:/UNDERWATER_TEST01-5.2-5.6/Content/Submarine/BlueBuding10BlueBuding1Zhongmo.uasset" 1697
"D:/UNDERWATER_TEST01-5.2-5.6/Content/Submarine/BlueBuding10BlueBuding1Zhongmo.uexp" 1698
"D:/UNDERWATER_TEST01-5.2-5.6/Content/Submarine/BlueBuding10.ubulk" 1699
"D:/UNDERWATER_TEST01-5.2-5.6/Content/Submarine/BlueBuding10.uasset" 1700
"D:/UNDERWATER_TEST01-5.2-5.6/Content/Submarine/BlueBuding10.uexp" 1701
"D:/UNDERWATER_TEST01-5.2-5.6/Content/Shark/bake_normal.ubulk" 1702
"D:/UNDERWATER_TEST01-5.2-5.6/Content/Shark/bake_normal.uasset" 1703
"D:/UNDERWATER_TEST01-5.2-5.6/Content/Shark/bake_normal.uexp" 1704
"D:/UNDERWATER_TEST01-5.2-5.6/Content/Shark/standardSurface1.uasset" 1705
"D:/UNDERWATER_TEST01-5.2-5.6/Content/Shark/standardSurface1.uexp" 1706
"D:/UNDERWATER_TEST01-5.2-5.6/Content/Shark/shark_ue5_Skeleton.uasset" 1707
"D:/UNDERWATER_TEST01-5.2-5.6/Content/Shark/shark_ue5_Skeleton.uexp" 1708
"D:/UNDERWATER_TEST01-5.2-5.6/Content/Shark/shark_ue5_PhysicsAsset.uasset" 1709
"D:/UNDERWATER_TEST01-5.2-5.6/Content/Shark/shark_ue5_PhysicsAsset.uexp" 1710
"D:/UNDERWATER_TEST01-5.2-5.6/Content/Shark/shark_ue5.uasset" 1711
"D:/UNDERWATER_TEST01-5.2-5.6/Content/Shark/shark_ue5.uexp" 1712
"D:/UNDERWATER_TEST01-5.2-5.6/Content/Sea_grass/third_cache/seagrass05.ubulk" 1713
"D:/UNDERWATER_TEST01-5.2-5.6/Content/Sea_grass/third_cache/seagrass05.uasset" 1714
"D:/UNDERWATER_TEST01-5.2-5.6/Content/Sea_grass/third_cache/seagrass05.uexp" 1715
"D:/UNDERWATER_TEST01-5.2-5.6/Content/Sea_grass/third_cache/seagrass04.ubulk" 1716
"D:/UNDERWATER_TEST01-5.2-5.6/Content/Sea_grass/third_cache/seagrass04.uasset" 1717
"D:/UNDERWATER_TEST01-5.2-5.6/Content/Sea_grass/third_cache/seagrass04.uexp" 1718
"D:/UNDERWATER_TEST01-5.2-5.6/Content/Sea_grass/third_cache/seagrass02.ubulk" 1719
"D:/UNDERWATER_TEST01-5.2-5.6/Content/Sea_grass/third_cache/seagrass02.uasset" 1720
"D:/UNDERWATER_TEST01-5.2-5.6/Content/Sea_grass/third_cache/seagrass02.uexp" 1721
"D:/UNDERWATER_TEST01-5.2-5.6/Content/Sea_grass/third_cache/seagrass01.ubulk" 1722
"D:/UNDERWATER_TEST01-5.2-5.6/Content/Sea_grass/third_cache/seagrass01.uasset" 1723
"D:/UNDERWATER_TEST01-5.2-5.6/Content/Sea_grass/third_cache/seagrass01.uexp" 1724
"D:/UNDERWATER_TEST01-5.2-5.6/Content/Sea_grass/Texture_Seagrass(level2)/healthy_seagrass5/healthy_seagrass5_OcclusionRoughnessMetallic.ubulk" 1725
"D:/UNDERWATER_TEST01-5.2-5.6/Content/Sea_grass/Texture_Seagrass(level2)/healthy_seagrass5/healthy_seagrass5_OcclusionRoughnessMetallic.uasset" 1726
"D:/UNDERWATER_TEST01-5.2-5.6/Content/Sea_grass/Texture_Seagrass(level2)/healthy_seagrass5/healthy_seagrass5_OcclusionRoughnessMetallic.uexp" 1727
"D:/UNDERWATER_TEST01-5.2-5.6/Content/Sea_grass/Texture_Seagrass(level2)/healthy_seagrass5/healthy_seagrass5_Normal.ubulk" 1728
"D:/UNDERWATER_TEST01-5.2-5.6/Content/Sea_grass/Texture_Seagrass(level2)/healthy_seagrass5/healthy_seagrass5_Normal.uasset" 1729
"D:/UNDERWATER_TEST01-5.2-5.6/Content/Sea_grass/Texture_Seagrass(level2)/healthy_seagrass5/healthy_seagrass5_Normal.uexp" 1730
"D:/UNDERWATER_TEST01-5.2-5.6/Content/Sea_grass/Texture_Seagrass(level2)/healthy_seagrass5/healthy_seagrass5_BaseColor.ubulk" 1731
"D:/UNDERWATER_TEST01-5.2-5.6/Content/Sea_grass/Texture_Seagrass(level2)/healthy_seagrass5/healthy_seagrass5_BaseColor.uasset" 1732
"D:/UNDERWATER_TEST01-5.2-5.6/Content/Sea_grass/Texture_Seagrass(level2)/healthy_seagrass5/healthy_seagrass5_BaseColor.uexp" 1733
"D:/UNDERWATER_TEST01-5.2-5.6/Content/Sea_grass/Texture_Seagrass(level2)/healthy_seagrass5/healthy_seagrass5.uasset" 1734
"D:/UNDERWATER_TEST01-5.2-5.6/Content/Sea_grass/Texture_Seagrass(level2)/healthy_seagrass5/healthy_seagrass5.uexp" 1735
"D:/UNDERWATER_TEST01-5.2-5.6/Content/Sea_grass/Texture_Seagrass(level2)/healthy_seagrass4/healthy_seagrass4_OcclusionRoughnessMetallic.ubulk" 1736
"D:/UNDERWATER_TEST01-5.2-5.6/Content/Sea_grass/Texture_Seagrass(level2)/healthy_seagrass4/healthy_seagrass4_OcclusionRoughnessMetallic.uasset" 1737
"D:/UNDERWATER_TEST01-5.2-5.6/Content/Sea_grass/Texture_Seagrass(level2)/healthy_seagrass4/healthy_seagrass4_OcclusionRoughnessMetallic.uexp" 1738
"D:/UNDERWATER_TEST01-5.2-5.6/Content/Sea_grass/Texture_Seagrass(level2)/healthy_seagrass4/healthy_seagrass4_Normal.ubulk" 1739
"D:/UNDERWATER_TEST01-5.2-5.6/Content/Sea_grass/Texture_Seagrass(level2)/healthy_seagrass4/healthy_seagrass4_Normal.uasset" 1740
"D:/UNDERWATER_TEST01-5.2-5.6/Content/Sea_grass/Texture_Seagrass(level2)/healthy_seagrass4/healthy_seagrass4_Normal.uexp" 1741
"D:/UNDERWATER_TEST01-5.2-5.6/Content/Sea_grass/Texture_Seagrass(level2)/healthy_seagrass4/healthy_seagrass4_BaseColor.ubulk" 1742
"D:/UNDERWATER_TEST01-5.2-5.6/Content/Sea_grass/Texture_Seagrass(level2)/healthy_seagrass4/healthy_seagrass4_BaseColor.uasset" 1743
"D:/UNDERWATER_TEST01-5.2-5.6/Content/Sea_grass/Texture_Seagrass(level2)/healthy_seagrass4/healthy_seagrass4_BaseColor.uexp" 1744
"D:/UNDERWATER_TEST01-5.2-5.6/Content/Sea_grass/Texture_Seagrass(level2)/healthy_seagrass4/healthy_seagrass4.uasset" 1745
"D:/UNDERWATER_TEST01-5.2-5.6/Content/Sea_grass/Texture_Seagrass(level2)/healthy_seagrass4/healthy_seagrass4.uexp" 1746
"D:/UNDERWATER_TEST01-5.2-5.6/Content/Sea_grass/Texture_Seagrass(level2)/healthy_seagrass2/healthy_seagrass2_OcclusionRoughnessMetallic.ubulk" 1747
"D:/UNDERWATER_TEST01-5.2-5.6/Content/Sea_grass/Texture_Seagrass(level2)/healthy_seagrass2/healthy_seagrass2_OcclusionRoughnessMetallic.uasset" 1748
"D:/UNDERWATER_TEST01-5.2-5.6/Content/Sea_grass/Texture_Seagrass(level2)/healthy_seagrass2/healthy_seagrass2_OcclusionRoughnessMetallic.uexp" 1749
"D:/UNDERWATER_TEST01-5.2-5.6/Content/Sea_grass/Texture_Seagrass(level2)/healthy_seagrass2/healthy_seagrass2_Normal.ubulk" 1750
"D:/UNDERWATER_TEST01-5.2-5.6/Content/Sea_grass/Texture_Seagrass(level2)/healthy_seagrass2/healthy_seagrass2_Normal.uasset" 1751
"D:/UNDERWATER_TEST01-5.2-5.6/Content/Sea_grass/Texture_Seagrass(level2)/healthy_seagrass2/healthy_seagrass2_Normal.uexp" 1752
"D:/UNDERWATER_TEST01-5.2-5.6/Content/Sea_grass/Texture_Seagrass(level2)/healthy_seagrass2/healthy_seagrass2_BaseColor.ubulk" 1753
"D:/UNDERWATER_TEST01-5.2-5.6/Content/Sea_grass/Texture_Seagrass(level2)/healthy_seagrass2/healthy_seagrass2_BaseColor.uasset" 1754
"D:/UNDERWATER_TEST01-5.2-5.6/Content/Sea_grass/Texture_Seagrass(level2)/healthy_seagrass2/healthy_seagrass2_BaseColor.uexp" 1755
"D:/UNDERWATER_TEST01-5.2-5.6/Content/Sea_grass/Texture_Seagrass(level2)/healthy_seagrass2/healthy_seagrass2.uasset" 1756
"D:/UNDERWATER_TEST01-5.2-5.6/Content/Sea_grass/Texture_Seagrass(level2)/healthy_seagrass2/healthy_seagrass2.uexp" 1757
"D:/UNDERWATER_TEST01-5.2-5.6/Content/Sea_grass/Texture_Seagrass(level2)/healthy_seagrass1/healthy_seagrass1_OcclusionRoughnessMetallic.ubulk" 1758
"D:/UNDERWATER_TEST01-5.2-5.6/Content/Sea_grass/Texture_Seagrass(level2)/healthy_seagrass1/healthy_seagrass1_OcclusionRoughnessMetallic.uasset" 1759
"D:/UNDERWATER_TEST01-5.2-5.6/Content/Sea_grass/Texture_Seagrass(level2)/healthy_seagrass1/healthy_seagrass1_OcclusionRoughnessMetallic.uexp" 1760
"D:/UNDERWATER_TEST01-5.2-5.6/Content/Sea_grass/Texture_Seagrass(level2)/healthy_seagrass1/healthy_seagrass1_Normal.ubulk" 1761
"D:/UNDERWATER_TEST01-5.2-5.6/Content/Sea_grass/Texture_Seagrass(level2)/healthy_seagrass1/healthy_seagrass1_Normal.uasset" 1762
"D:/UNDERWATER_TEST01-5.2-5.6/Content/Sea_grass/Texture_Seagrass(level2)/healthy_seagrass1/healthy_seagrass1_Normal.uexp" 1763
"D:/UNDERWATER_TEST01-5.2-5.6/Content/Sea_grass/Texture_Seagrass(level2)/healthy_seagrass1/healthy_seagrass1_BaseColor.ubulk" 1764
"D:/UNDERWATER_TEST01-5.2-5.6/Content/Sea_grass/Texture_Seagrass(level2)/healthy_seagrass1/healthy_seagrass1_BaseColor.uasset" 1765
"D:/UNDERWATER_TEST01-5.2-5.6/Content/Sea_grass/Texture_Seagrass(level2)/healthy_seagrass1/healthy_seagrass1_BaseColor.uexp" 1766
"D:/UNDERWATER_TEST01-5.2-5.6/Content/Sea_grass/Texture_Seagrass(level2)/healthy_seagrass1/healthy_seagrass1.uasset" 1767
"D:/UNDERWATER_TEST01-5.2-5.6/Content/Sea_grass/Texture_Seagrass(level2)/healthy_seagrass1/healthy_seagrass1.uexp" 1768
"../../../Engine/Content/Functions/Engine_MaterialFunctions02/ExampleContent/Textures/DebugNumberPeriod.uasset" 1769
"../../../Engine/Content/Functions/Engine_MaterialFunctions02/ExampleContent/Textures/DebugNumberPeriod.uexp" 1770
"../../../Engine/Content/Functions/Engine_MaterialFunctions02/Utility/DebugScalarValues.uasset" 1771
"../../../Engine/Content/Functions/Engine_MaterialFunctions02/Utility/DebugScalarValues.uexp" 1772
"../../../Engine/Content/Functions/Engine_MaterialFunctions01/Volumetrics/SchlickPhase.uasset" 1773
"../../../Engine/Content/Functions/Engine_MaterialFunctions01/Volumetrics/SchlickPhase.uexp" 1774
"../../../Engine/Plugins/Experimental/Water/Content/Materials/PostProcessing/M_UnderWater_PostProcess_Volume.uasset" 1775
"../../../Engine/Plugins/Experimental/Water/Content/Materials/PostProcessing/M_UnderWater_PostProcess_Volume.uexp" 1776
"D:/UNDERWATER_TEST01-5.2-5.6/Content/LANDSCAPE/postprocess_backup/level2.uasset" 1777
"D:/UNDERWATER_TEST01-5.2-5.6/Content/LANDSCAPE/postprocess_backup/level2.uexp" 1778
"D:/UNDERWATER_TEST01-5.2-5.6/Content/LANDSCAPE/Ocean/STONE_LayerInfo.uasset" 1779
"D:/UNDERWATER_TEST01-5.2-5.6/Content/LANDSCAPE/Ocean/STONE_LayerInfo.uexp" 1780
"D:/UNDERWATER_TEST01-5.2-5.6/Content/LANDSCAPE/Ocean/SAND2_LayerInfo.uasset" 1781
"D:/UNDERWATER_TEST01-5.2-5.6/Content/LANDSCAPE/Ocean/SAND2_LayerInfo.uexp" 1782
"D:/UNDERWATER_TEST01-5.2-5.6/Content/LANDSCAPE/Ocean/SAND1_LayerInfo.uasset" 1783
"D:/UNDERWATER_TEST01-5.2-5.6/Content/LANDSCAPE/Ocean/SAND1_LayerInfo.uexp" 1784
"../../../Engine/Content/EngineMaterials/WeightMapPlaceholderTexture.uasset" 1785
"../../../Engine/Content/EngineMaterials/WeightMapPlaceholderTexture.uexp" 1786
"../../../Engine/Content/EngineMaterials/WeightMapArrayPlaceholderTexture.uasset" 1787
"../../../Engine/Content/EngineMaterials/WeightMapArrayPlaceholderTexture.uexp" 1788
"D:/UNDERWATER_TEST01-5.2-5.6/Content/LANDSCAPE/Ocean/TCom_SoilBeach0086_1_seamless_L2_N.uasset" 1789
"D:/UNDERWATER_TEST01-5.2-5.6/Content/LANDSCAPE/Ocean/TCom_SoilBeach0086_1_seamless_L2_N.uexp" 1790
"D:/UNDERWATER_TEST01-5.2-5.6/Content/LANDSCAPE/Ocean/TCom_SoilBeach0086_1_seamless_L2.uasset" 1791
"D:/UNDERWATER_TEST01-5.2-5.6/Content/LANDSCAPE/Ocean/TCom_SoilBeach0086_1_seamless_L2.uexp" 1792
"D:/UNDERWATER_TEST01-5.2-5.6/Content/LANDSCAPE/Ocean/TCom_SandPebbles0060_1_seamless_L2_N.uasset" 1793
"D:/UNDERWATER_TEST01-5.2-5.6/Content/LANDSCAPE/Ocean/TCom_SandPebbles0060_1_seamless_L2_N.uexp" 1794
"D:/UNDERWATER_TEST01-5.2-5.6/Content/LANDSCAPE/Ocean/TCom_SandPebbles0060_1_seamless_L2.uasset" 1795
"D:/UNDERWATER_TEST01-5.2-5.6/Content/LANDSCAPE/Ocean/TCom_SandPebbles0060_1_seamless_L2.uexp" 1796
"D:/UNDERWATER_TEST01-5.2-5.6/Content/LANDSCAPE/Ocean/TCom_Rock_BoulderMossy_4K_height.ubulk" 1797
"D:/UNDERWATER_TEST01-5.2-5.6/Content/LANDSCAPE/Ocean/TCom_Rock_BoulderMossy_4K_height.uasset" 1798
"D:/UNDERWATER_TEST01-5.2-5.6/Content/LANDSCAPE/Ocean/TCom_Rock_BoulderMossy_4K_height.uexp" 1799
"D:/UNDERWATER_TEST01-5.2-5.6/Content/LANDSCAPE/Ocean/TCom_DebrisStone0006_1_seamless_M2_N.uasset" 1800
"D:/UNDERWATER_TEST01-5.2-5.6/Content/LANDSCAPE/Ocean/TCom_DebrisStone0006_1_seamless_M2_N.uexp" 1801
"D:/UNDERWATER_TEST01-5.2-5.6/Content/LANDSCAPE/Ocean/TCom_DebrisStone0006_1_seamless_M2.uasset" 1802
"D:/UNDERWATER_TEST01-5.2-5.6/Content/LANDSCAPE/Ocean/TCom_DebrisStone0006_1_seamless_M2.uexp" 1803
"D:/UNDERWATER_TEST01-5.2-5.6/Content/LANDSCAPE/Ocean/TCom_DebrisStone0003_1_seamless_M.uasset" 1804
"D:/UNDERWATER_TEST01-5.2-5.6/Content/LANDSCAPE/Ocean/TCom_DebrisStone0003_1_seamless_M.uexp" 1805
"D:/UNDERWATER_TEST01-5.2-5.6/Content/LANDSCAPE/Ocean/M_landscape_Ocean.uasset" 1806
"D:/UNDERWATER_TEST01-5.2-5.6/Content/LANDSCAPE/Ocean/M_landscape_Ocean.uexp" 1807
"D:/UNDERWATER_TEST01-5.2-5.6/Content/LANDSCAPE/Ocean/BRICKS_LayerInfo.uasset" 1808
"D:/UNDERWATER_TEST01-5.2-5.6/Content/LANDSCAPE/Ocean/BRICKS_LayerInfo.uexp" 1809
"D:/UNDERWATER_TEST01-5.2-5.6/Content/Corals/TEXTURE_coral_level2/Coral_normal_/Staghorn_coral/SC_01_aiStandardSurface8_OcclusionRoughnessMetallic.ubulk" 1810
"D:/UNDERWATER_TEST01-5.2-5.6/Content/Corals/TEXTURE_coral_level2/Coral_normal_/Staghorn_coral/SC_01_aiStandardSurface8_OcclusionRoughnessMetallic.uasset" 1811
"D:/UNDERWATER_TEST01-5.2-5.6/Content/Corals/TEXTURE_coral_level2/Coral_normal_/Staghorn_coral/SC_01_aiStandardSurface8_OcclusionRoughnessMetallic.uexp" 1812
"D:/UNDERWATER_TEST01-5.2-5.6/Content/Corals/TEXTURE_coral_level2/Coral_normal_/Staghorn_coral/SC_01_aiStandardSurface8_Normal.ubulk" 1813
"D:/UNDERWATER_TEST01-5.2-5.6/Content/Corals/TEXTURE_coral_level2/Coral_normal_/Staghorn_coral/SC_01_aiStandardSurface8_Normal.uasset" 1814
"D:/UNDERWATER_TEST01-5.2-5.6/Content/Corals/TEXTURE_coral_level2/Coral_normal_/Staghorn_coral/SC_01_aiStandardSurface8_Normal.uexp" 1815
"D:/UNDERWATER_TEST01-5.2-5.6/Content/Corals/TEXTURE_coral_level2/Coral_normal_/Staghorn_coral/SC_01_aiStandardSurface8_BaseColor.ubulk" 1816
"D:/UNDERWATER_TEST01-5.2-5.6/Content/Corals/TEXTURE_coral_level2/Coral_normal_/Staghorn_coral/SC_01_aiStandardSurface8_BaseColor.uasset" 1817
"D:/UNDERWATER_TEST01-5.2-5.6/Content/Corals/TEXTURE_coral_level2/Coral_normal_/Staghorn_coral/SC_01_aiStandardSurface8_BaseColor.uexp" 1818
"D:/UNDERWATER_TEST01-5.2-5.6/Content/Corals/TEXTURE_coral_level2/Coral_normal_/Staghorn_coral/H_SC_01V2.uasset" 1819
"D:/UNDERWATER_TEST01-5.2-5.6/Content/Corals/TEXTURE_coral_level2/Coral_normal_/Staghorn_coral/H_SC_01V2.uexp" 1820
"D:/UNDERWATER_TEST01-5.2-5.6/Content/Corals/TEXTURE_coral_level2/Coral_normal_/Staghorn_coral/H_SC_01.uasset" 1821
"D:/UNDERWATER_TEST01-5.2-5.6/Content/Corals/TEXTURE_coral_level2/Coral_normal_/Staghorn_coral/H_SC_01.uexp" 1822
"D:/UNDERWATER_TEST01-5.2-5.6/Content/Corals/TEXTURE_coral_level2/Coral_normal_/pink_tipped_anemore/pta_01_aiStandardSurface1_OcclusionRoughnessMetallic.ubulk" 1823
"D:/UNDERWATER_TEST01-5.2-5.6/Content/Corals/TEXTURE_coral_level2/Coral_normal_/pink_tipped_anemore/pta_01_aiStandardSurface1_OcclusionRoughnessMetallic.uasset" 1824
"D:/UNDERWATER_TEST01-5.2-5.6/Content/Corals/TEXTURE_coral_level2/Coral_normal_/pink_tipped_anemore/pta_01_aiStandardSurface1_OcclusionRoughnessMetallic.uexp" 1825
"D:/UNDERWATER_TEST01-5.2-5.6/Content/Corals/TEXTURE_coral_level2/Coral_normal_/pink_tipped_anemore/pta_01_aiStandardSurface1_Normal.ubulk" 1826
"D:/UNDERWATER_TEST01-5.2-5.6/Content/Corals/TEXTURE_coral_level2/Coral_normal_/pink_tipped_anemore/pta_01_aiStandardSurface1_Normal.uasset" 1827
"D:/UNDERWATER_TEST01-5.2-5.6/Content/Corals/TEXTURE_coral_level2/Coral_normal_/pink_tipped_anemore/pta_01_aiStandardSurface1_Normal.uexp" 1828
"D:/UNDERWATER_TEST01-5.2-5.6/Content/Corals/TEXTURE_coral_level2/Coral_normal_/pink_tipped_anemore/pta_01_aiStandardSurface1_BaseColor.ubulk" 1829
"D:/UNDERWATER_TEST01-5.2-5.6/Content/Corals/TEXTURE_coral_level2/Coral_normal_/pink_tipped_anemore/pta_01_aiStandardSurface1_BaseColor.uasset" 1830
"D:/UNDERWATER_TEST01-5.2-5.6/Content/Corals/TEXTURE_coral_level2/Coral_normal_/pink_tipped_anemore/pta_01_aiStandardSurface1_BaseColor.uexp" 1831
"D:/UNDERWATER_TEST01-5.2-5.6/Content/Corals/TEXTURE_coral_level2/Coral_normal_/pink_tipped_anemore/h_pta_01_pt.uasset" 1832
"D:/UNDERWATER_TEST01-5.2-5.6/Content/Corals/TEXTURE_coral_level2/Coral_normal_/pink_tipped_anemore/h_pta_01_pt.uexp" 1833
"D:/UNDERWATER_TEST01-5.2-5.6/Content/Corals/TEXTURE_coral_level2/Coral_normal_/pink_tipped_anemore/Pink_Tipped_Anemore1_aiStandardSurface3_OcclusionRoughnessMetallic.ubulk" 1834
"D:/UNDERWATER_TEST01-5.2-5.6/Content/Corals/TEXTURE_coral_level2/Coral_normal_/pink_tipped_anemore/Pink_Tipped_Anemore1_aiStandardSurface3_OcclusionRoughnessMetallic.uasset" 1835
"D:/UNDERWATER_TEST01-5.2-5.6/Content/Corals/TEXTURE_coral_level2/Coral_normal_/pink_tipped_anemore/Pink_Tipped_Anemore1_aiStandardSurface3_OcclusionRoughnessMetallic.uexp" 1836
"D:/UNDERWATER_TEST01-5.2-5.6/Content/Corals/TEXTURE_coral_level2/Coral_normal_/pink_tipped_anemore/Pink_Tipped_Anemore1_aiStandardSurface3_Normal.ubulk" 1837
"D:/UNDERWATER_TEST01-5.2-5.6/Content/Corals/TEXTURE_coral_level2/Coral_normal_/pink_tipped_anemore/Pink_Tipped_Anemore1_aiStandardSurface3_Normal.uasset" 1838
"D:/UNDERWATER_TEST01-5.2-5.6/Content/Corals/TEXTURE_coral_level2/Coral_normal_/pink_tipped_anemore/Pink_Tipped_Anemore1_aiStandardSurface3_Normal.uexp" 1839
"D:/UNDERWATER_TEST01-5.2-5.6/Content/Corals/TEXTURE_coral_level2/Coral_normal_/pink_tipped_anemore/Pink_Tipped_Anemore1_aiStandardSurface3_BaseColor.ubulk" 1840
"D:/UNDERWATER_TEST01-5.2-5.6/Content/Corals/TEXTURE_coral_level2/Coral_normal_/pink_tipped_anemore/Pink_Tipped_Anemore1_aiStandardSurface3_BaseColor.uasset" 1841
"D:/UNDERWATER_TEST01-5.2-5.6/Content/Corals/TEXTURE_coral_level2/Coral_normal_/pink_tipped_anemore/Pink_Tipped_Anemore1_aiStandardSurface3_BaseColor.uexp" 1842
"D:/UNDERWATER_TEST01-5.2-5.6/Content/Corals/TEXTURE_coral_level2/Coral_normal_/pink_tipped_anemore/h_pta_01.uasset" 1843
"D:/UNDERWATER_TEST01-5.2-5.6/Content/Corals/TEXTURE_coral_level2/Coral_normal_/pink_tipped_anemore/h_pta_01.uexp" 1844
"D:/UNDERWATER_TEST01-5.2-5.6/Content/Corals/TEXTURE_coral_level2/Coral_normal_/mushroom_coral/Mushroom_Coral2_aiStandardSurface8_OcclusionRoughnessMetallic.ubulk" 1845
"D:/UNDERWATER_TEST01-5.2-5.6/Content/Corals/TEXTURE_coral_level2/Coral_normal_/mushroom_coral/Mushroom_Coral2_aiStandardSurface8_OcclusionRoughnessMetallic.uasset" 1846
"D:/UNDERWATER_TEST01-5.2-5.6/Content/Corals/TEXTURE_coral_level2/Coral_normal_/mushroom_coral/Mushroom_Coral2_aiStandardSurface8_OcclusionRoughnessMetallic.uexp" 1847
"D:/UNDERWATER_TEST01-5.2-5.6/Content/Corals/TEXTURE_coral_level2/Coral_normal_/mushroom_coral/Mushroom_Coral2_aiStandardSurface8_Normal.ubulk" 1848
"D:/UNDERWATER_TEST01-5.2-5.6/Content/Corals/TEXTURE_coral_level2/Coral_normal_/mushroom_coral/Mushroom_Coral2_aiStandardSurface8_Normal.uasset" 1849
"D:/UNDERWATER_TEST01-5.2-5.6/Content/Corals/TEXTURE_coral_level2/Coral_normal_/mushroom_coral/Mushroom_Coral2_aiStandardSurface8_Normal.uexp" 1850
"D:/UNDERWATER_TEST01-5.2-5.6/Content/Corals/TEXTURE_coral_level2/Coral_normal_/mushroom_coral/Mushroom_Coral2_aiStandardSurface8_BaseColor.ubulk" 1851
"D:/UNDERWATER_TEST01-5.2-5.6/Content/Corals/TEXTURE_coral_level2/Coral_normal_/mushroom_coral/Mushroom_Coral2_aiStandardSurface8_BaseColor.uasset" 1852
"D:/UNDERWATER_TEST01-5.2-5.6/Content/Corals/TEXTURE_coral_level2/Coral_normal_/mushroom_coral/Mushroom_Coral2_aiStandardSurface8_BaseColor.uexp" 1853
"D:/UNDERWATER_TEST01-5.2-5.6/Content/Corals/TEXTURE_coral_level2/Coral_normal_/mushroom_coral/h_mc_02.uasset" 1854
"D:/UNDERWATER_TEST01-5.2-5.6/Content/Corals/TEXTURE_coral_level2/Coral_normal_/mushroom_coral/h_mc_02.uexp" 1855
"D:/UNDERWATER_TEST01-5.2-5.6/Content/Corals/TEXTURE_coral_level2/Coral_normal_/Lettuce_leaf_coral/llc_02v2_aiStandardSurface8_OcclusionRoughnessMetallic.ubulk" 1856
"D:/UNDERWATER_TEST01-5.2-5.6/Content/Corals/TEXTURE_coral_level2/Coral_normal_/Lettuce_leaf_coral/llc_02v2_aiStandardSurface8_OcclusionRoughnessMetallic.uasset" 1857
"D:/UNDERWATER_TEST01-5.2-5.6/Content/Corals/TEXTURE_coral_level2/Coral_normal_/Lettuce_leaf_coral/llc_02v2_aiStandardSurface8_OcclusionRoughnessMetallic.uexp" 1858
"D:/UNDERWATER_TEST01-5.2-5.6/Content/Corals/TEXTURE_coral_level2/Coral_normal_/Lettuce_leaf_coral/llc_02v2_aiStandardSurface8_Normal.ubulk" 1859
"D:/UNDERWATER_TEST01-5.2-5.6/Content/Corals/TEXTURE_coral_level2/Coral_normal_/Lettuce_leaf_coral/llc_02v2_aiStandardSurface8_Normal.uasset" 1860
"D:/UNDERWATER_TEST01-5.2-5.6/Content/Corals/TEXTURE_coral_level2/Coral_normal_/Lettuce_leaf_coral/llc_02v2_aiStandardSurface8_Normal.uexp" 1861
"D:/UNDERWATER_TEST01-5.2-5.6/Content/Corals/TEXTURE_coral_level2/Coral_normal_/Lettuce_leaf_coral/llc_02v2_aiStandardSurface8_BaseColor.ubulk" 1862
"D:/UNDERWATER_TEST01-5.2-5.6/Content/Corals/TEXTURE_coral_level2/Coral_normal_/Lettuce_leaf_coral/llc_02v2_aiStandardSurface8_BaseColor.uasset" 1863
"D:/UNDERWATER_TEST01-5.2-5.6/Content/Corals/TEXTURE_coral_level2/Coral_normal_/Lettuce_leaf_coral/llc_02v2_aiStandardSurface8_BaseColor.uexp" 1864
"D:/UNDERWATER_TEST01-5.2-5.6/Content/Corals/TEXTURE_coral_level2/Coral_normal_/Lettuce_leaf_coral/h_llc_02v2.uasset" 1865
"D:/UNDERWATER_TEST01-5.2-5.6/Content/Corals/TEXTURE_coral_level2/Coral_normal_/Lettuce_leaf_coral/h_llc_02v2.uexp" 1866
"D:/UNDERWATER_TEST01-5.2-5.6/Content/Corals/TEXTURE_coral_level2/Coral_normal_/Lettuce_leaf_coral/llc_02_aiStandardSurface8_OcclusionRoughnessMetallic.ubulk" 1867
"D:/UNDERWATER_TEST01-5.2-5.6/Content/Corals/TEXTURE_coral_level2/Coral_normal_/Lettuce_leaf_coral/llc_02_aiStandardSurface8_OcclusionRoughnessMetallic.uasset" 1868
"D:/UNDERWATER_TEST01-5.2-5.6/Content/Corals/TEXTURE_coral_level2/Coral_normal_/Lettuce_leaf_coral/llc_02_aiStandardSurface8_OcclusionRoughnessMetallic.uexp" 1869
"D:/UNDERWATER_TEST01-5.2-5.6/Content/Corals/TEXTURE_coral_level2/Coral_normal_/Lettuce_leaf_coral/llc_02_aiStandardSurface8_Normal.ubulk" 1870
"D:/UNDERWATER_TEST01-5.2-5.6/Content/Corals/TEXTURE_coral_level2/Coral_normal_/Lettuce_leaf_coral/llc_02_aiStandardSurface8_Normal.uasset" 1871
"D:/UNDERWATER_TEST01-5.2-5.6/Content/Corals/TEXTURE_coral_level2/Coral_normal_/Lettuce_leaf_coral/llc_02_aiStandardSurface8_Normal.uexp" 1872
"D:/UNDERWATER_TEST01-5.2-5.6/Content/Corals/TEXTURE_coral_level2/Coral_normal_/Lettuce_leaf_coral/llc_02_aiStandardSurface8_BaseColor.ubulk" 1873
"D:/UNDERWATER_TEST01-5.2-5.6/Content/Corals/TEXTURE_coral_level2/Coral_normal_/Lettuce_leaf_coral/llc_02_aiStandardSurface8_BaseColor.uasset" 1874
"D:/UNDERWATER_TEST01-5.2-5.6/Content/Corals/TEXTURE_coral_level2/Coral_normal_/Lettuce_leaf_coral/llc_02_aiStandardSurface8_BaseColor.uexp" 1875
"D:/UNDERWATER_TEST01-5.2-5.6/Content/Corals/TEXTURE_coral_level2/Coral_normal_/Lettuce_leaf_coral/h_llc_02.uasset" 1876
"D:/UNDERWATER_TEST01-5.2-5.6/Content/Corals/TEXTURE_coral_level2/Coral_normal_/Lettuce_leaf_coral/h_llc_02.uexp" 1877
"D:/UNDERWATER_TEST01-5.2-5.6/Content/Corals/TEXTURE_coral_level2/Coral_normal_/Lettuce_leaf_coral/llc_01_aiStandardSurface8_OcclusionRoughnessMetallic.ubulk" 1878
"D:/UNDERWATER_TEST01-5.2-5.6/Content/Corals/TEXTURE_coral_level2/Coral_normal_/Lettuce_leaf_coral/llc_01_aiStandardSurface8_OcclusionRoughnessMetallic.uasset" 1879
"D:/UNDERWATER_TEST01-5.2-5.6/Content/Corals/TEXTURE_coral_level2/Coral_normal_/Lettuce_leaf_coral/llc_01_aiStandardSurface8_OcclusionRoughnessMetallic.uexp" 1880
"D:/UNDERWATER_TEST01-5.2-5.6/Content/Corals/TEXTURE_coral_level2/Coral_normal_/Lettuce_leaf_coral/llc_01_aiStandardSurface8_Normal.ubulk" 1881
"D:/UNDERWATER_TEST01-5.2-5.6/Content/Corals/TEXTURE_coral_level2/Coral_normal_/Lettuce_leaf_coral/llc_01_aiStandardSurface8_Normal.uasset" 1882
"D:/UNDERWATER_TEST01-5.2-5.6/Content/Corals/TEXTURE_coral_level2/Coral_normal_/Lettuce_leaf_coral/llc_01_aiStandardSurface8_Normal.uexp" 1883
"D:/UNDERWATER_TEST01-5.2-5.6/Content/Corals/TEXTURE_coral_level2/Coral_normal_/Lettuce_leaf_coral/llc_01_aiStandardSurface8_BaseColor.ubulk" 1884
"D:/UNDERWATER_TEST01-5.2-5.6/Content/Corals/TEXTURE_coral_level2/Coral_normal_/Lettuce_leaf_coral/llc_01_aiStandardSurface8_BaseColor.uasset" 1885
"D:/UNDERWATER_TEST01-5.2-5.6/Content/Corals/TEXTURE_coral_level2/Coral_normal_/Lettuce_leaf_coral/llc_01_aiStandardSurface8_BaseColor.uexp" 1886
"D:/UNDERWATER_TEST01-5.2-5.6/Content/Corals/TEXTURE_coral_level2/Coral_normal_/Lettuce_leaf_coral/h_llc_01.uasset" 1887
"D:/UNDERWATER_TEST01-5.2-5.6/Content/Corals/TEXTURE_coral_level2/Coral_normal_/Lettuce_leaf_coral/h_llc_01.uexp" 1888
"D:/UNDERWATER_TEST01-5.2-5.6/Content/Corals/TEXTURE_coral_level2/Coral_normal_/Elkhorn_coral/Elkhorn_Coral2_aiStandardSurface8_OcclusionRoughnessMetallic.ubulk" 1889
"D:/UNDERWATER_TEST01-5.2-5.6/Content/Corals/TEXTURE_coral_level2/Coral_normal_/Elkhorn_coral/Elkhorn_Coral2_aiStandardSurface8_OcclusionRoughnessMetallic.uasset" 1890
"D:/UNDERWATER_TEST01-5.2-5.6/Content/Corals/TEXTURE_coral_level2/Coral_normal_/Elkhorn_coral/Elkhorn_Coral2_aiStandardSurface8_OcclusionRoughnessMetallic.uexp" 1891
"D:/UNDERWATER_TEST01-5.2-5.6/Content/Corals/TEXTURE_coral_level2/Coral_normal_/Elkhorn_coral/Elkhorn_Coral2_aiStandardSurface8_Normal.ubulk" 1892
"D:/UNDERWATER_TEST01-5.2-5.6/Content/Corals/TEXTURE_coral_level2/Coral_normal_/Elkhorn_coral/Elkhorn_Coral2_aiStandardSurface8_Normal.uasset" 1893
"D:/UNDERWATER_TEST01-5.2-5.6/Content/Corals/TEXTURE_coral_level2/Coral_normal_/Elkhorn_coral/Elkhorn_Coral2_aiStandardSurface8_Normal.uexp" 1894
"D:/UNDERWATER_TEST01-5.2-5.6/Content/Corals/TEXTURE_coral_level2/Coral_normal_/Elkhorn_coral/Elkhorn_Coral2_aiStandardSurface8_BaseColor.ubulk" 1895
"D:/UNDERWATER_TEST01-5.2-5.6/Content/Corals/TEXTURE_coral_level2/Coral_normal_/Elkhorn_coral/Elkhorn_Coral2_aiStandardSurface8_BaseColor.uasset" 1896
"D:/UNDERWATER_TEST01-5.2-5.6/Content/Corals/TEXTURE_coral_level2/Coral_normal_/Elkhorn_coral/Elkhorn_Coral2_aiStandardSurface8_BaseColor.uexp" 1897
"D:/UNDERWATER_TEST01-5.2-5.6/Content/Corals/TEXTURE_coral_level2/Coral_normal_/Elkhorn_coral/h_ec_02.uasset" 1898
"D:/UNDERWATER_TEST01-5.2-5.6/Content/Corals/TEXTURE_coral_level2/Coral_normal_/Elkhorn_coral/h_ec_02.uexp" 1899
"D:/UNDERWATER_TEST01-5.2-5.6/Content/Corals/coral_models/coral_normal_/Staghorn_coral2.ubulk" 1900
"D:/UNDERWATER_TEST01-5.2-5.6/Content/Corals/coral_models/coral_normal_/Staghorn_coral2.uasset" 1901
"D:/UNDERWATER_TEST01-5.2-5.6/Content/Corals/coral_models/coral_normal_/Staghorn_coral2.uexp" 1902
"D:/UNDERWATER_TEST01-5.2-5.6/Content/Corals/coral_models/coral_normal_/Staghorn_coral1.ubulk" 1903
"D:/UNDERWATER_TEST01-5.2-5.6/Content/Corals/coral_models/coral_normal_/Staghorn_coral1.uasset" 1904
"D:/UNDERWATER_TEST01-5.2-5.6/Content/Corals/coral_models/coral_normal_/Staghorn_coral1.uexp" 1905
"D:/UNDERWATER_TEST01-5.2-5.6/Content/Corals/coral_models/coral_normal_/Pink_Tipped_Anemore1.ubulk" 1906
"D:/UNDERWATER_TEST01-5.2-5.6/Content/Corals/coral_models/coral_normal_/Pink_Tipped_Anemore1.uasset" 1907
"D:/UNDERWATER_TEST01-5.2-5.6/Content/Corals/coral_models/coral_normal_/Pink_Tipped_Anemore1.uexp" 1908
"D:/UNDERWATER_TEST01-5.2-5.6/Content/Corals/coral_models/coral_normal_/Mushroom_Coral2.ubulk" 1909
"D:/UNDERWATER_TEST01-5.2-5.6/Content/Corals/coral_models/coral_normal_/Mushroom_Coral2.uasset" 1910
"D:/UNDERWATER_TEST01-5.2-5.6/Content/Corals/coral_models/coral_normal_/Mushroom_Coral2.uexp" 1911
"D:/UNDERWATER_TEST01-5.2-5.6/Content/Corals/coral_models/coral_normal_/Lettuce_Leaf_Coral2.ubulk" 1912
"D:/UNDERWATER_TEST01-5.2-5.6/Content/Corals/coral_models/coral_normal_/Lettuce_Leaf_Coral2.uasset" 1913
"D:/UNDERWATER_TEST01-5.2-5.6/Content/Corals/coral_models/coral_normal_/Lettuce_Leaf_Coral2.uexp" 1914
"D:/UNDERWATER_TEST01-5.2-5.6/Content/Corals/coral_models/coral_normal_/Lettuce_Leaf_Coral1.ubulk" 1915
"D:/UNDERWATER_TEST01-5.2-5.6/Content/Corals/coral_models/coral_normal_/Lettuce_Leaf_Coral1.uasset" 1916
"D:/UNDERWATER_TEST01-5.2-5.6/Content/Corals/coral_models/coral_normal_/Lettuce_Leaf_Coral1.uexp" 1917
"D:/UNDERWATER_TEST01-5.2-5.6/Content/Corals/coral_models/coral_normal_/Elkhorn_Coral2.ubulk" 1918
"D:/UNDERWATER_TEST01-5.2-5.6/Content/Corals/coral_models/coral_normal_/Elkhorn_Coral2.uasset" 1919
"D:/UNDERWATER_TEST01-5.2-5.6/Content/Corals/coral_models/coral_normal_/Elkhorn_Coral2.uexp" 1920
"../../../Engine/Plugins/2D/Paper2D/Content/TranslucentUnlitSpriteMaterial.uasset" 1921
"../../../Engine/Plugins/2D/Paper2D/Content/TranslucentUnlitSpriteMaterial.uexp" 1922
"D:/UNDERWATER_TEST01-5.2-5.6/Content/Game_Systems/Paper2DSystem/BEN_TEST_IDLE.ubulk" 1923
"D:/UNDERWATER_TEST01-5.2-5.6/Content/Game_Systems/Paper2DSystem/BEN_TEST_IDLE.uasset" 1924
"D:/UNDERWATER_TEST01-5.2-5.6/Content/Game_Systems/Paper2DSystem/BEN_TEST_IDLE.uexp" 1925
"D:/UNDERWATER_TEST01-5.2-5.6/Content/Game_Systems/Paper2DSystem/BENTESTIDLE_SPRITE.uasset" 1926
"D:/UNDERWATER_TEST01-5.2-5.6/Content/Game_Systems/Paper2DSystem/BENTESTIDLE_SPRITE.uexp" 1927
"D:/UNDERWATER_TEST01-5.2-5.6/Content/Game_Systems/Paper2DSystem/FB_BENIDLETEST.uasset" 1928
"D:/UNDERWATER_TEST01-5.2-5.6/Content/Game_Systems/Paper2DSystem/FB_BENIDLETEST.uexp" 1929
"D:/UNDERWATER_TEST01-5.2-5.6/Content/Game_Systems/Paper2DSystem/IMG_3624.ubulk" 1930
"D:/UNDERWATER_TEST01-5.2-5.6/Content/Game_Systems/Paper2DSystem/IMG_3624.uasset" 1931
"D:/UNDERWATER_TEST01-5.2-5.6/Content/Game_Systems/Paper2DSystem/IMG_3624.uexp" 1932
"D:/UNDERWATER_TEST01-5.2-5.6/Content/Game_Systems/Paper2DSystem/IMG_3624_Sprite.uasset" 1933
"D:/UNDERWATER_TEST01-5.2-5.6/Content/Game_Systems/Paper2DSystem/IMG_3624_Sprite.uexp" 1934
"D:/UNDERWATER_TEST01-5.2-5.6/Content/Game_Systems/Paper2DSystem/IMG.uasset" 1935
"D:/UNDERWATER_TEST01-5.2-5.6/Content/Game_Systems/Paper2DSystem/IMG.uexp" 1936
"D:/UNDERWATER_TEST01-5.2-5.6/Content/Game_Systems/Paper2DSystem/IMG_3627.ubulk" 1937
"D:/UNDERWATER_TEST01-5.2-5.6/Content/Game_Systems/Paper2DSystem/IMG_3627.uasset" 1938
"D:/UNDERWATER_TEST01-5.2-5.6/Content/Game_Systems/Paper2DSystem/IMG_3627.uexp" 1939
"D:/UNDERWATER_TEST01-5.2-5.6/Content/Game_Systems/Paper2DSystem/IMG_3627_Sprite.uasset" 1940
"D:/UNDERWATER_TEST01-5.2-5.6/Content/Game_Systems/Paper2DSystem/IMG_3627_Sprite.uexp" 1941
"D:/UNDERWATER_TEST01-5.2-5.6/Content/Game_Systems/Paper2DSystem/IMG3.uasset" 1942
"D:/UNDERWATER_TEST01-5.2-5.6/Content/Game_Systems/Paper2DSystem/IMG3.uexp" 1943
"D:/UNDERWATER_TEST01-5.2-5.6/Content/UI_Widget/W_DialogueOption.uasset" 1944
"D:/UNDERWATER_TEST01-5.2-5.6/Content/UI_Widget/W_DialogueOption.uexp" 1945
"D:/UNDERWATER_TEST01-5.2-5.6/Content/UI_Widget/W_Dialogue.uasset" 1946
"D:/UNDERWATER_TEST01-5.2-5.6/Content/UI_Widget/W_Dialogue.uexp" 1947
"D:/UNDERWATER_TEST01-5.2-5.6/Content/Game_Systems/DialogueSystem/Enum_DialogueState.uasset" 1948
"D:/UNDERWATER_TEST01-5.2-5.6/Content/Game_Systems/DialogueSystem/Enum_DialogueState.uexp" 1949
"D:/UNDERWATER_TEST01-5.2-5.6/Content/Game_Systems/DialogueSystem/fan.uasset" 1950
"D:/UNDERWATER_TEST01-5.2-5.6/Content/Game_Systems/DialogueSystem/fan.uexp" 1951
"D:/UNDERWATER_TEST01-5.2-5.6/Content/EFlipbooks.uasset" 1952
"D:/UNDERWATER_TEST01-5.2-5.6/Content/EFlipbooks.uexp" 1953
"D:/UNDERWATER_TEST01-5.2-5.6/Content/ENames.uasset" 1954
"D:/UNDERWATER_TEST01-5.2-5.6/Content/ENames.uexp" 1955
"D:/UNDERWATER_TEST01-5.2-5.6/Content/Game_Systems/Paper2DSystem/NPC_Fish_Base.uasset" 1956
"D:/UNDERWATER_TEST01-5.2-5.6/Content/Game_Systems/Paper2DSystem/NPC_Fish_Base.uexp" 1957
"D:/UNDERWATER_TEST01-5.2-5.6/Content/Game_Systems/DialogueSystem/AC_Dialogue_Child.uasset" 1958
"D:/UNDERWATER_TEST01-5.2-5.6/Content/Game_Systems/DialogueSystem/AC_Dialogue_Child.uexp" 1959
"D:/UNDERWATER_TEST01-5.2-5.6/Content/Game_Systems/DialogueSystem/AC_Dialogue_Base.uasset" 1960
"D:/UNDERWATER_TEST01-5.2-5.6/Content/Game_Systems/DialogueSystem/AC_Dialogue_Base.uexp" 1961
"../../../Engine/Content/EditorResources/FieldNodes/_Resources/M_FieldRadiusPreview.uasset" 1962
"../../../Engine/Content/EditorResources/FieldNodes/_Resources/M_FieldRadiusPreview.uexp" 1963
"../../../Engine/Content/EditorResources/FieldNodes/_Resources/MI_FieldRadiusPreview.uasset" 1964
"../../../Engine/Content/EditorResources/FieldNodes/_Resources/MI_FieldRadiusPreview.uexp" 1965
"../../../Engine/Content/EditorResources/FieldNodes/_Resources/SM_FieldArrow.ubulk" 1966
"../../../Engine/Content/EditorResources/FieldNodes/_Resources/SM_FieldArrow.uasset" 1967
"../../../Engine/Content/EditorResources/FieldNodes/_Resources/SM_FieldArrow.uexp" 1968
"D:/UNDERWATER_TEST01-5.2-5.6/Content/StarterContent/Props/SM_Chair.ubulk" 1969
"D:/UNDERWATER_TEST01-5.2-5.6/Content/StarterContent/Props/SM_Chair.uasset" 1970
"D:/UNDERWATER_TEST01-5.2-5.6/Content/StarterContent/Props/SM_Chair.uexp" 1971
"D:/UNDERWATER_TEST01-5.2-5.6/Content/Game_Systems/Paper2DSystem/IMG_3629.ubulk" 1972
"D:/UNDERWATER_TEST01-5.2-5.6/Content/Game_Systems/Paper2DSystem/IMG_3629.uasset" 1973
"D:/UNDERWATER_TEST01-5.2-5.6/Content/Game_Systems/Paper2DSystem/IMG_3629.uexp" 1974
"D:/UNDERWATER_TEST01-5.2-5.6/Content/Game_Systems/Paper2DSystem/IMG_3629_Sprite.uasset" 1975
"D:/UNDERWATER_TEST01-5.2-5.6/Content/Game_Systems/Paper2DSystem/IMG_3629_Sprite.uexp" 1976
"D:/UNDERWATER_TEST01-5.2-5.6/Content/Game_Systems/Paper2DSystem/IMG5.uasset" 1977
"D:/UNDERWATER_TEST01-5.2-5.6/Content/Game_Systems/Paper2DSystem/IMG5.uexp" 1978
"D:/UNDERWATER_TEST01-5.2-5.6/Content/Game_Systems/Paper2DSystem/IMG_3628.ubulk" 1979
"D:/UNDERWATER_TEST01-5.2-5.6/Content/Game_Systems/Paper2DSystem/IMG_3628.uasset" 1980
"D:/UNDERWATER_TEST01-5.2-5.6/Content/Game_Systems/Paper2DSystem/IMG_3628.uexp" 1981
"D:/UNDERWATER_TEST01-5.2-5.6/Content/Game_Systems/Paper2DSystem/IMG_3628_Sprite.uasset" 1982
"D:/UNDERWATER_TEST01-5.2-5.6/Content/Game_Systems/Paper2DSystem/IMG_3628_Sprite.uexp" 1983
"D:/UNDERWATER_TEST01-5.2-5.6/Content/Game_Systems/Paper2DSystem/IMG4.uasset" 1984
"D:/UNDERWATER_TEST01-5.2-5.6/Content/Game_Systems/Paper2DSystem/IMG4.uexp" 1985
"D:/UNDERWATER_TEST01-5.2-5.6/Content/Game_Systems/Paper2DSystem/IMG_3626.ubulk" 1986
"D:/UNDERWATER_TEST01-5.2-5.6/Content/Game_Systems/Paper2DSystem/IMG_3626.uasset" 1987
"D:/UNDERWATER_TEST01-5.2-5.6/Content/Game_Systems/Paper2DSystem/IMG_3626.uexp" 1988
"D:/UNDERWATER_TEST01-5.2-5.6/Content/Game_Systems/Paper2DSystem/IMG_3626_Sprite.uasset" 1989
"D:/UNDERWATER_TEST01-5.2-5.6/Content/Game_Systems/Paper2DSystem/IMG_3626_Sprite.uexp" 1990
"D:/UNDERWATER_TEST01-5.2-5.6/Content/Game_Systems/Paper2DSystem/IMG2.uasset" 1991
"D:/UNDERWATER_TEST01-5.2-5.6/Content/Game_Systems/Paper2DSystem/IMG2.uexp" 1992
"D:/UNDERWATER_TEST01-5.2-5.6/Content/Game_Systems/Paper2DSystem/IMG_3625.ubulk" 1993
"D:/UNDERWATER_TEST01-5.2-5.6/Content/Game_Systems/Paper2DSystem/IMG_3625.uasset" 1994
"D:/UNDERWATER_TEST01-5.2-5.6/Content/Game_Systems/Paper2DSystem/IMG_3625.uexp" 1995
"D:/UNDERWATER_TEST01-5.2-5.6/Content/Game_Systems/Paper2DSystem/IMG_3625_Sprite.uasset" 1996
"D:/UNDERWATER_TEST01-5.2-5.6/Content/Game_Systems/Paper2DSystem/IMG_3625_Sprite.uexp" 1997
"D:/UNDERWATER_TEST01-5.2-5.6/Content/Game_Systems/Paper2DSystem/IMG1.uasset" 1998
"D:/UNDERWATER_TEST01-5.2-5.6/Content/Game_Systems/Paper2DSystem/IMG1.uexp" 1999
"D:/UNDERWATER_TEST01-5.2-5.6/Content/Game_Systems/Paper2DSystem/BEN_TEST_SAD.ubulk" 2000
"D:/UNDERWATER_TEST01-5.2-5.6/Content/Game_Systems/Paper2DSystem/BEN_TEST_SAD.uasset" 2001
"D:/UNDERWATER_TEST01-5.2-5.6/Content/Game_Systems/Paper2DSystem/BEN_TEST_SAD.uexp" 2002
"D:/UNDERWATER_TEST01-5.2-5.6/Content/Game_Systems/Paper2DSystem/BENTESTSAD_SPRITE.uasset" 2003
"D:/UNDERWATER_TEST01-5.2-5.6/Content/Game_Systems/Paper2DSystem/BENTESTSAD_SPRITE.uexp" 2004
"D:/UNDERWATER_TEST01-5.2-5.6/Content/Game_Systems/Paper2DSystem/FB_BENSADTEST.uasset" 2005
"D:/UNDERWATER_TEST01-5.2-5.6/Content/Game_Systems/Paper2DSystem/FB_BENSADTEST.uexp" 2006
"D:/UNDERWATER_TEST01-5.2-5.6/Content/Game_Systems/Paper2DSystem/BEN_TEST_Swapping.ubulk" 2007
"D:/UNDERWATER_TEST01-5.2-5.6/Content/Game_Systems/Paper2DSystem/BEN_TEST_Swapping.uasset" 2008
"D:/UNDERWATER_TEST01-5.2-5.6/Content/Game_Systems/Paper2DSystem/BEN_TEST_Swapping.uexp" 2009
"D:/UNDERWATER_TEST01-5.2-5.6/Content/Game_Systems/Paper2DSystem/BEN_TEST_Swapping_Sprite.uasset" 2010
"D:/UNDERWATER_TEST01-5.2-5.6/Content/Game_Systems/Paper2DSystem/BEN_TEST_Swapping_Sprite.uexp" 2011
"D:/UNDERWATER_TEST01-5.2-5.6/Content/Game_Systems/Paper2DSystem/BEN_TEST_Swapping_Flipbook.uasset" 2012
"D:/UNDERWATER_TEST01-5.2-5.6/Content/Game_Systems/Paper2DSystem/BEN_TEST_Swapping_Flipbook.uexp" 2013
"D:/UNDERWATER_TEST01-5.2-5.6/Content/EConversation.uasset" 2014
"D:/UNDERWATER_TEST01-5.2-5.6/Content/EConversation.uexp" 2015
"D:/UNDERWATER_TEST01-5.2-5.6/Content/Game_Systems/DialogueSystem/AC_Dialogue_SeahorseTest.uasset" 2016
"D:/UNDERWATER_TEST01-5.2-5.6/Content/Game_Systems/DialogueSystem/AC_Dialogue_SeahorseTest.uexp" 2017
"D:/UNDERWATER_TEST01-5.2-5.6/Content/Game_Systems/Paper2DSystem/NPC_Fish_Child.uasset" 2018
"D:/UNDERWATER_TEST01-5.2-5.6/Content/Game_Systems/Paper2DSystem/NPC_Fish_Child.uexp" 2019
"D:/UNDERWATER_TEST01-5.2-5.6/Content/UNDERWATER_SETTING/Underwater_Setting.uexp" 2020
"D:/UNDERWATER_TEST01-5.2-5.6/Content/UNDERWATER_SETTING/Underwater_Setting.ubulk" 2021
"D:/UNDERWATER_TEST01-5.2-5.6/Content/UNDERWATER_SETTING/Underwater_Setting.umap" 2022
