"D:/UNDERWATER_TEST01-5.2-5.6/UNDERWATER_TEST01.uproject" 1
"../../../Engine/Plugins/AudioGameplay/AudioGameplay.uplugin" 2
"../../../Engine/Plugins/BlueprintFileUtils/BlueprintFileUtils.uplugin" 3
"../../../Engine/Plugins/ChaosClothAsset/ChaosClothAsset.uplugin" 4
"../../../Engine/Plugins/ChaosInsights/ChaosInsights.uplugin" 5
"../../../Engine/Plugins/Chooser/Chooser.uplugin" 6
"../../../Engine/Plugins/CmdLinkServer/CmdLinkServer.uplugin" 7
"../../../Engine/Plugins/EnhancedInput/EnhancedInput.uplugin" 8
"../../../Engine/Plugins/AudioGameplayVolume/AudioGameplayVolume.uplugin" 9
"../../../Engine/Plugins/IoStoreInsights/IoStoreInsights.uplugin" 10
"../../../Engine/Plugins/ChaosCloth/ChaosCloth.uplugin" 11
"../../../Engine/Plugins/ChaosVD/ChaosVD.uplugin" 12
"../../../Engine/Plugins/DiscoveryBeaconReceiver/DiscoveryBeaconReceiver.uplugin" 13
"../../../Engine/Plugins/AudioInsights/AudioInsights.uplugin" 14
"../../../Engine/Plugins/JsonBlueprintUtilities/JsonBlueprintUtilities.uplugin" 15
"../../../Engine/Plugins/MassInsights/MassInsights.uplugin" 16
"../../../Engine/Plugins/WorldMetrics/WorldMetrics.uplugin" 17
"../../../Engine/Plugins/LightWeightInstancesEditor/LightWeightInstancesEditor.uplugin" 18
"../../../Engine/Plugins/ScriptPlugin/ScriptPlugin.uplugin" 19
"../../../Engine/Plugins/XGEController/XGEController.uplugin" 20
"../../../Engine/Plugins/TraceUtilities/TraceUtilities.uplugin" 21
"../../../Engine/Plugins/UbaController/UbaController.uplugin" 22
"../../../Engine/Plugins/ChaosClothAssetEditor/ChaosClothAssetEditor.uplugin" 23
"../../../Engine/Plugins/FastBuildController/FastBuildController.uplugin" 24
"../../../Engine/Plugins/TextureGraph/TextureGraph.uplugin" 25
"../../../Engine/Plugins/AI/AISupport/AISupport.uplugin" 26
"../../../Engine/Plugins/Bridge/Bridge.uplugin" 27
"../../../Engine/Plugins/AI/EnvironmentQueryEditor/EnvironmentQueryEditor.uplugin" 28
"../../../Engine/Plugins/AI/HTNPlanner/HTNPlanner.uplugin" 29
"../../../Engine/Plugins/Compositing/OpenColorIO/OpenColorIO.uplugin" 30
"../../../Engine/Plugins/Developer/BlankPlugin/BlankPlugin.uplugin" 31
"../../../Engine/Plugins/Developer/AnimationSharing/AnimationSharing.uplugin" 32
"../../../Engine/Plugins/Developer/CodeLiteSourceCodeAccess/CodeLiteSourceCodeAccess.uplugin" 33
"../../../Engine/Plugins/Developer/DumpGPUServices/DumpGPUServices.uplugin" 34
"../../../Engine/Plugins/Developer/DirectoryPlaceholder/DirectoryPlaceholder.uplugin" 35
"../../../Engine/Plugins/Developer/GitSourceControl/GitSourceControl.uplugin" 36
"../../../Engine/Plugins/Developer/N10XSourceCodeAccess/N10XSourceCodeAccess.uplugin" 37
"../../../Engine/Plugins/Developer/KDevelopSourceCodeAccess/KDevelopSourceCodeAccess.uplugin" 38
"../../../Engine/Plugins/Developer/FieldNotificationTrace/FieldNotificationTrace.uplugin" 39
"../../../Engine/Plugins/Developer/NamingTokens/NamingTokens.uplugin" 40
"../../../Engine/Plugins/Developer/NullSourceCodeAccess/NullSourceCodeAccess.uplugin" 41
"../../../Engine/Plugins/Developer/OneSkyLocalizationService/OneSkyLocalizationService.uplugin" 42
"../../../Engine/Plugins/Developer/PerforceSourceControl/PerforceSourceControl.uplugin" 43
"../../../Engine/Plugins/Developer/PixWinPlugin/PixWinPlugin.uplugin" 44
"../../../Engine/Plugins/Developer/PlasticSourceControl/PlasticSourceControl.uplugin" 45
"../../../Engine/Plugins/Developer/PluginUtils/PluginUtils.uplugin" 46
"../../../Engine/Plugins/Developer/ProjectLauncher/ProjectLauncher.uplugin" 47
"../../../Engine/Plugins/Developer/RenderDocPlugin/RenderDocPlugin.uplugin" 48
"../../../Engine/Plugins/Developer/PropertyAccessNode/PropertyAccessNode.uplugin" 49
"../../../Engine/Plugins/Developer/RiderSourceCodeAccess/RiderSourceCodeAccess.uplugin" 50
"../../../Engine/Plugins/Developer/SubversionSourceControl/SubversionSourceControl.uplugin" 51
"../../../Engine/Plugins/Developer/TextureFormatOodle/TextureFormatOodle.uplugin" 52
"../../../Engine/Plugins/Developer/TraceDataFiltering/TraceDataFilters.uplugin" 53
"../../../Engine/Plugins/Developer/TraceSourceFiltering/TraceSourceFilters.uplugin" 54
"../../../Engine/Plugins/Developer/VisualStudioCodeSourceCodeAccess/VisualStudioCodeSourceCodeAccess.uplugin" 55
"../../../Engine/Plugins/Developer/VisualStudioSourceCodeAccess/VisualStudioSourceCodeAccess.uplugin" 56
"../../../Engine/Plugins/Developer/XcodeGPUDebuggerPlugin/XcodeGPUDebuggerPlugin.uplugin" 57
"../../../Engine/Plugins/Developer/XCodeSourceCodeAccess/XCodeSourceCodeAccess.uplugin" 58
"../../../Engine/Plugins/Editor/AssetManagerEditor/AssetManagerEditor.uplugin" 59
"../../../Engine/Plugins/Developer/UObjectPlugin/UObjectPlugin.uplugin" 60
"../../../Engine/Plugins/Editor/AssetRegistryExport/AssetRegistryExport.uplugin" 61
"../../../Engine/Plugins/Editor/AssetReferenceRestrictions/AssetReferenceRestrictions.uplugin" 62
"../../../Engine/Plugins/Editor/BlueprintHeaderView/BlueprintHeaderView.uplugin" 63
"../../../Engine/Plugins/Editor/ChangelistReview/ChangelistReview.uplugin" 64
"../../../Engine/Plugins/Editor/BlueprintMaterialTextureNodes/BlueprintMaterialTextureNodes.uplugin" 65
"../../../Engine/Plugins/Editor/ColorGrading/ColorGrading.uplugin" 66
"../../../Engine/Plugins/Editor/AssetSearch/AssetSearch.uplugin" 67
"../../../Engine/Plugins/Editor/CurveEditorTools/CurveEditorTools.uplugin" 68
"../../../Engine/Plugins/Editor/CryptoKeys/CryptoKeys.uplugin" 69
"../../../Engine/Plugins/Editor/ConsoleVariablesEditor/ConsoleVariables.uplugin" 70
"../../../Engine/Plugins/Editor/DataValidation/DataValidation.uplugin" 71
"../../../Engine/Plugins/Editor/EditorDebugTools/EditorDebugTools.uplugin" 72
"../../../Engine/Plugins/Editor/EngineAssetDefinitions/EngineAssetDefinitions.uplugin" 73
"../../../Engine/Plugins/Editor/FacialAnimation/FacialAnimation.uplugin" 74
"../../../Engine/Plugins/Editor/EditorSysConfigAssistant/EditorSysConfigAssistant.uplugin" 75
"../../../Engine/Plugins/Editor/GameplayTagsEditor/GameplayTagsEditor.uplugin" 76
"../../../Engine/Plugins/Editor/GeometryMode/GeometryMode.uplugin" 77
"../../../Engine/Plugins/Editor/GuidedTutorials/GuidedTutorials.uplugin" 78
"../../../Engine/Plugins/Editor/LiveUpdateForSlate/LiveUpdateForSlate.uplugin" 79
"../../../Engine/Plugins/Editor/MacGraphicsSwitching/MacGraphicsSwitching.uplugin" 80
"../../../Engine/Plugins/Editor/MaterialAnalyzer/MaterialAnalyzer.uplugin" 81
"../../../Engine/Plugins/Editor/MakeCookedEditorAsDLC/MakeCookedEditorAsDLC.uplugin" 82
"../../../Engine/Plugins/Editor/MeshLODToolset/MeshLODToolset.uplugin" 83
"../../../Engine/Plugins/Editor/MobileLauncherProfileWizard/MobileLauncherProfileWizard.uplugin" 84
"../../../Engine/Plugins/Editor/ModelingToolsEditorMode/ModelingToolsEditorMode.uplugin" 85
"../../../Engine/Plugins/Editor/ModelViewViewModelPreview/ModelViewViewModelPreview.uplugin" 86
"../../../Engine/Plugins/Editor/PluginBrowser/PluginBrowser.uplugin" 87
"../../../Engine/Plugins/Editor/ProxyLODPlugin/ProxyLODPlugin.uplugin" 88
"../../../Engine/Plugins/Editor/SampleToolsEditorMode/SampleToolsEditorMode.uplugin" 89
"../../../Engine/Plugins/Editor/ScriptableToolsEditorMode/ScriptableToolsEditorMode.uplugin" 90
"../../../Engine/Plugins/Editor/SequencerAnimTools/SequencerAnimTools.uplugin" 91
"../../../Engine/Plugins/Editor/SpeedTreeImporter/SpeedTreeImporter.uplugin" 92
"../../../Engine/Plugins/Editor/StylusInput/StylusInput.uplugin" 93
"../../../Engine/Plugins/Editor/StaticMeshEditorModeling/StaticMeshEditorModeling.uplugin" 94
"../../../Engine/Plugins/Editor/UMGWidgetPreview/UMGWidgetPreview.uplugin" 95
"../../../Engine/Plugins/Editor/UVEditor/UVEditor.uplugin" 96
"../../../Engine/Plugins/Editor/WorldPartitionHLODUtilities/WorldPartitionHLODUtilities.uplugin" 97
"../../../Engine/Plugins/Editor/WaveformEditor/WaveformEditor.uplugin" 98
"../../../Engine/Plugins/Experimental/AbilitySystemGameFeatureActions/AbilitySystemGameFeatureActions.uplugin" 99
"../../../Engine/Plugins/Experimental/AdvancedRenamer/AdvancedRenamer.uplugin" 100
"../../../Engine/Plugins/Experimental/ActorPalette/ActorPalette.uplugin" 101
"../../../Engine/Plugins/AI/MassCrowd/MassCrowd.uplugin" 102
"../../../Engine/Plugins/AI/MLAdapter/MLAdapter.uplugin" 103
"../../../Engine/Plugins/Experimental/AnimNext/AnimNext.uplugin" 104
"../../../Engine/Plugins/Experimental/AnimNextAnimGraph/AnimNextAnimGraph.uplugin" 105
"../../../Engine/Plugins/Experimental/AnimNextChooser/AnimNextChooser.uplugin" 106
"../../../Engine/Plugins/Experimental/AnimNextControlRig/AnimNextControlRig.uplugin" 107
"../../../Engine/Plugins/Experimental/AnimNextPoseSearch/AnimNextPoseSearch.uplugin" 108
"../../../Engine/Plugins/Experimental/AnimNextStateTree/AnimNextStateTree.uplugin" 109
"../../../Engine/Plugins/Experimental/AnimNextWarping/AnimNextWarping.uplugin" 110
"../../../Engine/Plugins/Experimental/AnimToTexture/AnimToTexture.uplugin" 111
"../../../Engine/Plugins/Experimental/AsyncMessageSystem/AsyncMessageSystem.uplugin" 112
"../../../Engine/Plugins/Experimental/AutomationUtils/AutomationUtils.uplugin" 113
"../../../Engine/Plugins/Experimental/AsyncMessageSystemTests/AsyncMessageSystemTests.uplugin" 114
"../../../Engine/Plugins/Experimental/AvalancheDisplayCluster/AvalancheDisplayCluster.uplugin" 115
"../../../Engine/Plugins/Experimental/AvalancheDataLink/AvalancheDataLink.uplugin" 116
"../../../Engine/Plugins/Experimental/AvalancheSceneState/AvalancheSceneState.uplugin" 117
"../../../Engine/Plugins/Experimental/BlueprintSnapNodes/BlueprintSnapNodes.uplugin" 118
"../../../Engine/Plugins/Experimental/AvalancheSequenceNavigator/AvalancheSequenceNavigator.uplugin" 119
"../../../Engine/Plugins/Experimental/BackChannel/BackChannel.uplugin" 120
"../../../Engine/Plugins/Experimental/BlueprintStats/BlueprintStats.uplugin" 121
"../../../Engine/Plugins/Experimental/Buoyancy/Buoyancy.uplugin" 122
"../../../Engine/Plugins/Experimental/ChaosCaching/ChaosCaching.uplugin" 123
"../../../Engine/Plugins/Experimental/ChaosCachingUSD/ChaosCachingUSD.uplugin" 124
"../../../Engine/Plugins/Experimental/CelestialVault/CelestialVault.uplugin" 125
"../../../Engine/Plugins/Experimental/ChaosClothEditor/ChaosClothEditor.uplugin" 126
"../../../Engine/Plugins/Experimental/ChaosEditor/ChaosEditor.uplugin" 127
"../../../Engine/Plugins/Experimental/ChaosVehiclesPlugin/ChaosVehiclesPlugin.uplugin" 128
"../../../Engine/Plugins/Experimental/CharacterAI/CharacterAI.uplugin" 129
"../../../Engine/Plugins/Experimental/CineCameraRigs/CineCameraRigs.uplugin" 130
"../../../Engine/Plugins/Experimental/CineCameraSceneCapture/CineCameraSceneCapture.uplugin" 131
"../../../Engine/Plugins/Experimental/ChaosModularVehicle/ChaosModularVehicle.uplugin" 132
"../../../Engine/Plugins/Experimental/ChaosModularVehicleExamples/ChaosModularVehicleExamples.uplugin" 133
"../../../Engine/Plugins/Experimental/CodeEditor/CodeEditor.uplugin" 134
"../../../Engine/Plugins/Experimental/ChaosMover/ChaosMover.uplugin" 135
"../../../Engine/Plugins/Experimental/ChaosNiagara/ChaosNiagara.uplugin" 136
"../../../Engine/Plugins/Experimental/CodeView/CodeView.uplugin" 137
"../../../Engine/Plugins/Experimental/ChaosSolverPlugin/ChaosSolverPlugin.uplugin" 138
"../../../Engine/Plugins/Experimental/ChaosUserDataPT/ChaosUserDataPT.uplugin" 139
"../../../Engine/Plugins/Experimental/CommonConversation/CommonConversation.uplugin" 140
"../../../Engine/Plugins/Experimental/ControlFlows/ControlFlows.uplugin" 141
"../../../Engine/Plugins/Experimental/Dataflow/Dataflow.uplugin" 142
"../../../Engine/Plugins/AI/MassAI/MassAI.uplugin" 143
"../../../Engine/Plugins/Experimental/DataLink/DataLink.uplugin" 144
"../../../Engine/Plugins/Experimental/DataLinkOAuth/DataLinkOAuth.uplugin" 145
"../../../Engine/Plugins/Experimental/DefaultInstallBundleManager/DefaultInstallBundleManager.uplugin" 146
"../../../Engine/Plugins/Experimental/DynamicMaterialMediaStreamBridge/DynamicMaterialMediaStreamBridge.uplugin" 147
"../../../Engine/Plugins/Experimental/EditorDataStorage/EditorDataStorage.uplugin" 148
"../../../Engine/Plugins/Experimental/EditorDataStorageFeatures/EditorDataStorageFeatures.uplugin" 149
"../../../Engine/Plugins/Experimental/EditorPerformance/EditorPerformance.uplugin" 150
"../../../Engine/Plugins/Experimental/EditorTelemetry/EditorTelemetry.uplugin" 151
"../../../Engine/Plugins/Experimental/EvaluationNotifies/EvaluationNotifies.uplugin" 152
"../../../Engine/Plugins/Experimental/FastGeoStreaming/FastGeoStreaming.uplugin" 153
"../../../Engine/Plugins/Experimental/FloatingProperties/FloatingProperties.uplugin" 154
"../../../Engine/Plugins/Experimental/FieldSystemPlugin/FieldSystemPlugin.uplugin" 155
"../../../Engine/Plugins/Experimental/Fracture/Fracture.uplugin" 156
"../../../Engine/Plugins/Experimental/FullBodyIK/FullBodyIK.uplugin" 157
"../../../Engine/Plugins/Experimental/GameInputWindows/GameInputWindows.uplugin" 158
"../../../Engine/Plugins/Experimental/GameplayBehaviors/GameplayBehaviors.uplugin" 159
"../../../Engine/Plugins/Experimental/GameplayGraph/GameplayGraph.uplugin" 160
"../../../Engine/Plugins/Experimental/GameplayTargetingSystem/TargetingSystem.uplugin" 161
"../../../Engine/Plugins/Experimental/Gauntlet/Gauntlet.uplugin" 162
"../../../Engine/Plugins/Experimental/GeometryCacheAbcFile/GeometryCacheAbcFile.uplugin" 163
"../../../Engine/Plugins/Experimental/GeometryCacheLevelSequenceBaker/GeometryCacheLevelSequenceBaker.uplugin" 164
"../../../Engine/Plugins/Experimental/GeometryCollectionPlugin/GeometryCollectionPlugin.uplugin" 165
"../../../Engine/Plugins/Experimental/GeometryDataflow/GeometryDataflow.uplugin" 166
"../../../Engine/Plugins/Experimental/GeometryFlow/GeometryFlow.uplugin" 167
"../../../Engine/Plugins/Experimental/GizmoEdMode/GizmoEdMode.uplugin" 168
"../../../Engine/Plugins/Experimental/GizmoFramework/GizmoFramework.uplugin" 169
"../../../Engine/Plugins/Experimental/GPULightmass/GPULightmass.uplugin" 170
"../../../Engine/Plugins/Experimental/HairCardGenerator/HairCardGenerator.uplugin" 171
"../../../Engine/Plugins/Experimental/Iris/Iris.uplugin" 172
"../../../Engine/Plugins/Experimental/InteractionInterface/InteractionInterface.uplugin" 173
"../../../Engine/Plugins/Experimental/HairModelingToolset/HairModelingToolset.uplugin" 174
"../../../Engine/Plugins/Experimental/HairStrandsMutable/HairStrandsMutable.uplugin" 175
"../../../Engine/Plugins/Experimental/ImagePlate/ImagePlate.uplugin" 176
"../../../Engine/Plugins/Experimental/LandscapePatch/LandscapePatch.uplugin" 177
"../../../Engine/Plugins/Experimental/ImageWidgets/ImageWidgets.uplugin" 178
"../../../Engine/Plugins/Experimental/ImpostorBaker/ImpostorBaker.uplugin" 179
"../../../Engine/Plugins/Experimental/InlineMaterialInstance/InlineMaterialInstance.uplugin" 180
"../../../Engine/Plugins/Experimental/LearningAgents/LearningAgents.uplugin" 181
"../../../Engine/Plugins/Experimental/InstanceDataObjectFixupTool/InstanceDataObjectFixupTool.uplugin" 182
"../../../Engine/Plugins/Experimental/LevelSequenceNavigatorBridge/LevelSequenceNavigatorBridge.uplugin" 183
"../../../Engine/Plugins/Experimental/JWT/JWT.uplugin" 184
"../../../Engine/Plugins/Experimental/LiveLinkControlRig/LiveLinkControlRig.uplugin" 185
"../../../Engine/Plugins/Experimental/LiveLinkFaceImporter/LiveLinkFaceImporter.uplugin" 186
"../../../Engine/Plugins/Experimental/LiveLinkOpenVR/LiveLinkOpenVR.uplugin" 187
"../../../Engine/Plugins/Experimental/LocalizableMessage/LocalizableMessage.uplugin" 188
"../../../Engine/Plugins/Experimental/LowLevelNetTrace/LowLevelNetTrace.uplugin" 189
"../../../Engine/Plugins/Experimental/MediaStream/MediaStream.uplugin" 190
"../../../Engine/Plugins/Experimental/MediaViewer/MediaViewer.uplugin" 191
"../../../Engine/Plugins/Experimental/MeshModelingToolsetExp/MeshModelingToolsetExp.uplugin" 192
"../../../Engine/Plugins/Experimental/MeshResizing/MeshResizing.uplugin" 193
"../../../Engine/Plugins/Experimental/MetasoundExperimental/MetasoundExperimental.uplugin" 194
"../../../Engine/Plugins/Experimental/MLflow/MLflow.uplugin" 195
"../../../Engine/Plugins/Experimental/MotorSimOutputMotoSynth/MotorSimOutputMotoSynth.uplugin" 196
"../../../Engine/Plugins/Experimental/MotoSynth/MotoSynth.uplugin" 197
"../../../Engine/Plugins/Experimental/MoverAnimNext/MoverAnimNext.uplugin" 198
"../../../Engine/Plugins/Experimental/MoverExamples/MoverExamples.uplugin" 199
"../../../Engine/Plugins/Experimental/MoverIntegrations/MoverIntegrations.uplugin" 200
"../../../Engine/Plugins/Experimental/MoverTests/MoverTests.uplugin" 201
"../../../Engine/Plugins/Experimental/MovieSceneAnimMixer/MovieSceneAnimMixer.uplugin" 202
"../../../Engine/Plugins/Experimental/MovieScenePoseSearchTracks/MovieScenePoseSearchTracks.uplugin" 203
"../../../Engine/Plugins/Experimental/MutableClothing/MutableClothing.uplugin" 204
"../../../Engine/Plugins/Experimental/MutablePopulation/MutablePopulation.uplugin" 205
"../../../Engine/Plugins/Experimental/NaniteDisplacedMesh/NaniteDisplacedMesh.uplugin" 206
"../../../Engine/Plugins/Experimental/NeuralRendering/NeuralRendering.uplugin" 207
"../../../Engine/Plugins/Experimental/NNERuntimeBasicCpu/NNERuntimeBasicCpu.uplugin" 208
"../../../Engine/Plugins/Experimental/NNERuntimeCoreML/NNERuntimeCoreML.uplugin" 209
"../../../Engine/Plugins/Experimental/NNERuntimeIREE/NNERuntimeIREE.uplugin" 210
"../../../Engine/Plugins/Fab/Fab.uplugin" 211
"../../../Engine/Plugins/PCG/PCG.uplugin" 212
"../../../Engine/Plugins/Mutable/Mutable.uplugin" 213
"../../../Engine/Plugins/MeshPainting/MeshPainting.uplugin" 214
"../../../Engine/Plugins/MemoryUsageQueries/MemoryUsageQueries.uplugin" 215
"../../../Engine/Plugins/RenderGraphInsights/RenderGraphInsights.uplugin" 216
"../../../Engine/Plugins/Experimental/PythonScriptPlugin/PythonScriptPlugin.uplugin" 217
"../../../Engine/Plugins/Experimental/NNERuntimeRDG/NNERuntimeRDG.uplugin" 218
"../../../Engine/Plugins/Experimental/OpenImageDenoise/OpenImageDenoise.uplugin" 219
"../../../Engine/Plugins/Experimental/OptiXDenoise/OptiXDenoise.uplugin" 220
"../../../Engine/Plugins/Experimental/PCGBiomeCore/PCGBiomeCore.uplugin" 221
"../../../Engine/Plugins/Experimental/PCGBiomeSample/PCGBiomeSample.uplugin" 222
"../../../Engine/Plugins/Experimental/PhysicsControl/PhysicsControl.uplugin" 223
"../../../Engine/Plugins/Experimental/PixelStreamingPlayer/PixelStreamingPlayer.uplugin" 224
"../../../Engine/Plugins/Experimental/PlainProps/PlainProps.uplugin" 225
"../../../Engine/Plugins/Experimental/PlainPropsUObject/PlainPropsUObject.uplugin" 226
"../../../Engine/Plugins/Experimental/PlanarCutPlugin/PlanarCut.uplugin" 227
"../../../Engine/Plugins/Experimental/PlatformCrypto/PlatformCrypto.uplugin" 228
"../../../Engine/Plugins/Experimental/PluginAudit/PluginAudit.uplugin" 229
"../../../Engine/Plugins/Experimental/PluginTemplateTool/PluginTemplateTool.uplugin" 230
"../../../Engine/Plugins/Experimental/PluginReferenceViewer/PluginReferenceViewer.uplugin" 231
"../../../Engine/Plugins/Experimental/RemoteControlComponents/RemoteControlComponents.uplugin" 232
"../../../Engine/Plugins/Experimental/RenderGrid/RenderGrid.uplugin" 233
"../../../Engine/Plugins/Experimental/PostProcessMaterialChainGraph/PostProcessMaterialChainGraph.uplugin" 234
"../../../Engine/Plugins/Experimental/RawInput/RawInput.uplugin" 235
"../../../Engine/Plugins/Experimental/PSDImporter/PSDImporter.uplugin" 236
"../../../Engine/Plugins/Experimental/PSDImporterMaterialDesignerBridge/PSDImporterMaterialDesignerBridge.uplugin" 237
"../../../Engine/Plugins/Experimental/PythonFoundationPackages/PythonFoundationPackages.uplugin" 238
"../../../Engine/Plugins/Experimental/ChaosFlesh/ChaosFlesh.uplugin" 239
"../../../Engine/Plugins/Experimental/QuicMessaging/QuicMessaging.uplugin" 240
"../../../Engine/Plugins/Experimental/RigLogicAnimNext/RigLogicAnimNext.uplugin" 241
"../../../Engine/Plugins/Experimental/RuntimeTelemetry/RuntimeTelemetry.uplugin" 242
"../../../Engine/Plugins/Experimental/RigLogicMutable/RigLogicMutable.uplugin" 243
"../../../Engine/Plugins/Experimental/SerializationUtils/SerializationUtils.uplugin" 244
"../../../Engine/Plugins/Experimental/SimpleHMD/SimpleHMD.uplugin" 245
"../../../Engine/Plugins/Experimental/SkeletalReduction/SkeletalReduction.uplugin" 246
"../../../Engine/Plugins/Experimental/SlateIM/SlateIM.uplugin" 247
"../../../Engine/Plugins/Experimental/SlateModelViewViewModel/SlateModelViewViewModel.uplugin" 248
"../../../Engine/Plugins/Experimental/SlateScreenReader/SlateScreenReader.uplugin" 249
"../../../Engine/Plugins/Experimental/SpatialReadiness/SpatialReadiness.uplugin" 250
"../../../Engine/Plugins/Experimental/StateGraph/StateGraph.uplugin" 251
"../../../Engine/Plugins/Experimental/StructUtils/StructUtils.uplugin" 252
"../../../Engine/Plugins/Experimental/SubmitToolEditor/SubmitToolEditor.uplugin" 253
"../../../Engine/Plugins/Experimental/PanoramicCapture/PanoramicCapture.uplugin" 254
"../../../Engine/Plugins/Experimental/TextToSpeech/TextToSpeech.uplugin" 255
"../../../Engine/Plugins/Experimental/TextureMediaPlayer/TextureMediaPlayer.uplugin" 256
"../../../Engine/Plugins/Experimental/TetMeshing/TetMeshing.uplugin" 257
"../../../Engine/Plugins/Experimental/TechAudioTools/TechAudioTools.uplugin" 258
"../../../Engine/Plugins/Experimental/Text3D/Text3D.uplugin" 259
"../../../Engine/Plugins/Experimental/SVGImporter/SVGImporter.uplugin" 260
"../../../Engine/Plugins/Experimental/TargetDeviceServicesScripting/TargetDeviceServicesScripting.uplugin" 261
"../../../Engine/Plugins/Experimental/ToolPresets/ToolPresets.uplugin" 262
"../../../Engine/Plugins/Experimental/Tensorboard/Tensorboard.uplugin" 263
"../../../Engine/Plugins/Experimental/UIFramework/UIFramework.uplugin" 264
"../../../Engine/Plugins/Experimental/Mover/Mover.uplugin" 265
"../../../Engine/Plugins/Experimental/UserToolBoxBasicCommand/UserToolBoxBasicCommand.uplugin" 266
"../../../Engine/Plugins/Experimental/Shotgrid/Shotgrid.uplugin" 267
"../../../Engine/Plugins/Experimental/SubtitlesAndClosedCaptions/SubtitlesAndClosedCaptions.uplugin" 268
"../../../Engine/Plugins/Experimental/Volumetrics/Volumetrics.uplugin" 269
"../../../Engine/Plugins/Experimental/Water/Water.uplugin" 270
"../../../Engine/Plugins/Experimental/RemoteSession/RemoteSession.uplugin" 271
"../../../Engine/Plugins/Experimental/RazerChromaDevices/RazerChromaDevices.uplugin" 272
"../../../Engine/Plugins/Interchange/Assets/InterchangeAssets.uplugin" 273
"../../../Engine/Plugins/Interchange/Editor/InterchangeEditor.uplugin" 274
"../../../Engine/Plugins/Interchange/Runtime/Interchange.uplugin" 275
"../../../Engine/Plugins/Messaging/UdpMessaging/UdpMessaging.uplugin" 276
"../../../Engine/Plugins/Messaging/TcpMessaging/TcpMessaging.uplugin" 277
"../../../Engine/Plugins/Messaging/MessagingDebugger/MessagingDebugger.uplugin" 278
"../../../Engine/Plugins/Animation/AnimationData/AnimationData.uplugin" 279
"../../../Engine/Plugins/Animation/ACLPlugin/ACLPlugin.uplugin" 280
"../../../Engine/Plugins/Animation/AnimationLocomotionLibrary/AnimationLocomotionLibrary.uplugin" 281
"../../../Engine/Plugins/Animation/AnimationModifierLibrary/AnimationModifierLibrary.uplugin" 282
"../../../Engine/Plugins/Animation/AnimationWarping/AnimationWarping.uplugin" 283
"../../../Engine/Plugins/Animation/BlendSpaceMotionAnalysis/BlendSpaceMotionAnalysis.uplugin" 284
"../../../Engine/Plugins/Animation/ControlRig/ControlRig.uplugin" 285
"../../../Engine/Plugins/Animation/BlendStack/BlendStack.uplugin" 286
"../../../Engine/Plugins/Animation/ControlRigSpline/ControlRigSpline.uplugin" 287
"../../../Engine/Plugins/Animation/ControlRigModules/ControlRigModules.uplugin" 288
"../../../Engine/Plugins/Animation/DeformerGraph/DeformerGraph.uplugin" 289
"../../../Engine/Plugins/Experimental/UserToolBoxCore/UserToolBoxCore.uplugin" 290
"../../../Engine/Plugins/Experimental/VirtualHeightfieldMesh/VirtualHeightfieldMesh.uplugin" 291
"../../../Engine/Plugins/Animation/DNACalib/DNACalib.uplugin" 292
"../../../Engine/Plugins/Animation/GameplayInsights/GameplayInsights.uplugin" 293
"../../../Engine/Plugins/Animation/GeneSplicer/GeneSplicer.uplugin" 294
"../../../Engine/Plugins/Experimental/WaterExtras/WaterExtras.uplugin" 295
"../../../Engine/Plugins/Animation/IKRig/IKRig.uplugin" 296
"../../../Engine/Plugins/Experimental/WebSocketNetworking/WebSocketNetworking.uplugin" 297
"../../../Engine/Plugins/Experimental/WebSocketMessaging/WebSocketMessaging.uplugin" 298
"../../../Engine/Plugins/Experimental/WidgetEditorToolPalette/WidgetEditorToolPalette.uplugin" 299
"../../../Engine/Plugins/Experimental/Workspace/Workspace.uplugin" 300
"../../../Engine/Plugins/Experimental/XRCreativeFramework/XRCreativeFramework.uplugin" 301
"../../../Engine/Plugins/Experimental/SceneState/SceneState.uplugin" 302
"../../../Engine/Plugins/Experimental/SequenceNavigator/SequenceNavigator.uplugin" 303
"../../../Engine/Plugins/Experimental/ScreenReader/ScreenReader.uplugin" 304
"../../../Engine/Plugins/Experimental/SecuritySandbox/SecuritySandbox.uplugin" 305
"../../../Engine/Plugins/Experimental/SurfaceEffects/SurfaceEffects.uplugin" 306
"../../../Engine/Plugins/Animation/LiveLink/LiveLink.uplugin" 307
"../../../Engine/Plugins/Animation/LiveLinkCurveDebugUI/LiveLinkCurveDebugUI.uplugin" 308
"../../../Engine/Plugins/Animation/LiveLinkDevice/LiveLinkDevice.uplugin" 309
"../../../Engine/Plugins/Animation/SkeletalMeshModelingTools/SkeletalMeshModelingTools.uplugin" 310
"../../../Engine/Plugins/Animation/LiveLinkExampleDevice/LiveLinkExampleDevice.uplugin" 311
"../../../Engine/Plugins/Animation/LiveLinkHub/LiveLinkHub.uplugin" 312
"../../../Engine/Plugins/Animation/MotionWarping/MotionWarping.uplugin" 313
"../../../Engine/Plugins/Animation/PerformanceCaptureCore/PerformanceCaptureCore.uplugin" 314
"../../../Engine/Plugins/Animation/TweeningUtils/TweeningUtils.uplugin" 315
"../../../Engine/Plugins/Compression/OodleNetwork/OodleNetwork.uplugin" 316
"../../../Engine/Plugins/Enterprise/AxFImporter/AxFImporter.uplugin" 317
"../../../Engine/Plugins/Experimental/DaySequence/DaySequence.uplugin" 318
"../../../Engine/Plugins/Animation/PoseSearch/PoseSearch.uplugin" 319
"../../../Engine/Plugins/Animation/RigLogic/RigLogic.uplugin" 320
"../../../Engine/Plugins/Enterprise/DatasmithCADImporter/DatasmithCADImporter.uplugin" 321
"../../../Engine/Plugins/Enterprise/DatasmithContent/DatasmithContent.uplugin" 322
"../../../Engine/Plugins/Experimental/ColorCorrectRegions/ColorCorrectRegions.uplugin" 323
"../../../Engine/Plugins/Experimental/CinematicPrestreaming/CinematicPrestreaming.uplugin" 324
"../../../Engine/Plugins/Enterprise/GLTFExporter/GLTFExporter.uplugin" 325
"../../../Engine/Plugins/Experimental/ChaosOutfitAsset/ChaosOutfitAsset.uplugin" 326
"../../../Engine/Plugins/Enterprise/MDLImporter/MDLImporter.uplugin" 327
"../../../Engine/Plugins/Enterprise/VariantManager/VariantManager.uplugin" 328
"../../../Engine/Plugins/Enterprise/VariantManagerContent/VariantManagerContent.uplugin" 329
"../../../Engine/Plugins/FX/Niagara/Niagara.uplugin" 330
"../../../Engine/Plugins/FX/Cascade/Cascade.uplugin" 331
"../../../Engine/Plugins/Experimental/WaterAdvanced/WaterAdvanced.uplugin" 332
"../../../Engine/Plugins/FX/NiagaraMRQ/NiagaraMRQ.uplugin" 333
"../../../Engine/Plugins/FX/CascadeToNiagaraConverter/CascadeToNiagaraConverter.uplugin" 334
"../../../Engine/Plugins/Experimental/WaveFunctionCollapse/WaveFunctionCollapse.uplugin" 335
"../../../Engine/Plugins/FX/NiagaraSimCaching/NiagaraSimCaching.uplugin" 336
"../../../Engine/Plugins/Importers/AlembicHairImporter/AlembicHairImporter.uplugin" 337
"../../../Engine/Plugins/Importers/AlembicImporter/AlembicImporter.uplugin" 338
"../../../Engine/Plugins/Importers/USDImporter/USDImporter.uplugin" 339
"../../../Engine/Plugins/Importers/USDImporterMDL/USDImporterMDL.uplugin" 340
"../../../Engine/Plugins/Importers/USDMultiUser/USDMultiUser.uplugin" 341
"../../../Engine/Plugins/Experimental/VirtualProductionUtilities/VirtualProductionUtilities.uplugin" 342
"../../../Engine/Plugins/MovieScene/ActorSequence/ActorSequence.uplugin" 343
"../../../Engine/Plugins/MovieScene/CustomizableSequencerTracks/CustomizableSequencerTracks.uplugin" 344
"../../../Engine/Plugins/MovieScene/LevelSequenceEditor/LevelSequenceEditor.uplugin" 345
"../../../Engine/Plugins/MovieScene/MoviePipelineMaskRenderPass/MoviePipelineMaskRenderPass.uplugin" 346
"../../../Engine/Plugins/MovieScene/MovieRenderPipeline/MovieRenderPipeline.uplugin" 347
"../../../Engine/Plugins/MovieScene/MovieSceneTextTrack/MovieSceneTextTrack.uplugin" 348
"../../../Engine/Plugins/MovieScene/ReplayTracks/ReplayTracks.uplugin" 349
"../../../Engine/Plugins/MovieScene/SequencerScripting/SequencerScripting.uplugin" 350
"../../../Engine/Plugins/NetcodeUnitTest/NetcodeUnitTest/NetcodeUnitTest.uplugin" 351
"../../../Engine/Plugins/NetcodeUnitTest/NUTUnrealEngine/NUTUnrealEngine.uplugin" 352
"../../../Engine/Plugins/NNE/NNEDenoiser/NNEDenoiser.uplugin" 353
"../../../Engine/Plugins/NNE/NNERuntimeORT/NNERuntimeORT.uplugin" 354
"../../../Engine/Plugins/Online/EOSOverlayInputProvider/EOSOverlayInputProvider.uplugin" 355
"../../../Engine/Plugins/Online/EOSShared/EOSShared.uplugin" 356
"../../../Engine/Plugins/Animation/AnimatorKit/AnimatorKit.uplugin" 357
"../../../Engine/Plugins/Online/OnlineBase/OnlineBase.uplugin" 358
"../../../Engine/Plugins/Online/OnlineFramework/OnlineFramework.uplugin" 359
"../../../Engine/Plugins/Online/OnlineServices/OnlineServices.uplugin" 360
"../../../Engine/Plugins/Online/OnlineServicesEOS/OnlineServicesEOS.uplugin" 361
"../../../Engine/Plugins/Online/OnlineServicesEOSGS/OnlineServicesEOSGS.uplugin" 362
"../../../Engine/Plugins/Online/OnlineServicesEpicCommon/OnlineServicesEpicCommon.uplugin" 363
"../../../Engine/Plugins/Online/OnlineServicesNull/OnlineServicesNull.uplugin" 364
"../../../Engine/Plugins/Online/OnlineServicesOSSAdapter/OnlineServicesOSSAdapter.uplugin" 365
"../../../Engine/Plugins/Online/OnlineSubsystem/OnlineSubsystem.uplugin" 366
"../../../Engine/Plugins/Online/OnlineSubsystemAmazon/OnlineSubsystemAmazon.uplugin" 367
"../../../Engine/Plugins/Online/OnlineSubsystemApple/OnlineSubsystemApple.uplugin" 368
"../../../Engine/Plugins/Online/OnlineSubsystemEOS/OnlineSubsystemEOS.uplugin" 369
"../../../Engine/Plugins/Online/OnlineSubsystemFacebook/OnlineSubsystemFacebook.uplugin" 370
"../../../Engine/Plugins/Online/OnlineSubsystemGoogle/OnlineSubsystemGoogle.uplugin" 371
"../../../Engine/Plugins/Online/OnlineSubsystemNull/OnlineSubsystemNull.uplugin" 372
"../../../Engine/Plugins/Online/OnlineSubsystemSteam/OnlineSubsystemSteam.uplugin" 373
"../../../Engine/Plugins/Online/OnlineSubsystemTencent/OnlineSubsystemTencent.uplugin" 374
"../../../Engine/Plugins/Online/OnlineSubsystemUtils/OnlineSubsystemUtils.uplugin" 375
"../../../Engine/Plugins/Online/SocketSubsystemEOS/SocketSubsystemEOS.uplugin" 376
"../../../Engine/Plugins/Online/SocketSubsystemSteamIP/SocketSubsystemSteamIP.uplugin" 377
"../../../Engine/Plugins/Online/WebAuth/WebAuth.uplugin" 378
"../../../Engine/Plugins/Media/AndroidCamera/AndroidCamera.uplugin" 379
"../../../Engine/Plugins/Media/AndroidMedia/AndroidMedia.uplugin" 380
"../../../Engine/Plugins/Media/AppleProResDecoderElectra/AppleProResDecoderElectra.uplugin" 381
"../../../Engine/Plugins/Media/AppleProResMedia/AppleProResMedia.uplugin" 382
"../../../Engine/Plugins/Media/AudioCaptureTimecodeProvider/AudioCaptureTimecodeProvider.uplugin" 383
"../../../Engine/Plugins/Media/AvfMedia/AvfMedia.uplugin" 384
"../../../Engine/Plugins/Media/AvidDNxHDDecoderElectra/AvidDNxHDDecoderElectra.uplugin" 385
"../../../Engine/Plugins/Media/AvidDNxMedia/AvidDNxMedia.uplugin" 386
"../../../Engine/Plugins/Media/BinkMedia/BinkMedia.uplugin" 387
"../../../Engine/Plugins/FX/ExampleCustomDataInterface/ExampleCustomDataInterface.uplugin" 388
"../../../Engine/Plugins/Media/LinearTimecode/LinearTimecode.uplugin" 389
"../../../Engine/Plugins/Media/MediaCompositing/MediaCompositing.uplugin" 390
"../../../Engine/Plugins/Media/MediaFrameworkUtilities/MediaFrameworkUtilities.uplugin" 391
"../../../Engine/Plugins/Enterprise/LidarPointCloud/LidarPointCloud.uplugin" 392
"../../../Engine/Plugins/Media/MediaMovieStreamer/MediaMovieStreamer.uplugin" 393
"../../../Engine/Plugins/Enterprise/DatasmithImporter/DatasmithImporter.uplugin" 394
"../../../Engine/Plugins/MetaHuman/MetaHumanAnimator/MetaHuman.uplugin" 395
"../../../Engine/Plugins/Media/D3D12VideoDecodersElectra/D3D12VideoDecodersElectra.uplugin" 396
"../../../Engine/Plugins/Media/ElectraCDM/ElectraCDM.uplugin" 397
"../../../Engine/Plugins/Media/ElectraCodecs/ElectraCodecs.uplugin" 398
"../../../Engine/Plugins/Media/ElectraPlayer/ElectraPlayer.uplugin" 399
"../../../Engine/Plugins/Media/ElectraUtil/ElectraUtil.uplugin" 400
"../../../Engine/Plugins/Media/ElectraSubtitles/ElectraSubtitles.uplugin" 401
"../../../Engine/Plugins/Media/FlacDecoderElectra/FlacDecoderElectra.uplugin" 402
"../../../Engine/Plugins/Media/HAPDecoderElectra/HAPDecoderElectra.uplugin" 403
"../../../Engine/Plugins/Media/HardwareEncoders/HardwareEncoders.uplugin" 404
"../../../Engine/Plugins/Media/HAPMedia/HAPMedia.uplugin" 405
"../../../Engine/Plugins/Media/ImgMedia/ImgMedia.uplugin" 406
"../../../Engine/Plugins/Media/MediaPlayerEditor/MediaPlayerEditor.uplugin" 407
"../../../Engine/Plugins/Media/MediaPlate/MediaPlate.uplugin" 408
"../../../Engine/Plugins/Enterprise/DatasmithFBXImporter/DatasmithFBXImporter.uplugin" 409
"../../../Engine/Plugins/Media/MfMedia/MfMedia.uplugin" 410
"../../../Engine/Plugins/MetaHuman/MetaHumanCoreTechLib/MetaHumanCoreTech.uplugin" 411
"../../../Engine/Plugins/MetaHuman/MetaHumanLiveLink/MetaHumanLiveLink.uplugin" 412
"../../../Engine/Plugins/MetaHuman/MetaHumanSDK/MetaHumanSDK.uplugin" 413
"../../../Engine/Plugins/Media/PixelCapture/PixelCapture.uplugin" 414
"../../../Engine/Plugins/Media/OpusDecoderElectra/OpusDecoderElectra.uplugin" 415
"../../../Engine/Plugins/MovieScene/TemplateSequence/TemplateSequence.uplugin" 416
"../../../Engine/Plugins/Enterprise/DatasmithC4DImporter/DatasmithC4DImporter.uplugin" 417
"../../../Engine/Plugins/Enterprise/DataprepEditor/DataprepEditor.uplugin" 418
"../../../Engine/Plugins/Media/WebMMedia/WebMMedia.uplugin" 419
"../../../Engine/Plugins/Editor/EditorScriptingUtilities/EditorScriptingUtilities.uplugin" 420
"../../../Engine/Plugins/Media/WmfMedia/WmfMedia.uplugin" 421
"../../../Engine/Plugins/Editor/DisplayClusterLaunch/DisplayClusterLaunch.uplugin" 422
"../../../Engine/Plugins/PCGInterops/PCGExternalDataInterop/PCGExternalDataInterop.uplugin" 423
"../../../Engine/Plugins/Portal/LauncherChunkInstaller/LauncherChunkInstaller.uplugin" 424
"../../../Engine/Plugins/Performance/PerformanceMonitor/PerformanceMonitor.uplugin" 425
"../../../Engine/Plugins/Protocols/MQTT/MQTT.uplugin" 426
"../../../Engine/Plugins/Runtime/ActorLayerUtilities/ActorLayerUtilities.uplugin" 427
"../../../Engine/Plugins/Runtime/ADM/ADM.uplugin" 428
"../../../Engine/Plugins/Runtime/AnimationBudgetAllocator/AnimationBudgetAllocator.uplugin" 429
"../../../Engine/Plugins/Runtime/AppleImageUtils/AppleImageUtils.uplugin" 430
"../../../Engine/Plugins/Runtime/AndroidBackgroundService/AndroidBackgroundService.uplugin" 431
"../../../Engine/Plugins/PCGInterops/PCGGeometryScriptInterop/PCGGeometryScriptInterop.uplugin" 432
"../../../Engine/Plugins/Performance/AutomatedPerfTesting/AutomatedPerfTesting.uplugin" 433
"../../../Engine/Plugins/Runtime/AppleMoviePlayer/AppleMoviePlayer.uplugin" 434
"../../../Engine/Plugins/Runtime/ArchVisCharacter/ArchVisCharacter.uplugin" 435
"../../../Engine/Plugins/Runtime/AssetTags/AssetTags.uplugin" 436
"../../../Engine/Plugins/Runtime/AudioCapture/AudioCapture.uplugin" 437
"../../../Engine/Plugins/Runtime/AudioModulation/AudioModulation.uplugin" 438
"../../../Engine/Plugins/Runtime/AudioMotorSim/AudioMotorSim.uplugin" 439
"../../../Engine/Plugins/Runtime/AudioSynesthesia/AudioSynesthesia.uplugin" 440
"../../../Engine/Plugins/Runtime/AudioWidgets/AudioWidgets.uplugin" 441
"../../../Engine/Plugins/Runtime/CableComponent/CableComponent.uplugin" 442
"../../../Engine/Plugins/Runtime/ChunkDownloader/ChunkDownloader.uplugin" 443
"../../../Engine/Plugins/Runtime/ComputeFramework/ComputeFramework.uplugin" 444
"../../../Engine/Plugins/Runtime/CustomMeshComponent/CustomMeshComponent.uplugin" 445
"../../../Engine/Plugins/Runtime/DataRegistry/DataRegistry.uplugin" 446
"../../../Engine/Plugins/Runtime/ExampleDeviceProfileSelector/ExampleDeviceProfileSelector.uplugin" 447
"../../../Engine/Plugins/Runtime/GameFeatures/GameFeatures.uplugin" 448
"../../../Engine/Plugins/Runtime/Firebase/Firebase.uplugin" 449
"../../../Engine/Plugins/Runtime/GameInput/GameInput.uplugin" 450
"../../../Engine/Plugins/Runtime/GameplayBehaviorSmartObjects/GameplayBehaviorSmartObjects.uplugin" 451
"../../../Engine/Plugins/Runtime/GameplayInteractions/GameplayInteractions.uplugin" 452
"../../../Engine/Plugins/Runtime/GeometryCache/GeometryCache.uplugin" 453
"../../../Engine/Plugins/Runtime/GameplayStateTree/GameplayStateTree.uplugin" 454
"../../../Engine/Plugins/Runtime/GeometryProcessing/GeometryProcessing.uplugin" 455
"../../../Engine/Plugins/Runtime/GeometryScripting/GeometryScripting.uplugin" 456
"../../../Engine/Plugins/Runtime/GeoReferencing/GeoReferencing.uplugin" 457
"../../../Engine/Plugins/Runtime/GoogleCloudMessaging/GoogleCloudMessaging.uplugin" 458
"../../../Engine/Plugins/Runtime/GooglePAD/GooglePAD.uplugin" 459
"../../../Engine/Plugins/Runtime/HairStrands/HairStrands.uplugin" 460
"../../../Engine/Plugins/Runtime/HPMotionController/HPMotionController.uplugin" 461
"../../../Engine/Plugins/Runtime/HDRIBackdrop/HDRIBackdrop.uplugin" 462
"../../../Engine/Plugins/Runtime/InputDebugging/InputDebugging.uplugin" 463
"../../../Engine/Plugins/Runtime/HTTPChunkInstaller/HTTPChunkInstaller.uplugin" 464
"../../../Engine/Plugins/Runtime/IOSReplayKit/IOSReplayKit.uplugin" 465
"../../../Engine/Plugins/Runtime/InstancedActors/InstancedActors.uplugin" 466
"../../../Engine/Plugins/Media/NDIMedia/NDIMedia.uplugin" 467
"../../../Engine/Plugins/Runtime/IOSDeviceProfileSelector/IOSDeviceProfileSelector.uplugin" 468
"../../../Engine/Plugins/Runtime/LevelStreamingPersistence/LevelStreamingPersistence.uplugin" 469
"../../../Engine/Plugins/Runtime/LiveLinkOvernDisplay/LiveLinkOverNDisplay.uplugin" 470
"../../../Engine/Plugins/Runtime/LinuxDeviceProfileSelector/LinuxDeviceProfileSelector.uplugin" 471
"../../../Engine/Plugins/Runtime/LocationServicesBPLibrary/LocationServicesBPLibrary.uplugin" 472
"../../../Engine/Plugins/Runtime/LocationServicesAndroidImpl/LocationServicesAndroidImpl.uplugin" 473
"../../../Engine/Plugins/Runtime/LocationServicesIOSImpl/LocationServicesIOSImpl.uplugin" 474
"../../../Engine/Plugins/Runtime/MassEntity/MassEntity.uplugin" 475
"../../../Engine/Plugins/Runtime/MIDIDevice/MIDIDevice.uplugin" 476
"../../../Engine/Plugins/Runtime/MicrosoftSpatialAudio/MicroSoftSpatialSound.uplugin" 477
"../../../Engine/Plugins/Media/MediaIOFramework/MediaIOFramework.uplugin" 478
"../../../Engine/Plugins/Runtime/MobilePatchingUtils/MobilePatchingUtils.uplugin" 479
"../../../Engine/Plugins/Runtime/ModelViewViewModel/ModelViewViewModel.uplugin" 480
"../../../Engine/Plugins/Runtime/ModularGameplay/ModularGameplay.uplugin" 481
"../../../Engine/Plugins/Runtime/MsQuic/MsQuic.uplugin" 482
"../../../Engine/Plugins/Runtime/MultiServerReplication/MultiServerReplication.uplugin" 483
"../../../Engine/Plugins/Runtime/MusicEnvironment/MusicEnvironment.uplugin" 484
"../../../Engine/Plugins/Runtime/NavCorridor/NavCorridor.uplugin" 485
"../../../Engine/Plugins/Media/AjaMedia/AjaMedia.uplugin" 486
"../../../Engine/Plugins/Runtime/OpenXREyeTracker/OpenXREyeTracker.uplugin" 487
"../../../Engine/Plugins/Runtime/OpenXRHandTracking/OpenXRHandTracking.uplugin" 488
"../../../Engine/Plugins/Runtime/OpenXRMsftHandInteraction/OpenXRMsftHandInteraction.uplugin" 489
"../../../Engine/Plugins/Runtime/OpenXRViveTracker/OpenXRViveTracker.uplugin" 490
"../../../Engine/Plugins/Runtime/OptionalMobileFeaturesBPLibrary/OptionalMobileFeaturesBPLibrary.uplugin" 491
"../../../Engine/Plugins/Runtime/OSC/OSC.uplugin" 492
"../../../Engine/Plugins/Runtime/PreLoadScreenMoviePlayer/PreLoadScreenMoviePlayer.uplugin" 493
"../../../Engine/Plugins/Runtime/ProceduralMeshComponent/ProceduralMeshComponent.uplugin" 494
"../../../Engine/Plugins/Runtime/PropertyAccess/PropertyAccessEditor.uplugin" 495
"../../../Engine/Plugins/Runtime/PropertyBindingUtils/PropertyBindingUtils.uplugin" 496
"../../../Engine/Plugins/Runtime/RenderTrace/RenderTrace.uplugin" 497
"../../../Engine/Plugins/Runtime/ApexDestruction/ApexDestruction.uplugin" 498
"../../../Engine/Plugins/Runtime/ReplicationGraph/ReplicationGraph.uplugin" 499
"../../../Engine/Plugins/Runtime/ResonanceAudio/ResonanceAudio.uplugin" 500
"../../../Engine/Plugins/Runtime/ReplicationSystemTestPlugin/ReplicationSystemTestPlugin.uplugin" 501
"../../../Engine/Plugins/Runtime/RigVM/RigVM.uplugin" 502
"../../../Engine/Plugins/Media/BlackmagicMedia/BlackmagicMedia.uplugin" 503
"../../../Engine/Plugins/Runtime/SignificanceManager/SignificanceManager.uplugin" 504
"../../../Engine/Plugins/Runtime/nDisplayModularFeatures/nDisplayModularFeatures.uplugin" 505
"../../../Engine/Plugins/Runtime/ScriptableToolsFramework/ScriptableToolsFramework.uplugin" 506
"../../../Engine/Plugins/Runtime/NetworkPrediction/NetworkPrediction.uplugin" 507
"../../../Engine/Plugins/Runtime/SkeletalMerging/SkeletalMerging.uplugin" 508
"../../../Engine/Plugins/Runtime/SoundCueTemplates/SoundCueTemplates.uplugin" 509
"../../../Engine/Plugins/Runtime/NetworkPredictionExtras/NetworkPredictionExtras.uplugin" 510
"../../../Engine/Plugins/Runtime/NetworkPredictionInsights/NetworkPredictionInsights.uplugin" 511
"../../../Engine/Plugins/Runtime/OpenCV/OpenCV.uplugin" 512
"../../../Engine/Plugins/Media/PixelStreaming/PixelStreaming.uplugin" 513
"../../../Engine/Plugins/Media/PixelStreaming2/PixelStreaming2.uplugin" 514
"../../../Engine/Plugins/Media/TimecodeSynchronizer/TimecodeSynchronizer.uplugin" 515
"../../../Engine/Plugins/Media/VPxDecoderElectra/VPxDecoderElectra.uplugin" 516
"../../../Engine/Plugins/Runtime/SoundFields/SoundFields.uplugin" 517
"../../../Engine/Plugins/Runtime/SoundMod/SoundMod.uplugin" 518
"../../../Engine/Plugins/Runtime/Soundscape/Soundscape.uplugin" 519
"../../../Engine/Plugins/Runtime/SoundUtilities/SoundUtilities.uplugin" 520
"../../../Engine/Plugins/Runtime/MeshModelingToolset/MeshModelingToolset.uplugin" 521
"../../../Engine/Plugins/Runtime/Metasound/Metasound.uplugin" 522
"../../../Engine/Plugins/Runtime/AndroidDeviceProfileSelector/AndroidDeviceProfileSelector.uplugin" 523
"../../../Engine/Plugins/Runtime/AndroidFileServer/AndroidFileServer.uplugin" 524
"../../../Engine/Plugins/Runtime/AndroidPermission/AndroidPermission.uplugin" 525
"../../../Engine/Plugins/Runtime/AndroidMoviePlayer/AndroidMoviePlayer.uplugin" 526
"../../../Engine/Plugins/Runtime/Spatialization/Spatialization.uplugin" 527
"../../../Engine/Plugins/Runtime/StateTree/StateTree.uplugin" 528
"../../../Engine/Plugins/Runtime/SunPosition/SunPosition.uplugin" 529
"../../../Engine/Plugins/Runtime/Synthesis/Synthesis.uplugin" 530
"../../../Engine/Plugins/Runtime/WaveTable/WaveTable.uplugin" 531
"../../../Engine/Plugins/Runtime/WebBrowserNativeProxy/WebBrowserNativeProxy.uplugin" 532
"../../../Engine/Plugins/Runtime/WebBrowserWidget/WebBrowserWidget.uplugin" 533
"../../../Engine/Plugins/Runtime/WebMMoviePlayer/WebMMoviePlayer.uplugin" 534
"../../../Engine/Plugins/Runtime/WindowsDeviceProfileSelector/WindowsDeviceProfileSelector.uplugin" 535
"../../../Engine/Plugins/Runtime/WindowsMoviePlayer/WindowsMoviePlayer.uplugin" 536
"../../../Engine/Plugins/Runtime/WorldConditions/WorldConditions.uplugin" 537
"../../../Engine/Plugins/Runtime/XRBase/XRBase.uplugin" 538
"../../../Engine/Plugins/Runtime/ZoneGraph/ZoneGraph.uplugin" 539
"../../../Engine/Plugins/Runtime/ZoneGraphAnnotations/ZoneGraphAnnotations.uplugin" 540
"../../../Engine/Plugins/Slate/SlateInsights/SlateInsights.uplugin" 541
"../../../Engine/Plugins/Slate/SlateScripting/SlateScripting.uplugin" 542
"../../../Engine/Plugins/Tests/AutomationDriverTests/AutomationDriverTests.uplugin" 543
"../../../Engine/Plugins/Tests/CQTest/CQTest.uplugin" 544
"../../../Engine/Plugins/Tests/CQTestEnhancedInput/CQTestEnhancedInput.uplugin" 545
"../../../Engine/Plugins/Tests/EditorTests/EditorTests.uplugin" 546
"../../../Engine/Plugins/Tests/FbxAutomationTestBuilder/FbxAutomationTestBuilder.uplugin" 547
"../../../Engine/Plugins/Tests/FunctionalTestingEditor/FunctionalTestingEditor.uplugin" 548
"../../../Engine/Plugins/Tests/InterchangeTests/InterchangeTests.uplugin" 549
"../../../Engine/Plugins/Tests/RHITests/RHITests.uplugin" 550
"../../../Engine/Plugins/Tests/RuntimeTests/RuntimeTests.uplugin" 551
"../../../Engine/Plugins/Tests/TestFramework/TestFramework.uplugin" 552
"../../../Engine/Plugins/Tests/TestSamples/TestSamples.uplugin" 553
"../../../Engine/Plugins/VirtualProduction/ActorModifier/ActorModifier.uplugin" 554
"../../../Engine/Plugins/VirtualProduction/ActorModifierCore/ActorModifierCore.uplugin" 555
"../../../Engine/Plugins/Tests/WidgetAutomationTests/WidgetAutomationTests.uplugin" 556
"../../../Engine/Plugins/Runtime/WarpUtils/WarpUtils.uplugin" 557
"../../../Engine/Plugins/Runtime/USDCore/USDCore.uplugin" 558
"../../../Engine/Plugins/Tests/PythonAutomationTest/PythonAutomationTest.uplugin" 559
"../../../Engine/Plugins/MetaHuman/MetaHumanCalibrationProcessing/MetaHumanCalibrationProcessing.uplugin" 560
"../../../Engine/Plugins/Runtime/Harmonix/Harmonix.uplugin" 561
"../../../Engine/Plugins/VirtualProduction/Avalanche/Avalanche.uplugin" 562
"../../../Engine/Plugins/VirtualProduction/CameraCalibration/CameraCalibration.uplugin" 563
"../../../Engine/Plugins/VirtualProduction/CameraCalibrationCore/CameraCalibrationCore.uplugin" 564
"../../../Engine/Plugins/VirtualProduction/CameraCalibrationML/CameraCalibrationML.uplugin" 565
"../../../Engine/Plugins/VirtualProduction/CaptureData/CaptureData.uplugin" 566
"../../../Engine/Plugins/VirtualProduction/CinematicAssemblyTools/CinematicAssemblyTools.uplugin" 567
"../../../Engine/Plugins/VirtualProduction/ClonerEffector/ClonerEffector.uplugin" 568
"../../../Engine/Plugins/VirtualProduction/CompositePlane/CompositePlane.uplugin" 569
"../../../Engine/Plugins/VirtualProduction/CustomDetailsView/CustomDetailsView.uplugin" 570
"../../../Engine/Plugins/VirtualProduction/DataCharts/DataCharts.uplugin" 571
"../../../Engine/Plugins/Runtime/nDisplay/nDisplay.uplugin" 572
"../../../Engine/Plugins/VirtualProduction/EpicStageApp/EpicStageApp.uplugin" 573
"../../../Engine/Plugins/VirtualProduction/ICVFX/ICVFX.uplugin" 574
"../../../Engine/Plugins/VirtualProduction/ICVFXTesting/ICVFXTesting.uplugin" 575
"../../../Engine/Plugins/VirtualProduction/LensComponent/LensComponent.uplugin" 576
"../../../Engine/Plugins/VirtualProduction/LiveLinkCamera/LiveLinkCamera.uplugin" 577
"../../../Engine/Plugins/VirtualProduction/LiveLinkFreeD/LiveLinkFreeD.uplugin" 578
"../../../Engine/Plugins/VirtualProduction/LiveLinkInputDevice/LiveLinkInputDevice.uplugin" 579
"../../../Engine/Plugins/VirtualProduction/LiveLinkLens/LiveLinkLens.uplugin" 580
"../../../Engine/Plugins/Runtime/MassGameplay/MassGameplay.uplugin" 581
"../../../Engine/Plugins/VirtualProduction/LiveLinkMasterLockit/LiveLinkMasterLockit.uplugin" 582
"../../../Engine/Plugins/VirtualProduction/LiveLinkOpenTrackIO/LiveLinkOpenTrackIO.uplugin" 583
"../../../Engine/Plugins/Compositing/OpenCVLensDistortion/OpenCVLensDistortion.uplugin" 584
"../../../Engine/Plugins/Compositing/LensDistortion/LensDistortion.uplugin" 585
"../../../Engine/Plugins/Compositing/Composure/Composure.uplugin" 586
"../../../Engine/Plugins/VirtualProduction/PropertyAnimatorCore/PropertyAnimatorCore.uplugin" 587
"../../../Engine/Plugins/VirtualProduction/RemoteControl/RemoteControl.uplugin" 588
"../../../Engine/Plugins/VirtualProduction/RemoteControlProtocolDMX/RemoteControlProtocolDMX.uplugin" 589
"../../../Engine/Plugins/VirtualProduction/RemoteControlInterception/RemoteControlInterception.uplugin" 590
"../../../Engine/Plugins/VirtualProduction/RemoteControlProtocolMIDI/RemoteControlProtocolMIDI.uplugin" 591
"../../../Engine/Plugins/VirtualProduction/RemoteControlProtocolOSC/RemoteControlProtocolOSC.uplugin" 592
"../../../Engine/Plugins/Runtime/MobileFSR/MobileFSR.uplugin" 593
"../../../Engine/Plugins/Runtime/MixedRealityCaptureFramework/MixedRealityCaptureFramework.uplugin" 594
"../../../Engine/Plugins/VirtualProduction/SequencerPlaylists/SequencerPlaylists.uplugin" 595
"../../../Engine/Plugins/VirtualProduction/StageMonitoring/StageMonitoring.uplugin" 596
"../../../Engine/Plugins/VirtualProduction/StormSync/StormSync.uplugin" 597
"../../../Engine/Plugins/VirtualProduction/StormSyncAvalancheBridge/StormSyncAvalancheBridge.uplugin" 598
"../../../Engine/Plugins/VirtualProduction/Switchboard/Switchboard.uplugin" 599
"../../../Engine/Plugins/VirtualProduction/TextureShare/TextureShare.uplugin" 600
"../../../Engine/Plugins/VirtualProduction/TimedDataMonitor/TimedDataMonitor.uplugin" 601
"../../../Engine/Plugins/VirtualProduction/Takes/Takes.uplugin" 602
"../../../Engine/Plugins/VirtualProduction/VirtualScouting/VirtualScouting.uplugin" 603
"../../../Engine/Plugins/VirtualProduction/LiveLinkPrestonMDR/LiveLinkPrestonMDR.uplugin" 604
"../../../Engine/Plugins/VirtualProduction/LiveLinkVRPN/LiveLinkVRPN.uplugin" 605
"../../../Engine/Plugins/VirtualProduction/LiveLinkXR/LiveLinkXR.uplugin" 606
"../../../Engine/Plugins/VirtualProduction/MultiUserTakes/MultiUserTakes.uplugin" 607
"../../../Engine/Plugins/VirtualProduction/OperatorStack/OperatorStack.uplugin" 608
"../../../Engine/Plugins/Web/HttpBlueprint/HttpBlueprint.uplugin" 609
"../../../Engine/Plugins/2D/Paper2D/Paper2D.uplugin" 610
"../../../Engine/Plugins/Cameras/CameraShakePreviewer/CameraShakePreviewer.uplugin" 611
"../../../Engine/Plugins/Cameras/EngineCameras/EngineCameras.uplugin" 612
"../../../Engine/Plugins/Cameras/GameplayCameras/GameplayCameras.uplugin" 613
"../../../Engine/Plugins/Runtime/GameplayAbilities/GameplayAbilities.uplugin" 614
"../../../Engine/Plugins/Runtime/CommonUI/CommonUI.uplugin" 615
"../../../Engine/Plugins/VirtualProduction/RemoteControlWebInterface/RemoteControlWebInterface.uplugin" 616
"../../../Engine/Plugins/VirtualProduction/LevelSnapshots/LevelSnapshots.uplugin" 617
"../../../Engine/Plugins/Runtime/SmartObjects/SmartObjects.uplugin" 618
"../../../Engine/Plugins/FX/NiagaraFluids/NiagaraFluids.uplugin" 619
"../../../Engine/Plugins/Runtime/OpenXR/OpenXR.uplugin" 620
"../../../Engine/Plugins/Experimental/NFORDenoise/NFORDenoise.uplugin" 621
"../../../Engine/Plugins/Experimental/Landmass/Landmass.uplugin" 622
"../../../Engine/Plugins/Developer/CLionSourceCodeAccess/CLionSourceCodeAccess.uplugin" 623
"../../../Engine/Plugins/Experimental/Compositing/CompositeCore/CompositeCore.uplugin" 624
"../../../Engine/Plugins/Experimental/Compositing/HoldoutComposite/HoldoutComposite.uplugin" 625
"../../../Engine/Plugins/VirtualProduction/Rivermax/RivermaxCore/RivermaxCore.uplugin" 626
"../../../Engine/Plugins/VirtualProduction/Rivermax/RivermaxMedia/RivermaxMedia.uplugin" 627
"../../../Engine/Plugins/VirtualProduction/Rivermax/RivermaxSync/RivermaxSync.uplugin" 628
"../../../Engine/Plugins/Runtime/AR/ARUtilities/ARUtilities.uplugin" 629
"../../../Engine/Plugins/Runtime/Database/RemoteDatabaseSupport/RemoteDatabaseSupport.uplugin" 630
"../../../Engine/Plugins/Runtime/Database/DatabaseSupport/DatabaseSupport.uplugin" 631
"../../../Engine/Plugins/Runtime/Windows/XInputDevice/XInputDevice.uplugin" 632
"../../../Engine/Plugins/Runtime/Windows/WinDualShock/WinDualShock.uplugin" 633
"../../../Engine/Plugins/Runtime/XR/XRScribe/XRScribe.uplugin" 634
"../../../Engine/Plugins/Runtime/XR/XRVisualization/XRVisualization.uplugin" 635
"../../../Engine/Plugins/Editor/Localization/PortableObjectFileDataSource/PortableObjectFileDataSource.uplugin" 636
"../../../Engine/Plugins/Runtime/Database/ADOSupport/ADOSupport.uplugin" 637
"../../../Engine/Plugins/Experimental/Animation/HierarchyTableAnimation/HierarchyTableAnimation.uplugin" 638
"../../../Engine/Plugins/Experimental/Animation/ContextualAnimation/ContextualAnimation.uplugin" 639
"../../../Engine/Plugins/Experimental/Animation/HierarchyTable/HierarchyTable.uplugin" 640
"../../../Engine/Plugins/Runtime/Database/SQLiteCore/SQLiteCore.uplugin" 641
"../../../Engine/Plugins/Experimental/Animation/TrajectoryTools/TrajectoryTools.uplugin" 642
"../../../Engine/Plugins/Experimental/CharacterFXEditor/BaseCharacterFXEditor/BaseCharacterFXEditor.uplugin" 643
"../../../Engine/Plugins/Experimental/CharacterFXEditor/ExampleCharacterFXEditor/ExampleCharacterFXEditor.uplugin" 644
"../../../Engine/Plugins/Runtime/MeshReconstruction/DummyMeshReconstructor/DummyMeshReconstructor.uplugin" 645
"../../../Engine/Plugins/VirtualProduction/CaptureManager/CaptureManagerDevices/CaptureManagerDevices.uplugin" 646
"../../../Engine/Plugins/VirtualProduction/CaptureManager/CaptureManagerApp/CaptureManagerApp.uplugin" 647
"../../../Engine/Plugins/Experimental/Enterprise/DatasmithRuntime/DatasmithRuntime.uplugin" 648
"../../../Engine/Plugins/Experimental/Enterprise/DataprepGeometryOperations/DataprepGeometryOperations.uplugin" 649
"../../../Engine/Plugins/Experimental/Enterprise/DatasmithInterchange/DatasmithInterchange.uplugin" 650
"../../../Engine/Plugins/Runtime/Database/SQLiteSupport/SQLiteSupport.uplugin" 651
"../../../Engine/Plugins/VirtualProduction/CaptureManager/CaptureManagerEditor/CaptureManagerEditor.uplugin" 652
"../../../Engine/Plugins/Experimental/Animation/CurveExpression/CurveExpression.uplugin" 653
"../../../Engine/Plugins/Interchange/Extensions/OpenUSD/InterchangeOpenUSD.uplugin" 654
"../../../Engine/Plugins/Interchange/Extensions/OpenVDB/InterchangeOpenVDB.uplugin" 655
"../../../Engine/Plugins/Runtime/Analytics/Adjust/Adjust.uplugin" 656
"../../../Engine/Plugins/Runtime/Analytics/FileLogging/FileLogging.uplugin" 657
"../../../Engine/Plugins/Runtime/Analytics/AnalyticsBlueprintLibrary/AnalyticsBlueprintLibrary.uplugin" 658
"../../../Engine/Plugins/Experimental/Animation/Locomotor/Locomotor.uplugin" 659
"../../../Engine/Plugins/Experimental/Animation/Optimus/Optimus.uplugin" 660
"../../../Engine/Plugins/Experimental/Animation/PackedAttributes/PackedAttributes.uplugin" 661
"../../../Engine/Plugins/Experimental/Animation/MotionTrajectory/MotionTrajectory.uplugin" 662
"../../../Engine/Plugins/Experimental/Animation/RigMapper/RigMapper.uplugin" 663
"../../../Engine/Plugins/Experimental/Animation/SkeletalMeshMorphTargetEditingTools/SkeletalMeshMorphTargetEditingTools.uplugin" 664
"../../../Engine/Plugins/Experimental/Animation/SkeletonTemplateFramework/SkeletonTemplateFramework.uplugin" 665
"../../../Engine/Plugins/VirtualProduction/CaptureManager/CaptureManagerCore/CaptureManagerCore.uplugin" 666
"../../../Engine/Plugins/Animation/MLDeformer/ChaosClothGenerator/ChaosClothGenerator.uplugin" 667
"../../../Engine/Plugins/Animation/MLDeformer/ChaosFleshGenerator/ChaosFleshGenerator.uplugin" 668
"../../../Engine/Plugins/Animation/MLDeformer/NearestNeighborModel/NearestNeighborModel.uplugin" 669
"../../../Engine/Plugins/Experimental/MetaHuman/MetaHumanRuntime/MetaHumanRuntime.uplugin" 670
"../../../Engine/Plugins/Runtime/Analytics/AnalyticsMulticast/AnalyticsMulticast.uplugin" 671
"../../../Engine/Plugins/Experimental/PCGInterops/PCGInstancedActorsInterop/PCGInstancedActorsInterop.uplugin" 672
"../../../Engine/Plugins/Experimental/PCGInterops/PCGWaterInterop/PCGWaterInterop.uplugin" 673
"../../../Engine/Plugins/Animation/MLDeformer/NeuralMorphModel/NeuralMorphModel.uplugin" 674
"../../../Engine/Plugins/Online/IOS/OnlineSubsystemIOS/OnlineSubsystemIOS.uplugin" 675
"../../../Engine/Plugins/Runtime/Advertising/IOSTapJoy/IOSTapJoy.uplugin" 676
"../../../Engine/Plugins/Experimental/PCGInterops/PCGNiagaraInterop/PCGNiagaraInterop.uplugin" 677
"../../../Engine/Plugins/VirtualProduction/DMX/DatasmithMVR/DatasmithMVR.uplugin" 678
"../../../Engine/Plugins/Online/Android/OnlineSubsystemGooglePlay/OnlineSubsystemGooglePlay.uplugin" 679
"../../../Engine/Plugins/Runtime/PacketHandlers/AESHandlerComponent/AESHandlerComponent.uplugin" 680
"../../../Engine/Plugins/Runtime/PacketHandlers/AESGCMHandlerComponent/AESGCMHandlerComponent.uplugin" 681
"../../../Engine/Plugins/Online/VoiceChat/VoiceChat/VoiceChat.uplugin" 682
"../../../Engine/Plugins/Online/VoiceChat/EOSVoiceChat/EOSVoiceChat.uplugin" 683
"../../../Engine/Plugins/Developer/Concert/ConcertMain/ConcertMain.uplugin" 684
"../../../Engine/Plugins/Runtime/PacketHandlers/DTLSHandlerComponent/DTLSHandlerComponent.uplugin" 685
"../../../Engine/Plugins/Runtime/Steam/SteamController/SteamController.uplugin" 686
"../../../Engine/Plugins/Runtime/Steam/SteamSockets/SteamSockets.uplugin" 687
"../../../Engine/Plugins/Editor/ContentBrowser/ContentBrowserClassDataSource/ContentBrowserClassDataSource.uplugin" 688
"../../../Engine/Plugins/Editor/ContentBrowser/ContentBrowserFileDataSource/ContentBrowserFileDataSource.uplugin" 689
"../../../Engine/Plugins/Editor/ObjectMixer/LightMixer/LightMixer.uplugin" 690
"../../../Engine/Plugins/Runtime/Steam/SteamShared/SteamShared.uplugin" 691
"../../../Engine/Plugins/Editor/ObjectMixer/ObjectMixer/ObjectMixer.uplugin" 692
"../../../Engine/Plugins/Editor/ContentBrowser/ContentBrowserAssetDataSource/ContentBrowserAssetDataSource.uplugin" 693
"../../../Engine/Plugins/VirtualProduction/DMX/DMXGDTF/DMXGDTF.uplugin" 694
"../../../Engine/Plugins/VirtualProduction/DMX/DMXModularFeatures/DMXModularFeatures.uplugin" 695
"../../../Engine/Plugins/VirtualProduction/DynamicMaterial/DynamicMaterial.uplugin" 696
"../../../Engine/Plugins/VirtualProduction/DMX/DMXProtocol/DMXProtocol.uplugin" 697
"../../../Engine/Plugins/VirtualProduction/DMX/DMXControlConsole/DMXControlConsole.uplugin" 698
"../../../Engine/Plugins/VirtualProduction/DMX/DMXDisplayCluster/DMXDisplayCluster.uplugin" 699
"../../../Engine/Plugins/Experimental/AVCodecs/LibVpxCodecs/LibVpxCodecs.uplugin" 700
"../../../Engine/Plugins/Editor/ContentBrowser/ContentBrowserAliasDataSource/ContentBrowserAliasDataSource.uplugin" 701
"../../../Engine/Plugins/MetaHuman/MetaHumanCharacter/MetaHumanCharacter.uplugin" 702
"../../../Engine/Plugins/VirtualProduction/PerformanceCaptureWorkflow/PerformanceCaptureWorkflow.uplugin" 703
"../../../Engine/Plugins/VirtualProduction/PropertyAnimator/PropertyAnimator.uplugin" 704
"../../../Engine/Plugins/Runtime/Nvidia/GeForceNOWWrapper/GeForceNOWWrapper.uplugin" 705
"../../../Engine/Plugins/Runtime/Nvidia/Reflex/Reflex.uplugin" 706
"../../../Engine/Plugins/Experimental/AVCodecs/WMFCodecs/WMFCodecs.uplugin" 707
"../../../Engine/Plugins/Experimental/AVCodecs/VTCodecs/VTCodecs.uplugin" 708
"../../../Engine/Plugins/VirtualProduction/VirtualCamera/VirtualCamera.uplugin" 709
"../../../Engine/Plugins/VirtualProduction/VirtualCameraCore/VirtualCameraCore.uplugin" 710
"../../../Engine/Plugins/VirtualProduction/GeometryMask/GeometryMask.uplugin" 711
"../../../Engine/Plugins/Experimental/AVCodecs/NVCodecs/NVCodecs.uplugin" 712
"../../../Engine/Plugins/Runtime/Steam/SteamAudio/SteamAudio.uplugin" 713
"../../../Engine/Plugins/Online/Android/AndroidFetchBackgroundDownload/AndroidFetchBackgroundDownload.uplugin" 714
"../../../Engine/Plugins/VirtualProduction/DMX/DMXPixelMapping/DMXPixelMapping.uplugin" 715
"../../../Engine/Plugins/Runtime/AR/Google/GoogleARCoreServices/GoogleARCoreServices.uplugin" 716
"../../../Engine/Plugins/Runtime/AR/Google/GoogleARCore/GoogleARCore.uplugin" 717
"../../../Engine/Plugins/Developer/Concert/ConcertSync/ConcertSyncClient/ConcertSyncClient.uplugin" 718
"../../../Engine/Plugins/Developer/Concert/ConcertSync/ConcertSyncServer/ConcertSyncServer.uplugin" 719
"../../../Engine/Plugins/Developer/Concert/ConcertSync/ConcertSyncTest/ConcertSyncTest.uplugin" 720
"../../../Engine/Plugins/Developer/Concert/ConcertSync/ConcertSyncCore/ConcertSyncCore.uplugin" 721
"../../../Engine/Plugins/Developer/Concert/ConcertScripting/ConcertReplicationScripting/ConcertReplicationScripting.uplugin" 722
"../../../Engine/Plugins/Developer/Concert/ConcertInsights/ConcertInsightsCore/ConcertInsightsCore.uplugin" 723
"../../../Engine/Plugins/Developer/Concert/ConcertApp/DisasterRecoveryClient/DisasterRecoveryClient.uplugin" 724
"../../../Engine/Plugins/Developer/Concert/ConcertInsights/ConcertInsightsVisualizer/ConcertInsightsVisualizer.uplugin" 725
"../../../Engine/Plugins/Developer/Concert/ConcertInsights/ConcertInsightsClient/ConcertInsightsClient.uplugin" 726
"../../../Engine/Plugins/Runtime/AR/AppleAR/AppleARKitFaceSupport/AppleARKitFaceSupport.uplugin" 727
"../../../Engine/Plugins/Runtime/AR/AppleAR/AppleARKit/AppleARKit.uplugin" 728
"../../../Engine/Plugins/Developer/Concert/ConcertUI/ConcertClientSharedSlate/ConcertClientSharedSlate.uplugin" 729
"../../../Engine/Plugins/Developer/Concert/ConcertApp/MultiUserServer/MultiUserServer.uplugin" 730
"../../../Engine/Plugins/Experimental/Animation/MLDeformer/DetailPoseModel/DetailPoseModel.uplugin" 731
"../../../Engine/Plugins/Developer/Concert/ConcertUI/ConcertSharedSlate/ConcertSharedSlate.uplugin" 732
"../../../Engine/Plugins/Developer/Concert/ConcertInsights/ConcertInsightsServer/ConcertInsightsServer.uplugin" 733
"../../../Engine/Plugins/Developer/Concert/ConcertApp/MultiUserClient/MultiUserClient.uplugin" 734
"../../../Engine/Plugins/Experimental/AVCodecs/AMFCodecs/AMFCodecs.uplugin" 735
"../../../Engine/Plugins/Experimental/AVCodecs/AVCodecsCore/AVCodecsCore.uplugin" 736
"../../../Engine/Plugins/Experimental/Web/WebAPI/WebAPI.uplugin" 737
"../../../Engine/Plugins/Animation/MLDeformer/MLDeformerFramework/MLDeformerFramework.uplugin" 738
"../../../Engine/Plugins/Animation/MLDeformer/VertexDeltaModel/VertexDeltaModel.uplugin" 739
"../../../Engine/Plugins/Experimental/VirtualProduction/VPRoles/VPRoles.uplugin" 740
"../../../Engine/Plugins/Experimental/VirtualProduction/VPSettings/VPSettings.uplugin" 741
"../../../Engine/Plugins/Experimental/VirtualProduction/LedWallCalibration/LedWallCalibration.uplugin" 742
"../../../Engine/Plugins/VirtualProduction/DMX/DMXEngine/DMXEngine.uplugin" 743
"../../../Engine/Plugins/VirtualProduction/DMX/DMXFixtures/DMXFixtures.uplugin" 744
"../../../Engine/Platforms/Android/Plugins/RigLogic/RigLogic_Android.uplugin" 745
"../../../Engine/Platforms/Android/Plugins/Animation/ACLPlugin/ACLPlugin_Android.uplugin" 746
"../../../Engine/Platforms/IOS/Plugins/RigLogic/RigLogic_IOS.uplugin" 747
"../../../Engine/Content/Internationalization/icudt64l/cnvalias.icu" 748
"../../../Engine/Content/Internationalization/icudt64l/res_index.res" 749
"../../../Engine/Content/Internationalization/icudt64l/plurals.res" 750
"../../../Engine/Content/Internationalization/icudt64l/lang/en_GB.res" 751
"../../../Engine/Content/Internationalization/icudt64l/lang/pool.res" 752
"../../../Engine/Content/Internationalization/icudt64l/lang/en_001.res" 753
"../../../Engine/Content/Internationalization/icudt64l/lang/en.res" 754
"../../../Engine/Content/Internationalization/icudt64l/lang/root.res" 755
"../../../Engine/Content/Internationalization/icudt64l/region/en_GB.res" 756
"../../../Engine/Content/Internationalization/icudt64l/region/pool.res" 757
"../../../Engine/Content/Internationalization/icudt64l/region/en.res" 758
"../../../Engine/Content/Internationalization/icudt64l/region/root.res" 759
"../../../Engine/Content/Internationalization/icudt64l/windowsZones.res" 760
"../../../Engine/Content/Internationalization/icudt64l/zoneinfo64.res" 761
"../../../Engine/Content/Internationalization/icudt64l/keyTypeData.res" 762
"../../../Engine/Content/Internationalization/icudt64l/timezoneTypes.res" 763
"../../../Engine/Content/Internationalization/icudt64l/likelySubtags.res" 764
"../../../Engine/Content/Internationalization/icudt64l/en_US.res" 765
"../../../Engine/Content/Internationalization/icudt64l/pool.res" 766
"../../../Engine/Content/Internationalization/icudt64l/en.res" 767
"../../../Engine/Content/Internationalization/icudt64l/root.res" 768
"../../../Engine/Content/Internationalization/icudt64l/supplementalData.res" 769
"../../../Engine/Config/ConfigRedirects.ini" 770
"C:/Users/tarvi/AppData/Local/UnrealEngine/5.6/Saved/Config/WindowsEditor/Manifest.ini" 771
"../../../Engine/Config/BaseEngine.ini" 772
"../../../Engine/Config/Windows/BaseWindowsEngine.ini" 773
"../../../../UNDERWATER_TEST01-5.2-5.6/Config/DefaultEngine.ini" 774
"../../../Engine/Config/BaseGame.ini" 775
"../../../../UNDERWATER_TEST01-5.2-5.6/Config/DefaultGame.ini" 776
"../../../Engine/Config/Windows/WindowsGame.ini" 777
"D:/UNDERWATER_TEST01-5.2-5.6/Saved/Config/WindowsEditor/Game.ini" 778
"../../../Engine/Config/BaseInput.ini" 779
"../../../Engine/Config/Windows/BaseWindowsInput.ini" 780
"../../../../UNDERWATER_TEST01-5.2-5.6/Config/DefaultInput.ini" 781
"../../../Engine/Config/Windows/WindowsInput.ini" 782
"../../../Engine/Config/BaseDeviceProfiles.ini" 783
"../../../Engine/Config/BaseGameUserSettings.ini" 784
"D:/UNDERWATER_TEST01-5.2-5.6/Saved/Config/WindowsEditor/GameUserSettings.ini" 785
"../../../Engine/Config/BaseScalability.ini" 786
"../../../Engine/Config/BaseRuntimeOptions.ini" 787
"../../../Engine/Config/BaseInstallBundle.ini" 788
"../../../Engine/Config/BaseHardware.ini" 789
"../../../Engine/Config/BaseCompat.ini" 790
"../../../Engine/Config/BaseLightmass.ini" 791
"../../../Engine/Config/BaseEditor.ini" 792
"../../../../UNDERWATER_TEST01-5.2-5.6/Config/DefaultEditor.ini" 793
"D:/UNDERWATER_TEST01-5.2-5.6/Saved/Config/WindowsEditor/Editor.ini" 794
"../../../Engine/Config/BaseMaterialExpressions.ini" 795
"../../../Engine/Config/BaseEditorPerProjectUserSettings.ini" 796
"../../../../UNDERWATER_TEST01-5.2-5.6/Config/DefaultEditorPerProjectUserSettings.ini" 797
"../../../Engine/Config/Windows/WindowsEditorPerProjectUserSettings.ini" 798
"D:/UNDERWATER_TEST01-5.2-5.6/Saved/Config/WindowsEditor/EditorPerProjectUserSettings.ini" 799
"../../../Engine/Config/BaseEditorSettings.ini" 800
"../../../Engine/Config/Windows/WindowsEditorSettings.ini" 801
"C:/Users/tarvi/AppData/Local/UnrealEngine/5.6/Saved/Config/WindowsEditor/EditorSettings.ini" 802
"../../../Engine/Config/BaseEditorKeyBindings.ini" 803
"C:/Users/tarvi/AppData/Local/UnrealEngine/5.6/Saved/Config/WindowsEditor/EditorLayout.ini" 804
"../../../Engine/Config/IOS/BaseIOSEngine.ini" 805
"../../../Engine/Platforms/VisionOS/Config/BaseVisionOSEngine.ini" 806
"../../../Engine/Config/Android/BaseAndroidEngine.ini" 807
"../../../Engine/Config/Linux/BaseLinuxEngine.ini" 808
"../../../Engine/Config/TVOS/TVOSEngine.ini" 809
"../../../Engine/Config/Unix/UnixEngine.ini" 810
"../../../Engine/Config/Android/AndroidEngine.ini" 811
"../../../Engine/Config/Linux/LinuxEngine.ini" 812
"../../../Engine/Platforms/VisionOS/Config/VisionOSEngine.ini" 813
"../../../Engine/Config/IOS/BaseIOSGame.ini" 814
"../../../Engine/Config/Android/BaseAndroidGame.ini" 815
"../../../Engine/Config/Mac/BaseMacEngine.ini" 816
"../../../Engine/Config/IOS/IOSGame.ini" 817
"../../../Engine/Config/Linux/LinuxGame.ini" 818
"../../../Engine/Config/Android/BaseAndroidInput.ini" 819
"../../../Engine/Config/IOS/BaseIOSInput.ini" 820
"../../../Engine/Config/Android/AndroidScalability.ini" 821
"../../../Engine/Config/Android/BaseAndroidInstallBundle.ini" 822
"../../../Engine/Config/IOS/IOSScalability.ini" 823
"../../../Engine/Config/Mac/MacGame.ini" 824
"../../../Engine/Config/Mac/BaseMacInput.ini" 825
"../../../Engine/Config/IOS/BaseIOSInstallBundle.ini" 826
"../../../../UNDERWATER_TEST01-5.2-5.6/Binaries/Win64/UNDERWATER_TEST01.target" 827
"../../../Engine/Binaries/Win64/BootstrapPackagedGame-Win64-Shipping.target" 828
"../../../Engine/Binaries/Win64/BuildPatchTool-Win64-Shipping.target" 829
"../../../Engine/Binaries/Win64/CrashReportClient-Win64-Shipping.target" 830
"../../../Engine/Binaries/Win64/CrashReportClientEditor-Win64-Shipping.target" 831
"../../../Engine/Binaries/Win64/DatasmithCADWorker.target" 832
"../../../Engine/Binaries/Win64/EpicWebHelper-Win64-Shipping.target" 833
"../../../Engine/Binaries/Win64/InterchangeWorker.target" 834
"../../../Engine/Binaries/Win64/LiveCodingConsole.target" 835
"../../../Engine/Binaries/Win64/LiveLinkHub.target" 836
"../../../Engine/Binaries/Win64/ShaderCompileWorker.target" 837
"../../../Engine/Binaries/Win64/SwitchboardListener.target" 838
"../../../Engine/Binaries/Win64/SwitchboardListenerHelper.target" 839
"../../../Engine/Binaries/Win64/UnrealEditor-Win64-DebugGame.target" 840
"../../../Engine/Binaries/Win64/UnrealEditor.target" 841
"../../../Engine/Config/PluginBase.ini" 842
"../../../Engine/Plugins/ChaosVD/Config/DefaultChaosVD.ini" 843
"../../../Engine/Plugins/EnhancedInput/Config/BaseEnhancedInput.ini" 844
"../../../Engine/Plugins/Fab/Config/BaseFab.ini" 845
"../../../Engine/Plugins/TraceUtilities/Config/BaseTraceUtilities.ini" 846
"../../../Engine/Plugins/Compositing/OpenColorIO/Config/BaseOpenColorIO.ini" 847
"../../../Engine/Plugins/Editor/ConsoleVariablesEditor/Config/BaseConsoleVariables.ini" 848
"../../../Engine/Plugins/Experimental/FullBodyIK/Config/BaseFullBodyIK.ini" 849
"../../../Engine/Plugins/Experimental/ToolPresets/Config/BaseToolPresets.ini" 850
"../../../Engine/Plugins/Interchange/Assets/Config/BaseInterchangeAssets.ini" 851
"../../../Engine/Plugins/Interchange/Runtime/Config/BaseInterchange.ini" 852
"../../../Engine/Plugins/Animation/ControlRig/Config/BaseControlRig.ini" 853
"../../../Engine/Plugins/Animation/DeformerGraph/Config/BaseDeformerGraph.ini" 854
"../../../Engine/Plugins/Animation/IKRig/Config/BaseIKRig.ini" 855
"../../../Engine/Plugins/Enterprise/DatasmithContent/Config/BaseDatasmithContent.ini" 856
"../../../Engine/Plugins/Enterprise/GLTFExporter/Config/BaseGLTFExporter.ini" 857
"../../../Engine/Plugins/Enterprise/GLTFExporter/Config/DefaultGLTFExporter.ini" 858
"../../../Engine/Plugins/Enterprise/VariantManagerContent/Config/BaseVariantManagerContent.ini" 859
"../../../Engine/Plugins/FX/Niagara/Config/BaseNiagara.ini" 860
"../../../Engine/Plugins/MetaHuman/MetaHumanSDK/Config/BaseMetaHumanSDK.ini" 861
"../../../Engine/Plugins/MovieScene/MovieRenderPipeline/Config/BaseMovieRenderPipeline.ini" 862
"../../../Engine/Plugins/Editor/EditorScriptingUtilities/Config/BaseEditorScriptingUtilities.ini" 863
"../../../Engine/Plugins/Runtime/HairStrands/Config/BaseHairStrands.ini" 864
"../../../Engine/Plugins/Runtime/Metasound/Config/BaseMetasound.ini" 865
"../../../Engine/Plugins/Runtime/Metasound/Config/DefaultMetasound.ini" 866
"../../../Engine/Plugins/Runtime/PropertyBindingUtils/Config/BasePropertyBindingUtils.ini" 867
"../../../Engine/Plugins/Runtime/RigVM/Config/BaseRigVM.ini" 868
"../../../Engine/Plugins/Runtime/StateTree/Config/BaseStateTree.ini" 869
"../../../Engine/Plugins/Runtime/Synthesis/Config/BaseSynthesis.ini" 870
"../../../Engine/Plugins/VirtualProduction/CameraCalibrationCore/Config/BaseCameraCalibrationCore.ini" 871
"../../../Engine/Plugins/VirtualProduction/Takes/Config/BaseTakes.ini" 872
"../../../Engine/Plugins/2D/Paper2D/Config/BasePaper2D.ini" 873
"../../../Engine/Plugins/Cameras/GameplayCameras/Config/BaseGameplayCameras.ini" 874
"../../../Engine/Plugins/Experimental/Compositing/CompositeCore/Config/BaseCompositeCore.ini" 875
"../../../Engine/Plugins/Developer/Concert/ConcertSync/ConcertSyncCore/Config/BaseConcertSyncCore.ini" 876
"../../../Engine/Plugins/ChaosVD/Config/Engine.ini" 877
"../../../Engine/Plugins/EnhancedInput/Config/Input.ini" 878
"../../../Engine/Plugins/Runtime/InputDebugging/Config/Input.ini" 879
"../../../Engine/Plugins/Runtime/Windows/XInputDevice/Config/Input.ini" 880
"../../../Engine/Plugins/Experimental/WaterExtras/Config/WaterExtras.ini" 881
"../../../Engine/Plugins/NNE/NNEDenoiser/Config/Game.ini" 882
"../../../Engine/Plugins/Online/OnlineSubsystemUtils/Config/Editor.ini" 883
"../../../Engine/Plugins/Runtime/RigVM/Config/Editor.ini" 884
"../../../Engine/Plugins/Editor/ModelingToolsEditorMode/Binaries/Win64/UnrealEditor.modules" 885
"../../../Engine/Plugins/Runtime/MeshModelingToolset/Binaries/Win64/UnrealEditor.modules" 886
"../../../Engine/Plugins/Experimental/MeshModelingToolsetExp/Binaries/Win64/UnrealEditor.modules" 887
"../../../Engine/Plugins/Editor/MeshLODToolset/Binaries/Win64/UnrealEditor.modules" 888
"../../../Engine/Plugins/Experimental/ToolPresets/Binaries/Win64/UnrealEditor.modules" 889
"../../../Engine/Plugins/Editor/StylusInput/Binaries/Win64/UnrealEditor.modules" 890
"../../../Engine/Plugins/Runtime/GeometryProcessing/Binaries/Win64/UnrealEditor.modules" 891
"../../../Engine/Plugins/Editor/ProxyLODPlugin/Binaries/Win64/UnrealEditor.modules" 892
"../../../Engine/Plugins/Experimental/PlanarCutPlugin/Binaries/Win64/UnrealEditor.modules" 893
"../../../Engine/Plugins/Runtime/GeometryCache/Binaries/Win64/UnrealEditor.modules" 894
"../../../Engine/Plugins/Experimental/GeometryFlow/Binaries/Win64/UnrealEditor.modules" 895
"../../../Engine/Plugins/Editor/EditorScriptingUtilities/Binaries/Win64/UnrealEditor.modules" 896
"../../../Engine/Plugins/FX/Niagara/Binaries/Win64/UnrealEditor.modules" 897
"../../../Engine/Plugins/Experimental/PythonScriptPlugin/Binaries/Win64/UnrealEditor.modules" 898
"../../../Engine/Plugins/Editor/ContentBrowser/ContentBrowserFileDataSource/Binaries/Win64/UnrealEditor.modules" 899
"../../../Engine/Plugins/Experimental/Water/Binaries/Win64/UnrealEditor.modules" 900
"../../../Engine/Plugins/Experimental/Landmass/Binaries/Win64/UnrealEditor.modules" 901
"../../../Engine/Plugins/Editor/BlueprintMaterialTextureNodes/Binaries/Win64/UnrealEditor.modules" 902
"../../../Engine/Plugins/MovieScene/MovieRenderPipeline/Binaries/Win64/UnrealEditor.modules" 903
"../../../Engine/Plugins/Runtime/ActorLayerUtilities/Binaries/Win64/UnrealEditor.modules" 904
"../../../Engine/Plugins/Editor/ConsoleVariablesEditor/Binaries/Win64/UnrealEditor.modules" 905
"../../../Engine/Plugins/MovieScene/LevelSequenceEditor/Binaries/Win64/UnrealEditor.modules" 906
"../../../Engine/Plugins/Compositing/OpenColorIO/Binaries/Win64/UnrealEditor.modules" 907
"../../../Engine/Plugins/MovieScene/SequencerScripting/Binaries/Win64/UnrealEditor.modules" 908
"../../../Engine/Plugins/ChaosClothAsset/Binaries/Win64/UnrealEditor.modules" 909
"../../../Engine/Plugins/Developer/Concert/ConcertSync/ConcertSyncClient/Binaries/Win64/UnrealEditor.modules" 910
"../../../Engine/Plugins/Developer/Concert/ConcertSync/ConcertSyncCore/Binaries/Win64/UnrealEditor.modules" 911
"../../../Engine/Plugins/Developer/Concert/ConcertMain/Binaries/Win64/UnrealEditor.modules" 912
"../../../Engine/Plugins/Developer/Concert/ConcertUI/ConcertSharedSlate/Binaries/Win64/UnrealEditor.modules" 913
"../../../Engine/Plugins/ChaosCloth/Binaries/Win64/UnrealEditor.modules" 914
"../../../Engine/Plugins/Experimental/Dataflow/Binaries/Win64/UnrealEditor.modules" 915
"../../../Engine/Plugins/Runtime/Database/SQLiteCore/Binaries/Win64/UnrealEditor.modules" 916
"../../../Engine/Plugins/Experimental/ChaosCaching/Binaries/Win64/UnrealEditor.modules" 917
"../../../Engine/Plugins/Experimental/CharacterFXEditor/BaseCharacterFXEditor/Binaries/Win64/UnrealEditor.modules" 918
"../../../Engine/Plugins/Runtime/ProceduralMeshComponent/Binaries/Win64/UnrealEditor.modules" 919
"../../../Engine/Plugins/Experimental/EditorDataStorage/Binaries/Win64/UnrealEditor.modules" 920
"../../../Engine/Plugins/Experimental/EditorDataStorageFeatures/Binaries/Win64/UnrealEditor.modules" 921
"../../../Engine/Plugins/VirtualProduction/Takes/Binaries/Win64/UnrealEditor.modules" 922
"../../../Engine/Plugins/Runtime/AudioCapture/Binaries/Win64/UnrealEditor.modules" 923
"../../../Engine/Plugins/Developer/NamingTokens/Binaries/Win64/UnrealEditor.modules" 924
"../../../Engine/Plugins/Editor/EngineAssetDefinitions/Binaries/Win64/UnrealEditor.modules" 925
"../../../Engine/Plugins/ChaosInsights/Binaries/Win64/UnrealEditor.modules" 926
"../../../Engine/Plugins/ChaosVD/Binaries/Win64/UnrealEditor.modules" 927
"../../../Engine/Plugins/CmdLinkServer/Binaries/Win64/UnrealEditor.modules" 928
"../../../Engine/Plugins/EnhancedInput/Binaries/Win64/UnrealEditor.modules" 929
"../../../Engine/Plugins/Editor/DataValidation/Binaries/Win64/UnrealEditor.modules" 930
"../../../Engine/Plugins/Fab/Binaries/Win64/UnrealEditor.modules" 931
"../../../Engine/Plugins/Interchange/Runtime/Binaries/Win64/UnrealEditor.modules" 932
"../../../Engine/Plugins/Online/EOSShared/Binaries/Win64/UnrealEditor.modules" 933
"../../../Engine/Plugins/Enterprise/VariantManagerContent/Binaries/Win64/UnrealEditor.modules" 934
"../../../Engine/Plugins/Enterprise/VariantManager/Binaries/Win64/UnrealEditor.modules" 935
"../../../Engine/Plugins/Interchange/Assets/Binaries/Win64/UnrealEditor.modules" 936
"../../../Engine/Plugins/FastBuildController/Binaries/Win64/UnrealEditor.modules" 937
"../../../Engine/Plugins/IoStoreInsights/Binaries/Win64/UnrealEditor.modules" 938
"../../../Engine/Plugins/MassInsights/Binaries/Win64/UnrealEditor.modules" 939
"../../../Engine/Plugins/RenderGraphInsights/Binaries/Win64/UnrealEditor.modules" 940
"../../../Engine/Plugins/TraceUtilities/Binaries/Win64/UnrealEditor.modules" 941
"../../../Engine/Plugins/UbaController/Binaries/Win64/UnrealEditor.modules" 942
"../../../Engine/Plugins/WorldMetrics/Binaries/Win64/UnrealEditor.modules" 943
"../../../Engine/Plugins/XGEController/Binaries/Win64/UnrealEditor.modules" 944
"../../../Engine/Plugins/MeshPainting/Binaries/Win64/UnrealEditor.modules" 945
"../../../Engine/Plugins/Interchange/Editor/Binaries/Win64/UnrealEditor.modules" 946
"../../../Engine/Plugins/Bridge/Binaries/Win64/UnrealEditor.modules" 947
"../../../Engine/Plugins/MetaHuman/MetaHumanSDK/Binaries/Win64/UnrealEditor.modules" 948
"../../../Engine/Plugins/Animation/ControlRig/Binaries/Win64/UnrealEditor.modules" 949
"../../../Engine/Plugins/Runtime/HairStrands/Binaries/Win64/UnrealEditor.modules" 950
"../../../Engine/Plugins/Animation/RigLogic/Binaries/Win64/UnrealEditor.modules" 951
"../../../Engine/Plugins/Runtime/RigVM/Binaries/Win64/UnrealEditor.modules" 952
"../../../Engine/Plugins/Runtime/PropertyAccess/Binaries/Win64/UnrealEditor.modules" 953
"../../../Engine/Plugins/Animation/TweeningUtils/Binaries/Win64/UnrealEditor.modules" 954
"../../../Engine/Plugins/Animation/DeformerGraph/Binaries/Win64/UnrealEditor.modules" 955
"../../../Engine/Plugins/Runtime/ComputeFramework/Binaries/Win64/UnrealEditor.modules" 956
"../../../Engine/Plugins/AI/AISupport/Binaries/Win64/UnrealEditor.modules" 957
"../../../Engine/Plugins/AI/EnvironmentQueryEditor/Binaries/Win64/UnrealEditor.modules" 958
"../../../Engine/Plugins/Developer/AnimationSharing/Binaries/Win64/UnrealEditor.modules" 959
"../../../Engine/Plugins/Runtime/SignificanceManager/Binaries/Win64/UnrealEditor.modules" 960
"../../../Engine/Plugins/Developer/DumpGPUServices/Binaries/Win64/UnrealEditor.modules" 961
"../../../Engine/Plugins/Developer/GitSourceControl/Binaries/Win64/UnrealEditor.modules" 962
"../../../Engine/Plugins/Developer/N10XSourceCodeAccess/Binaries/Win64/UnrealEditor.modules" 963
"../../../Engine/Plugins/Developer/PerforceSourceControl/Binaries/Win64/UnrealEditor.modules" 964
"../../../Engine/Plugins/Developer/PixWinPlugin/Binaries/Win64/UnrealEditor.modules" 965
"../../../Engine/Plugins/Developer/PlasticSourceControl/Binaries/Win64/UnrealEditor.modules" 966
"../../../Engine/Plugins/Developer/PluginUtils/Binaries/Win64/UnrealEditor.modules" 967
"../../../Engine/Plugins/Developer/ProjectLauncher/Binaries/Win64/UnrealEditor.modules" 968
"../../../Engine/Plugins/Developer/RenderDocPlugin/Binaries/Win64/UnrealEditor.modules" 969
"../../../Engine/Plugins/Developer/PropertyAccessNode/Binaries/Win64/UnrealEditor.modules" 970
"../../../Engine/Plugins/Developer/RiderSourceCodeAccess/Binaries/Win64/UnrealEditor.modules" 971
"../../../Engine/Plugins/Developer/SubversionSourceControl/Binaries/Win64/UnrealEditor.modules" 972
"../../../Engine/Plugins/Developer/TextureFormatOodle/Binaries/Win64/UnrealEditor.modules" 973
"../../../Engine/Plugins/Developer/VisualStudioCodeSourceCodeAccess/Binaries/Win64/UnrealEditor.modules" 974
"../../../Engine/Plugins/Developer/VisualStudioSourceCodeAccess/Binaries/Win64/UnrealEditor.modules" 975
"../../../Engine/Plugins/Editor/AssetManagerEditor/Binaries/Win64/UnrealEditor.modules" 976
"../../../Engine/Plugins/Editor/ContentBrowser/ContentBrowserAssetDataSource/Binaries/Win64/UnrealEditor.modules" 977
"../../../Engine/Plugins/Developer/UObjectPlugin/Binaries/Win64/UnrealEditor.modules" 978
"../../../Engine/Plugins/Editor/BlueprintHeaderView/Binaries/Win64/UnrealEditor.modules" 979
"../../../Engine/Plugins/Editor/ChangelistReview/Binaries/Win64/UnrealEditor.modules" 980
"../../../Engine/Plugins/Editor/ColorGrading/Binaries/Win64/UnrealEditor.modules" 981
"../../../Engine/Plugins/Editor/ObjectMixer/ObjectMixer/Binaries/Win64/UnrealEditor.modules" 982
"../../../Engine/Plugins/Editor/CurveEditorTools/Binaries/Win64/UnrealEditor.modules" 983
"../../../Engine/Plugins/Editor/CryptoKeys/Binaries/Win64/UnrealEditor.modules" 984
"../../../Engine/Plugins/Editor/EditorDebugTools/Binaries/Win64/UnrealEditor.modules" 985
"../../../Engine/Plugins/Editor/FacialAnimation/Binaries/Win64/UnrealEditor.modules" 986
"../../../Engine/Plugins/Editor/GameplayTagsEditor/Binaries/Win64/UnrealEditor.modules" 987
"../../../Engine/Plugins/Editor/GeometryMode/Binaries/Win64/UnrealEditor.modules" 988
"../../../Engine/Plugins/Editor/MaterialAnalyzer/Binaries/Win64/UnrealEditor.modules" 989
"../../../Engine/Plugins/Editor/MobileLauncherProfileWizard/Binaries/Win64/UnrealEditor.modules" 990
"../../../Engine/Plugins/Editor/PluginBrowser/Binaries/Win64/UnrealEditor.modules" 991
"../../../Engine/Plugins/Editor/SequencerAnimTools/Binaries/Win64/UnrealEditor.modules" 992
"../../../Engine/Plugins/Editor/SpeedTreeImporter/Binaries/Win64/UnrealEditor.modules" 993
"../../../Engine/Plugins/Editor/UMGWidgetPreview/Binaries/Win64/UnrealEditor.modules" 994
"../../../Engine/Plugins/Editor/UVEditor/Binaries/Win64/UnrealEditor.modules" 995
"../../../Engine/Plugins/Editor/WorldPartitionHLODUtilities/Binaries/Win64/UnrealEditor.modules" 996
"../../../Engine/Plugins/Experimental/AdvancedRenamer/Binaries/Win64/UnrealEditor.modules" 997
"../../../Engine/Plugins/Experimental/AutomationUtils/Binaries/Win64/UnrealEditor.modules" 998
"../../../Engine/Plugins/Experimental/BackChannel/Binaries/Win64/UnrealEditor.modules" 999
"../../../Engine/Plugins/Experimental/ChaosEditor/Binaries/Win64/UnrealEditor.modules" 1000
"../../../Engine/Plugins/Experimental/GeometryCollectionPlugin/Binaries/Win64/UnrealEditor.modules" 1001
"../../../Engine/Plugins/Experimental/Fracture/Binaries/Win64/UnrealEditor.modules" 1002
"../../../Engine/Plugins/Experimental/ChaosSolverPlugin/Binaries/Win64/UnrealEditor.modules" 1003
"../../../Engine/Plugins/Experimental/GeometryDataflow/Binaries/Win64/UnrealEditor.modules" 1004
"../../../Engine/Plugins/Experimental/ChaosNiagara/Binaries/Win64/UnrealEditor.modules" 1005
"../../../Engine/Plugins/Experimental/ChaosUserDataPT/Binaries/Win64/UnrealEditor.modules" 1006
"../../../Engine/Plugins/Experimental/CharacterAI/Binaries/Win64/UnrealEditor.modules" 1007
"../../../Engine/Plugins/Experimental/EditorPerformance/Binaries/Win64/UnrealEditor.modules" 1008
"../../../Engine/Plugins/Experimental/EditorTelemetry/Binaries/Win64/UnrealEditor.modules" 1009
"../../../Engine/Plugins/Experimental/LevelSequenceNavigatorBridge/Binaries/Win64/UnrealEditor.modules" 1010
"../../../Engine/Plugins/Experimental/SequenceNavigator/Binaries/Win64/UnrealEditor.modules" 1011
"../../../Engine/Plugins/Experimental/LocalizableMessage/Binaries/Win64/UnrealEditor.modules" 1012
"../../../Engine/Plugins/Experimental/PlatformCrypto/Binaries/Win64/UnrealEditor.modules" 1013
"../../../Engine/Plugins/Experimental/RuntimeTelemetry/Binaries/Win64/UnrealEditor.modules" 1014
"../../../Engine/Plugins/Experimental/SkeletalReduction/Binaries/Win64/UnrealEditor.modules" 1015
"../../../Engine/Plugins/Messaging/TcpMessaging/Binaries/Win64/UnrealEditor.modules" 1016
"../../../Engine/Plugins/Messaging/UdpMessaging/Binaries/Win64/UnrealEditor.modules" 1017
"../../../Engine/Plugins/Animation/ACLPlugin/Binaries/Win64/UnrealEditor.modules" 1018
"../../../Engine/Plugins/Animation/AnimationData/Binaries/Win64/UnrealEditor.modules" 1019
"../../../Engine/Plugins/Animation/AnimationModifierLibrary/Binaries/Win64/UnrealEditor.modules" 1020
"../../../Engine/Plugins/Animation/BlendSpaceMotionAnalysis/Binaries/Win64/UnrealEditor.modules" 1021
"../../../Engine/Plugins/Animation/ControlRigSpline/Binaries/Win64/UnrealEditor.modules" 1022
"../../../Engine/Plugins/Animation/IKRig/Binaries/Win64/UnrealEditor.modules" 1023
"../../../Engine/Plugins/Experimental/FullBodyIK/Binaries/Win64/UnrealEditor.modules" 1024
"../../../Engine/Plugins/Animation/SkeletalMeshModelingTools/Binaries/Win64/UnrealEditor.modules" 1025
"../../../Engine/Plugins/Compression/OodleNetwork/Binaries/Win64/UnrealEditor.modules" 1026
"../../../Engine/Plugins/Enterprise/DatasmithContent/Binaries/Win64/UnrealEditor.modules" 1027
"../../../Engine/Plugins/Enterprise/GLTFExporter/Binaries/Win64/UnrealEditor.modules" 1028
"../../../Engine/Plugins/FX/Cascade/Binaries/Win64/UnrealEditor.modules" 1029
"../../../Engine/Plugins/FX/NiagaraSimCaching/Binaries/Win64/UnrealEditor.modules" 1030
"../../../Engine/Plugins/Importers/AlembicImporter/Binaries/Win64/UnrealEditor.modules" 1031
"../../../Engine/Plugins/MovieScene/ActorSequence/Binaries/Win64/UnrealEditor.modules" 1032
"../../../Engine/Plugins/NNE/NNEDenoiser/Binaries/Win64/UnrealEditor.modules" 1033
"../../../Engine/Plugins/NNE/NNERuntimeORT/Binaries/Win64/UnrealEditor.modules" 1034
"../../../Engine/Plugins/Online/OnlineBase/Binaries/Win64/UnrealEditor.modules" 1035
"../../../Engine/Plugins/Online/OnlineSubsystem/Binaries/Win64/UnrealEditor.modules" 1036
"../../../Engine/Plugins/Online/OnlineSubsystemNull/Binaries/Win64/UnrealEditor.modules" 1037
"../../../Engine/Plugins/Online/OnlineSubsystemUtils/Binaries/Win64/UnrealEditor.modules" 1038
"../../../Engine/Plugins/Online/OnlineServices/Binaries/Win64/UnrealEditor.modules" 1039
"../../../Engine/Plugins/Media/AndroidMedia/Binaries/Win64/UnrealEditor.modules" 1040
"../../../Engine/Plugins/Media/AvfMedia/Binaries/Win64/UnrealEditor.modules" 1041
"../../../Engine/Plugins/Media/ImgMedia/Binaries/Win64/UnrealEditor.modules" 1042
"../../../Engine/Plugins/Media/MediaPlayerEditor/Binaries/Win64/UnrealEditor.modules" 1043
"../../../Engine/Plugins/Media/MediaCompositing/Binaries/Win64/UnrealEditor.modules" 1044
"../../../Engine/Plugins/Media/MediaPlate/Binaries/Win64/UnrealEditor.modules" 1045
"../../../Engine/Plugins/Experimental/Compositing/CompositeCore/Binaries/Win64/UnrealEditor.modules" 1046
"../../../Engine/Plugins/Media/WmfMedia/Binaries/Win64/UnrealEditor.modules" 1047
"../../../Engine/Plugins/Portal/LauncherChunkInstaller/Binaries/Win64/UnrealEditor.modules" 1048
"../../../Engine/Plugins/Runtime/AndroidDeviceProfileSelector/Binaries/Win64/UnrealEditor.modules" 1049
"../../../Engine/Plugins/Runtime/AndroidFileServer/Binaries/Win64/UnrealEditor.modules" 1050
"../../../Engine/Plugins/Runtime/AndroidPermission/Binaries/Win64/UnrealEditor.modules" 1051
"../../../Engine/Plugins/Runtime/AppleImageUtils/Binaries/Win64/UnrealEditor.modules" 1052
"../../../Engine/Plugins/Runtime/ArchVisCharacter/Binaries/Win64/UnrealEditor.modules" 1053
"../../../Engine/Plugins/Runtime/AssetTags/Binaries/Win64/UnrealEditor.modules" 1054
"../../../Engine/Plugins/Runtime/CableComponent/Binaries/Win64/UnrealEditor.modules" 1055
"../../../Engine/Plugins/Runtime/ChunkDownloader/Binaries/Win64/UnrealEditor.modules" 1056
"../../../Engine/Plugins/Runtime/CustomMeshComponent/Binaries/Win64/UnrealEditor.modules" 1057
"../../../Engine/Plugins/Runtime/ExampleDeviceProfileSelector/Binaries/Win64/UnrealEditor.modules" 1058
"../../../Engine/Plugins/Runtime/GooglePAD/Binaries/Win64/UnrealEditor.modules" 1059
"../../../Engine/Plugins/Runtime/InputDebugging/Binaries/Win64/UnrealEditor.modules" 1060
"../../../Engine/Plugins/Runtime/LocationServicesBPLibrary/Binaries/Win64/UnrealEditor.modules" 1061
"../../../Engine/Plugins/Runtime/Metasound/Binaries/Win64/UnrealEditor.modules" 1062
"../../../Engine/Plugins/Runtime/AudioWidgets/Binaries/Win64/UnrealEditor.modules" 1063
"../../../Engine/Plugins/Runtime/AudioSynesthesia/Binaries/Win64/UnrealEditor.modules" 1064
"../../../Engine/Plugins/Runtime/WaveTable/Binaries/Win64/UnrealEditor.modules" 1065
"../../../Engine/Plugins/Runtime/MobilePatchingUtils/Binaries/Win64/UnrealEditor.modules" 1066
"../../../Engine/Plugins/Runtime/MsQuic/Binaries/Win64/UnrealEditor.modules" 1067
"../../../Engine/Plugins/Runtime/ResonanceAudio/Binaries/Win64/UnrealEditor.modules" 1068
"../../../Engine/Plugins/Runtime/SoundFields/Binaries/Win64/UnrealEditor.modules" 1069
"../../../Engine/Plugins/Runtime/Synthesis/Binaries/Win64/UnrealEditor.modules" 1070
"../../../Engine/Plugins/Runtime/WebMMoviePlayer/Binaries/Win64/UnrealEditor.modules" 1071
"../../../Engine/Plugins/Media/WebMMedia/Binaries/Win64/UnrealEditor.modules" 1072
"../../../Engine/Plugins/Runtime/WindowsDeviceProfileSelector/Binaries/Win64/UnrealEditor.modules" 1073
"../../../Engine/Plugins/Runtime/WindowsMoviePlayer/Binaries/Win64/UnrealEditor.modules" 1074
"../../../Engine/Plugins/Tests/InterchangeTests/Binaries/Win64/UnrealEditor.modules" 1075
"../../../Engine/Plugins/2D/Paper2D/Binaries/Win64/UnrealEditor.modules" 1076
"../../../Engine/Plugins/Cameras/CameraShakePreviewer/Binaries/Win64/UnrealEditor.modules" 1077
"../../../Engine/Plugins/Cameras/GameplayCameras/Binaries/Win64/UnrealEditor.modules" 1078
"../../../Engine/Plugins/VirtualProduction/CameraCalibrationCore/Binaries/Win64/UnrealEditor.modules" 1079
"../../../Engine/Plugins/Runtime/StateTree/Binaries/Win64/UnrealEditor.modules" 1080
"../../../Engine/Plugins/MovieScene/TemplateSequence/Binaries/Win64/UnrealEditor.modules" 1081
"../../../Engine/Plugins/Animation/GameplayInsights/Binaries/Win64/UnrealEditor.modules" 1082
"../../../Engine/Plugins/Runtime/PropertyBindingUtils/Binaries/Win64/UnrealEditor.modules" 1083
"../../../Engine/Plugins/Cameras/EngineCameras/Binaries/Win64/UnrealEditor.modules" 1084
"../../../Engine/Plugins/Experimental/NFORDenoise/Binaries/Win64/UnrealEditor.modules" 1085
"../../../Engine/Plugins/Developer/CLionSourceCodeAccess/Binaries/Win64/UnrealEditor.modules" 1086
"../../../Engine/Plugins/Runtime/Windows/XInputDevice/Binaries/Win64/UnrealEditor.modules" 1087
"../../../Engine/Plugins/Editor/Localization/PortableObjectFileDataSource/Binaries/Win64/UnrealEditor.modules" 1088
"../../../Engine/Plugins/Editor/ContentBrowser/ContentBrowserClassDataSource/Binaries/Win64/UnrealEditor.modules" 1089
"../../../Engine/Plugins/Editor/ObjectMixer/LightMixer/Binaries/Win64/UnrealEditor.modules" 1090
"../../../Engine/Config/BaseSourceControlSettings.ini" 1091
"../../../Engine/Content/Internationalization/icudt64l/coll/ucadata.icu" 1092
"../../../Engine/Content/Internationalization/icudt64l/coll/en_US.res" 1093
"../../../Engine/Content/Internationalization/icudt64l/coll/en.res" 1094
"../../../Engine/Content/Internationalization/icudt64l/coll/root.res" 1095
"../../../Engine/Content/Certificates/ThirdParty/cacert.pem" 1096
"../../../Engine/Config/ConsoleVariables.ini" 1097
"../../../Engine/Binaries/Win64/Android/UnrealEditor.modules" 1098
"../../../Engine/Binaries/Win64/IOS/UnrealEditor.modules" 1099
"../../../Engine/Binaries/Win64/Linux/UnrealEditor.modules" 1100
"../../../Engine/Content/Localization/Editor/en/Editor.locres" 1101
"../../../Engine/Content/Localization/EditorTutorials/en/EditorTutorials.locres" 1102
"../../../Engine/Content/Localization/Keywords/en/Keywords.locres" 1103
"../../../Engine/Content/Localization/Category/en/Category.locres" 1104
"../../../Engine/Content/Localization/ToolTips/en/ToolTips.locres" 1105
"../../../Engine/Content/Localization/PropertyNames/en/PropertyNames.locres" 1106
"../../../Engine/Content/Localization/Engine/en/Engine.locres" 1107
"../../../Engine/Plugins/MetaHuman/MetaHumanSDK/Content/Localization/MetaHumanSDK/en/MetaHumanSDK.locres" 1108
"../../../Engine/Plugins/Online/OnlineSubsystem/Content/Localization/OnlineSubsystem/en/OnlineSubsystem.locres" 1109
"../../../Engine/Plugins/Online/OnlineSubsystemUtils/Content/Localization/OnlineSubsystemUtils/en/OnlineSubsystemUtils.locres" 1110
"../../../Engine/Plugins/Online/IOS/OnlineSubsystemIOS/Content/Localization/OnlineSubsystemIOS/en/OnlineSubsystemIOS.locres" 1111
"../../../Engine/Plugins/Online/Android/OnlineSubsystemGooglePlay/Content/Localization/OnlineSubsystemGooglePlay/en/OnlineSubsystemGooglePlay.locres" 1112
"../../../Engine/Content/Internationalization/icudt64l/en_GB.res" 1113
"../../../Engine/Content/Internationalization/icudt64l/en_001.res" 1114
"../../../Engine/Content/Internationalization/icudt64l/numberingSystems.res" 1115
"../../../Engine/Content/Internationalization/icudt64l/curr/supplementalData.res" 1116
"../../../Engine/Content/Internationalization/icudt64l/curr/en_GB.res" 1117
"../../../Engine/Content/Internationalization/icudt64l/curr/pool.res" 1118
"../../../Engine/Content/Internationalization/icudt64l/curr/en_001.res" 1119
"../../../Engine/Content/Internationalization/icudt64l/curr/en.res" 1120
"../../../Engine/Content/Internationalization/icudt64l/curr/root.res" 1121
"../../../Engine/Content/Internationalization/icudt64l/lang/af.res" 1122
"../../../Engine/Content/Internationalization/icudt64l/region/af.res" 1123
"../../../Engine/Content/Internationalization/icudt64l/lang/agq.res" 1124
"../../../Engine/Content/Internationalization/icudt64l/region/agq.res" 1125
"../../../Engine/Content/Internationalization/icudt64l/lang/ak.res" 1126
"../../../Engine/Content/Internationalization/icudt64l/region/ak.res" 1127
"../../../Engine/Content/Internationalization/icudt64l/lang/am.res" 1128
"../../../Engine/Content/Internationalization/icudt64l/region/am.res" 1129
"../../../Engine/Content/Internationalization/icudt64l/lang/ar.res" 1130
"../../../Engine/Content/Internationalization/icudt64l/region/ar.res" 1131
"../../../Engine/Content/Internationalization/icudt64l/region/ar_AE.res" 1132
"../../../Engine/Content/Internationalization/icudt64l/lang/ar_EG.res" 1133
"../../../Engine/Content/Internationalization/icudt64l/lang/ar_LY.res" 1134
"../../../Engine/Content/Internationalization/icudt64l/region/ar_LY.res" 1135
"../../../Engine/Content/Internationalization/icudt64l/lang/ar_SA.res" 1136
"../../../Engine/Content/Internationalization/icudt64l/region/ar_SA.res" 1137
"../../../Engine/Content/Internationalization/icudt64l/lang/as.res" 1138
"../../../Engine/Content/Internationalization/icudt64l/region/as.res" 1139
"../../../Engine/Content/Internationalization/icudt64l/lang/asa.res" 1140
"../../../Engine/Content/Internationalization/icudt64l/region/asa.res" 1141
"../../../Engine/Content/Internationalization/icudt64l/lang/ast.res" 1142
"../../../Engine/Content/Internationalization/icudt64l/region/ast.res" 1143
"../../../Engine/Content/Internationalization/icudt64l/lang/az.res" 1144
"../../../Engine/Content/Internationalization/icudt64l/lang/az_Cyrl.res" 1145
"../../../Engine/Content/Internationalization/icudt64l/lang/az_AZ.res" 1146
"../../../Engine/Content/Internationalization/icudt64l/lang/az_Latn_AZ.res" 1147
"../../../Engine/Content/Internationalization/icudt64l/lang/az_Latn.res" 1148
"../../../Engine/Content/Internationalization/icudt64l/region/az_AZ.res" 1149
"../../../Engine/Content/Internationalization/icudt64l/region/az_Latn_AZ.res" 1150
"../../../Engine/Content/Internationalization/icudt64l/region/az_Latn.res" 1151
"../../../Engine/Content/Internationalization/icudt64l/region/az.res" 1152
"../../../Engine/Content/Internationalization/icudt64l/region/az_Cyrl.res" 1153
"../../../Engine/Content/Internationalization/icudt64l/lang/bas.res" 1154
"../../../Engine/Content/Internationalization/icudt64l/region/bas.res" 1155
"../../../Engine/Content/Internationalization/icudt64l/lang/be.res" 1156
"../../../Engine/Content/Internationalization/icudt64l/region/be.res" 1157
"../../../Engine/Content/Internationalization/icudt64l/lang/bem.res" 1158
"../../../Engine/Content/Internationalization/icudt64l/region/bem.res" 1159
"../../../Engine/Content/Internationalization/icudt64l/lang/bez.res" 1160
"../../../Engine/Content/Internationalization/icudt64l/region/bez.res" 1161
"../../../Engine/Content/Internationalization/icudt64l/lang/bg.res" 1162
"../../../Engine/Content/Internationalization/icudt64l/region/bg.res" 1163
"../../../Engine/Content/Internationalization/icudt64l/lang/bm.res" 1164
"../../../Engine/Content/Internationalization/icudt64l/region/bm.res" 1165
"../../../Engine/Content/Internationalization/icudt64l/lang/bn.res" 1166
"../../../Engine/Content/Internationalization/icudt64l/region/bn.res" 1167
"../../../Engine/Content/Internationalization/icudt64l/lang/bn_IN.res" 1168
"../../../Engine/Content/Internationalization/icudt64l/region/bn_IN.res" 1169
"../../../Engine/Content/Internationalization/icudt64l/lang/bo.res" 1170
"../../../Engine/Content/Internationalization/icudt64l/region/bo.res" 1171
"../../../Engine/Content/Internationalization/icudt64l/region/bo_IN.res" 1172
"../../../Engine/Content/Internationalization/icudt64l/lang/br.res" 1173
"../../../Engine/Content/Internationalization/icudt64l/region/br.res" 1174
"../../../Engine/Content/Internationalization/icudt64l/lang/brx.res" 1175
"../../../Engine/Content/Internationalization/icudt64l/region/brx.res" 1176
"../../../Engine/Content/Internationalization/icudt64l/lang/bs.res" 1177
"../../../Engine/Content/Internationalization/icudt64l/lang/bs_Cyrl.res" 1178
"../../../Engine/Content/Internationalization/icudt64l/lang/bs_BA.res" 1179
"../../../Engine/Content/Internationalization/icudt64l/lang/bs_Latn_BA.res" 1180
"../../../Engine/Content/Internationalization/icudt64l/lang/bs_Latn.res" 1181
"../../../Engine/Content/Internationalization/icudt64l/region/bs_BA.res" 1182
"../../../Engine/Content/Internationalization/icudt64l/region/bs_Latn_BA.res" 1183
"../../../Engine/Content/Internationalization/icudt64l/region/bs_Latn.res" 1184
"../../../Engine/Content/Internationalization/icudt64l/region/bs.res" 1185
"../../../Engine/Content/Internationalization/icudt64l/region/bs_Cyrl.res" 1186
"../../../Engine/Content/Internationalization/icudt64l/lang/ca.res" 1187
"../../../Engine/Content/Internationalization/icudt64l/region/ca.res" 1188
"../../../Engine/Content/Internationalization/icudt64l/lang/ccp.res" 1189
"../../../Engine/Content/Internationalization/icudt64l/region/ccp.res" 1190
"../../../Engine/Content/Internationalization/icudt64l/lang/ce.res" 1191
"../../../Engine/Content/Internationalization/icudt64l/region/ce.res" 1192
"../../../Engine/Content/Internationalization/icudt64l/lang/ceb.res" 1193
"../../../Engine/Content/Internationalization/icudt64l/region/ceb.res" 1194
"../../../Engine/Content/Internationalization/icudt64l/lang/cgg.res" 1195
"../../../Engine/Content/Internationalization/icudt64l/region/cgg.res" 1196
"../../../Engine/Content/Internationalization/icudt64l/lang/chr.res" 1197
"../../../Engine/Content/Internationalization/icudt64l/region/chr.res" 1198
"../../../Engine/Content/Internationalization/icudt64l/lang/ckb.res" 1199
"../../../Engine/Content/Internationalization/icudt64l/region/ckb.res" 1200
"../../../Engine/Content/Internationalization/icudt64l/lang/cs.res" 1201
"../../../Engine/Content/Internationalization/icudt64l/region/cs.res" 1202
"../../../Engine/Content/Internationalization/icudt64l/lang/cy.res" 1203
"../../../Engine/Content/Internationalization/icudt64l/region/cy.res" 1204
"../../../Engine/Content/Internationalization/icudt64l/lang/da.res" 1205
"../../../Engine/Content/Internationalization/icudt64l/region/da.res" 1206
"../../../Engine/Content/Internationalization/icudt64l/lang/dav.res" 1207
"../../../Engine/Content/Internationalization/icudt64l/region/dav.res" 1208
"../../../Engine/Content/Internationalization/icudt64l/lang/de.res" 1209
"../../../Engine/Content/Internationalization/icudt64l/lang/de_AT.res" 1210
"../../../Engine/Content/Internationalization/icudt64l/region/de_AT.res" 1211
"../../../Engine/Content/Internationalization/icudt64l/region/de.res" 1212
"../../../Engine/Content/Internationalization/icudt64l/lang/de_CH.res" 1213
"../../../Engine/Content/Internationalization/icudt64l/region/de_CH.res" 1214
"../../../Engine/Content/Internationalization/icudt64l/lang/de_LU.res" 1215
"../../../Engine/Content/Internationalization/icudt64l/lang/dje.res" 1216
"../../../Engine/Content/Internationalization/icudt64l/region/dje.res" 1217
"../../../Engine/Content/Internationalization/icudt64l/lang/dsb.res" 1218
"../../../Engine/Content/Internationalization/icudt64l/region/dsb.res" 1219
"../../../Engine/Content/Internationalization/icudt64l/lang/dua.res" 1220
"../../../Engine/Content/Internationalization/icudt64l/region/dua.res" 1221
"../../../Engine/Content/Internationalization/icudt64l/lang/dyo.res" 1222
"../../../Engine/Content/Internationalization/icudt64l/region/dyo.res" 1223
"../../../Engine/Content/Internationalization/icudt64l/lang/dz.res" 1224
"../../../Engine/Content/Internationalization/icudt64l/region/dz.res" 1225
"../../../Engine/Content/Internationalization/icudt64l/lang/ebu.res" 1226
"../../../Engine/Content/Internationalization/icudt64l/region/ebu.res" 1227
"../../../Engine/Content/Internationalization/icudt64l/lang/ee.res" 1228
"../../../Engine/Content/Internationalization/icudt64l/region/ee.res" 1229
"../../../Engine/Content/Internationalization/icudt64l/lang/el.res" 1230
"../../../Engine/Content/Internationalization/icudt64l/region/el.res" 1231
"../../../Engine/Content/Internationalization/icudt64l/lang/en_150.res" 1232
"../../../Engine/Content/Internationalization/icudt64l/region/en_150.res" 1233
"../../../Engine/Content/Internationalization/icudt64l/lang/en_AG.res" 1234
"../../../Engine/Content/Internationalization/icudt64l/region/en_AG.res" 1235
"../../../Engine/Content/Internationalization/icudt64l/lang/en_AI.res" 1236
"../../../Engine/Content/Internationalization/icudt64l/region/en_AI.res" 1237
"../../../Engine/Content/Internationalization/icudt64l/lang/en_AT.res" 1238
"../../../Engine/Content/Internationalization/icudt64l/region/en_AT.res" 1239
"../../../Engine/Content/Internationalization/icudt64l/lang/en_AU.res" 1240
"../../../Engine/Content/Internationalization/icudt64l/region/en_AU.res" 1241
"../../../Engine/Content/Internationalization/icudt64l/lang/en_BB.res" 1242
"../../../Engine/Content/Internationalization/icudt64l/region/en_BB.res" 1243
"../../../Engine/Content/Internationalization/icudt64l/lang/en_BE.res" 1244
"../../../Engine/Content/Internationalization/icudt64l/region/en_BE.res" 1245
"../../../Engine/Content/Internationalization/icudt64l/lang/en_BM.res" 1246
"../../../Engine/Content/Internationalization/icudt64l/region/en_BM.res" 1247
"../../../Engine/Content/Internationalization/icudt64l/lang/en_BS.res" 1248
"../../../Engine/Content/Internationalization/icudt64l/region/en_BS.res" 1249
"../../../Engine/Content/Internationalization/icudt64l/lang/en_BW.res" 1250
"../../../Engine/Content/Internationalization/icudt64l/region/en_BW.res" 1251
"../../../Engine/Content/Internationalization/icudt64l/lang/en_BZ.res" 1252
"../../../Engine/Content/Internationalization/icudt64l/region/en_BZ.res" 1253
"../../../Engine/Content/Internationalization/icudt64l/lang/en_CA.res" 1254
"../../../Engine/Content/Internationalization/icudt64l/region/en_CA.res" 1255
"../../../Engine/Content/Internationalization/icudt64l/lang/en_CC.res" 1256
"../../../Engine/Content/Internationalization/icudt64l/region/en_CC.res" 1257
"../../../Engine/Content/Internationalization/icudt64l/lang/en_CH.res" 1258
"../../../Engine/Content/Internationalization/icudt64l/region/en_CH.res" 1259
"../../../Engine/Content/Internationalization/icudt64l/lang/en_CK.res" 1260
"../../../Engine/Content/Internationalization/icudt64l/region/en_CK.res" 1261
"../../../Engine/Content/Internationalization/icudt64l/lang/en_CM.res" 1262
"../../../Engine/Content/Internationalization/icudt64l/region/en_CM.res" 1263
"../../../Engine/Content/Internationalization/icudt64l/lang/en_CX.res" 1264
"../../../Engine/Content/Internationalization/icudt64l/region/en_CX.res" 1265
"../../../Engine/Content/Internationalization/icudt64l/lang/en_CY.res" 1266
"../../../Engine/Content/Internationalization/icudt64l/region/en_CY.res" 1267
"../../../Engine/Content/Internationalization/icudt64l/lang/en_DE.res" 1268
"../../../Engine/Content/Internationalization/icudt64l/region/en_DE.res" 1269
"../../../Engine/Content/Internationalization/icudt64l/lang/en_DG.res" 1270
"../../../Engine/Content/Internationalization/icudt64l/region/en_DG.res" 1271
"../../../Engine/Content/Internationalization/icudt64l/lang/en_DK.res" 1272
"../../../Engine/Content/Internationalization/icudt64l/region/en_DK.res" 1273
"../../../Engine/Content/Internationalization/icudt64l/lang/en_DM.res" 1274
"../../../Engine/Content/Internationalization/icudt64l/region/en_DM.res" 1275
"../../../Engine/Content/Internationalization/icudt64l/lang/en_ER.res" 1276
"../../../Engine/Content/Internationalization/icudt64l/region/en_ER.res" 1277
"../../../Engine/Content/Internationalization/icudt64l/lang/en_FI.res" 1278
"../../../Engine/Content/Internationalization/icudt64l/region/en_FI.res" 1279
"../../../Engine/Content/Internationalization/icudt64l/lang/en_FJ.res" 1280
"../../../Engine/Content/Internationalization/icudt64l/region/en_FJ.res" 1281
"../../../Engine/Content/Internationalization/icudt64l/lang/en_FK.res" 1282
"../../../Engine/Content/Internationalization/icudt64l/region/en_FK.res" 1283
"../../../Engine/Content/Internationalization/icudt64l/lang/en_FM.res" 1284
"../../../Engine/Content/Internationalization/icudt64l/region/en_FM.res" 1285
"../../../Engine/Content/Internationalization/icudt64l/lang/en_GD.res" 1286
"../../../Engine/Content/Internationalization/icudt64l/region/en_GD.res" 1287
"../../../Engine/Content/Internationalization/icudt64l/lang/en_GG.res" 1288
"../../../Engine/Content/Internationalization/icudt64l/region/en_GG.res" 1289
"../../../Engine/Content/Internationalization/icudt64l/lang/en_GH.res" 1290
"../../../Engine/Content/Internationalization/icudt64l/region/en_GH.res" 1291
"../../../Engine/Content/Internationalization/icudt64l/lang/en_GI.res" 1292
"../../../Engine/Content/Internationalization/icudt64l/region/en_GI.res" 1293
"../../../Engine/Content/Internationalization/icudt64l/lang/en_GM.res" 1294
"../../../Engine/Content/Internationalization/icudt64l/region/en_GM.res" 1295
"../../../Engine/Content/Internationalization/icudt64l/lang/en_GY.res" 1296
"../../../Engine/Content/Internationalization/icudt64l/region/en_GY.res" 1297
"../../../Engine/Content/Internationalization/icudt64l/lang/en_HK.res" 1298
"../../../Engine/Content/Internationalization/icudt64l/region/en_HK.res" 1299
"../../../Engine/Content/Internationalization/icudt64l/lang/en_IE.res" 1300
"../../../Engine/Content/Internationalization/icudt64l/region/en_IE.res" 1301
"../../../Engine/Content/Internationalization/icudt64l/lang/en_IL.res" 1302
"../../../Engine/Content/Internationalization/icudt64l/region/en_IL.res" 1303
"../../../Engine/Content/Internationalization/icudt64l/lang/en_IM.res" 1304
"../../../Engine/Content/Internationalization/icudt64l/region/en_IM.res" 1305
"../../../Engine/Content/Internationalization/icudt64l/lang/en_IN.res" 1306
"../../../Engine/Content/Internationalization/icudt64l/region/en_IN.res" 1307
"../../../Engine/Content/Internationalization/icudt64l/lang/en_IO.res" 1308
"../../../Engine/Content/Internationalization/icudt64l/region/en_IO.res" 1309
"../../../Engine/Content/Internationalization/icudt64l/lang/en_JE.res" 1310
"../../../Engine/Content/Internationalization/icudt64l/region/en_JE.res" 1311
"../../../Engine/Content/Internationalization/icudt64l/lang/en_JM.res" 1312
"../../../Engine/Content/Internationalization/icudt64l/region/en_JM.res" 1313
"../../../Engine/Content/Internationalization/icudt64l/lang/en_KE.res" 1314
"../../../Engine/Content/Internationalization/icudt64l/region/en_KE.res" 1315
"../../../Engine/Content/Internationalization/icudt64l/lang/en_KI.res" 1316
"../../../Engine/Content/Internationalization/icudt64l/region/en_KI.res" 1317
"../../../Engine/Content/Internationalization/icudt64l/lang/en_KN.res" 1318
"../../../Engine/Content/Internationalization/icudt64l/region/en_KN.res" 1319
"../../../Engine/Content/Internationalization/icudt64l/lang/en_KY.res" 1320
"../../../Engine/Content/Internationalization/icudt64l/region/en_KY.res" 1321
"../../../Engine/Content/Internationalization/icudt64l/lang/en_LC.res" 1322
"../../../Engine/Content/Internationalization/icudt64l/region/en_LC.res" 1323
"../../../Engine/Content/Internationalization/icudt64l/lang/en_LR.res" 1324
"../../../Engine/Content/Internationalization/icudt64l/region/en_LR.res" 1325
"../../../Engine/Content/Internationalization/icudt64l/lang/en_LS.res" 1326
"../../../Engine/Content/Internationalization/icudt64l/region/en_LS.res" 1327
"../../../Engine/Content/Internationalization/icudt64l/lang/en_MG.res" 1328
"../../../Engine/Content/Internationalization/icudt64l/region/en_MG.res" 1329
"../../../Engine/Content/Internationalization/icudt64l/lang/en_MO.res" 1330
"../../../Engine/Content/Internationalization/icudt64l/region/en_MO.res" 1331
"../../../Engine/Content/Internationalization/icudt64l/lang/en_MS.res" 1332
"../../../Engine/Content/Internationalization/icudt64l/region/en_MS.res" 1333
"../../../Engine/Content/Internationalization/icudt64l/lang/en_MT.res" 1334
"../../../Engine/Content/Internationalization/icudt64l/region/en_MT.res" 1335
"../../../Engine/Content/Internationalization/icudt64l/lang/en_MU.res" 1336
"../../../Engine/Content/Internationalization/icudt64l/region/en_MU.res" 1337
"../../../Engine/Content/Internationalization/icudt64l/lang/en_MW.res" 1338
"../../../Engine/Content/Internationalization/icudt64l/region/en_MW.res" 1339
"../../../Engine/Content/Internationalization/icudt64l/lang/en_MY.res" 1340
"../../../Engine/Content/Internationalization/icudt64l/region/en_MY.res" 1341
"../../../Engine/Content/Internationalization/icudt64l/lang/en_NA.res" 1342
"../../../Engine/Content/Internationalization/icudt64l/region/en_NA.res" 1343
"../../../Engine/Content/Internationalization/icudt64l/lang/en_NF.res" 1344
"../../../Engine/Content/Internationalization/icudt64l/region/en_NF.res" 1345
"../../../Engine/Content/Internationalization/icudt64l/lang/en_NG.res" 1346
"../../../Engine/Content/Internationalization/icudt64l/region/en_NG.res" 1347
"../../../Engine/Content/Internationalization/icudt64l/lang/en_NL.res" 1348
"../../../Engine/Content/Internationalization/icudt64l/region/en_NL.res" 1349
"../../../Engine/Content/Internationalization/icudt64l/lang/en_NR.res" 1350
"../../../Engine/Content/Internationalization/icudt64l/region/en_NR.res" 1351
"../../../Engine/Content/Internationalization/icudt64l/lang/en_NU.res" 1352
"../../../Engine/Content/Internationalization/icudt64l/region/en_NU.res" 1353
"../../../Engine/Content/Internationalization/icudt64l/lang/en_NZ.res" 1354
"../../../Engine/Content/Internationalization/icudt64l/region/en_NZ.res" 1355
"../../../Engine/Content/Internationalization/icudt64l/lang/en_PG.res" 1356
"../../../Engine/Content/Internationalization/icudt64l/region/en_PG.res" 1357
"../../../Engine/Content/Internationalization/icudt64l/lang/en_PH.res" 1358
"../../../Engine/Content/Internationalization/icudt64l/region/en_PH.res" 1359
"../../../Engine/Content/Internationalization/icudt64l/lang/en_PK.res" 1360
"../../../Engine/Content/Internationalization/icudt64l/region/en_PK.res" 1361
"../../../Engine/Content/Internationalization/icudt64l/lang/en_PN.res" 1362
"../../../Engine/Content/Internationalization/icudt64l/region/en_PN.res" 1363
"../../../Engine/Content/Internationalization/icudt64l/lang/en_PW.res" 1364
"../../../Engine/Content/Internationalization/icudt64l/region/en_PW.res" 1365
"../../../Engine/Content/Internationalization/icudt64l/lang/en_RW.res" 1366
"../../../Engine/Content/Internationalization/icudt64l/region/en_RW.res" 1367
"../../../Engine/Content/Internationalization/icudt64l/lang/en_SB.res" 1368
"../../../Engine/Content/Internationalization/icudt64l/region/en_SB.res" 1369
"../../../Engine/Content/Internationalization/icudt64l/lang/en_SC.res" 1370
"../../../Engine/Content/Internationalization/icudt64l/region/en_SC.res" 1371
"../../../Engine/Content/Internationalization/icudt64l/lang/en_SD.res" 1372
"../../../Engine/Content/Internationalization/icudt64l/region/en_SD.res" 1373
"../../../Engine/Content/Internationalization/icudt64l/lang/en_SE.res" 1374
"../../../Engine/Content/Internationalization/icudt64l/region/en_SE.res" 1375
"../../../Engine/Content/Internationalization/icudt64l/lang/en_SG.res" 1376
"../../../Engine/Content/Internationalization/icudt64l/region/en_SG.res" 1377
"../../../Engine/Content/Internationalization/icudt64l/lang/en_SH.res" 1378
"../../../Engine/Content/Internationalization/icudt64l/region/en_SH.res" 1379
"../../../Engine/Content/Internationalization/icudt64l/lang/en_SI.res" 1380
"../../../Engine/Content/Internationalization/icudt64l/region/en_SI.res" 1381
"../../../Engine/Content/Internationalization/icudt64l/lang/en_SL.res" 1382
"../../../Engine/Content/Internationalization/icudt64l/region/en_SL.res" 1383
"../../../Engine/Content/Internationalization/icudt64l/lang/en_SS.res" 1384
"../../../Engine/Content/Internationalization/icudt64l/region/en_SS.res" 1385
"../../../Engine/Content/Internationalization/icudt64l/lang/en_SX.res" 1386
"../../../Engine/Content/Internationalization/icudt64l/region/en_SX.res" 1387
"../../../Engine/Content/Internationalization/icudt64l/lang/en_SZ.res" 1388
"../../../Engine/Content/Internationalization/icudt64l/region/en_SZ.res" 1389
"../../../Engine/Content/Internationalization/icudt64l/lang/en_TC.res" 1390
"../../../Engine/Content/Internationalization/icudt64l/region/en_TC.res" 1391
"../../../Engine/Content/Internationalization/icudt64l/lang/en_TK.res" 1392
"../../../Engine/Content/Internationalization/icudt64l/region/en_TK.res" 1393
"../../../Engine/Content/Internationalization/icudt64l/lang/en_TO.res" 1394
"../../../Engine/Content/Internationalization/icudt64l/region/en_TO.res" 1395
"../../../Engine/Content/Internationalization/icudt64l/lang/en_TT.res" 1396
"../../../Engine/Content/Internationalization/icudt64l/region/en_TT.res" 1397
"../../../Engine/Content/Internationalization/icudt64l/lang/en_TV.res" 1398
"../../../Engine/Content/Internationalization/icudt64l/region/en_TV.res" 1399
"../../../Engine/Content/Internationalization/icudt64l/lang/en_TZ.res" 1400
"../../../Engine/Content/Internationalization/icudt64l/region/en_TZ.res" 1401
"../../../Engine/Content/Internationalization/icudt64l/lang/en_UG.res" 1402
"../../../Engine/Content/Internationalization/icudt64l/region/en_UG.res" 1403
"../../../Engine/Content/Internationalization/icudt64l/lang/en_VC.res" 1404
"../../../Engine/Content/Internationalization/icudt64l/region/en_VC.res" 1405
"../../../Engine/Content/Internationalization/icudt64l/lang/en_VG.res" 1406
"../../../Engine/Content/Internationalization/icudt64l/region/en_VG.res" 1407
"../../../Engine/Content/Internationalization/icudt64l/lang/en_VU.res" 1408
"../../../Engine/Content/Internationalization/icudt64l/region/en_VU.res" 1409
"../../../Engine/Content/Internationalization/icudt64l/lang/en_WS.res" 1410
"../../../Engine/Content/Internationalization/icudt64l/region/en_WS.res" 1411
"../../../Engine/Content/Internationalization/icudt64l/lang/en_ZA.res" 1412
"../../../Engine/Content/Internationalization/icudt64l/region/en_ZA.res" 1413
"../../../Engine/Content/Internationalization/icudt64l/lang/en_ZM.res" 1414
"../../../Engine/Content/Internationalization/icudt64l/region/en_ZM.res" 1415
"../../../Engine/Content/Internationalization/icudt64l/lang/en_ZW.res" 1416
"../../../Engine/Content/Internationalization/icudt64l/region/en_ZW.res" 1417
"../../../Engine/Content/Internationalization/icudt64l/lang/eo.res" 1418
"../../../Engine/Content/Internationalization/icudt64l/region/eo.res" 1419
"../../../Engine/Content/Internationalization/icudt64l/lang/es.res" 1420
"../../../Engine/Content/Internationalization/icudt64l/lang/es_419.res" 1421
"../../../Engine/Content/Internationalization/icudt64l/region/es_419.res" 1422
"../../../Engine/Content/Internationalization/icudt64l/region/es.res" 1423
"../../../Engine/Content/Internationalization/icudt64l/lang/es_AR.res" 1424
"../../../Engine/Content/Internationalization/icudt64l/region/es_AR.res" 1425
"../../../Engine/Content/Internationalization/icudt64l/lang/es_BO.res" 1426
"../../../Engine/Content/Internationalization/icudt64l/region/es_BO.res" 1427
"../../../Engine/Content/Internationalization/icudt64l/lang/es_BR.res" 1428
"../../../Engine/Content/Internationalization/icudt64l/region/es_BR.res" 1429
"../../../Engine/Content/Internationalization/icudt64l/lang/es_BZ.res" 1430
"../../../Engine/Content/Internationalization/icudt64l/region/es_BZ.res" 1431
"../../../Engine/Content/Internationalization/icudt64l/lang/es_CL.res" 1432
"../../../Engine/Content/Internationalization/icudt64l/region/es_CL.res" 1433
"../../../Engine/Content/Internationalization/icudt64l/lang/es_CO.res" 1434
"../../../Engine/Content/Internationalization/icudt64l/region/es_CO.res" 1435
"../../../Engine/Content/Internationalization/icudt64l/lang/es_CR.res" 1436
"../../../Engine/Content/Internationalization/icudt64l/region/es_CR.res" 1437
"../../../Engine/Content/Internationalization/icudt64l/lang/es_CU.res" 1438
"../../../Engine/Content/Internationalization/icudt64l/region/es_CU.res" 1439
"../../../Engine/Content/Internationalization/icudt64l/lang/es_DO.res" 1440
"../../../Engine/Content/Internationalization/icudt64l/region/es_DO.res" 1441
"../../../Engine/Content/Internationalization/icudt64l/lang/es_EC.res" 1442
"../../../Engine/Content/Internationalization/icudt64l/region/es_EC.res" 1443
"../../../Engine/Content/Internationalization/icudt64l/lang/es_GT.res" 1444
"../../../Engine/Content/Internationalization/icudt64l/region/es_GT.res" 1445
"../../../Engine/Content/Internationalization/icudt64l/lang/es_HN.res" 1446
"../../../Engine/Content/Internationalization/icudt64l/region/es_HN.res" 1447
"../../../Engine/Content/Internationalization/icudt64l/lang/es_MX.res" 1448
"../../../Engine/Content/Internationalization/icudt64l/region/es_MX.res" 1449
"../../../Engine/Content/Internationalization/icudt64l/lang/es_NI.res" 1450
"../../../Engine/Content/Internationalization/icudt64l/region/es_NI.res" 1451
"../../../Engine/Content/Internationalization/icudt64l/lang/es_PA.res" 1452
"../../../Engine/Content/Internationalization/icudt64l/region/es_PA.res" 1453
"../../../Engine/Content/Internationalization/icudt64l/lang/es_PE.res" 1454
"../../../Engine/Content/Internationalization/icudt64l/region/es_PE.res" 1455
"../../../Engine/Content/Internationalization/icudt64l/lang/es_PR.res" 1456
"../../../Engine/Content/Internationalization/icudt64l/region/es_PR.res" 1457
"../../../Engine/Content/Internationalization/icudt64l/lang/es_PY.res" 1458
"../../../Engine/Content/Internationalization/icudt64l/region/es_PY.res" 1459
"../../../Engine/Content/Internationalization/icudt64l/lang/es_SV.res" 1460
"../../../Engine/Content/Internationalization/icudt64l/region/es_SV.res" 1461
"../../../Engine/Content/Internationalization/icudt64l/lang/es_US.res" 1462
"../../../Engine/Content/Internationalization/icudt64l/region/es_US.res" 1463
"../../../Engine/Content/Internationalization/icudt64l/lang/es_UY.res" 1464
"../../../Engine/Content/Internationalization/icudt64l/region/es_UY.res" 1465
"../../../Engine/Content/Internationalization/icudt64l/lang/es_VE.res" 1466
"../../../Engine/Content/Internationalization/icudt64l/region/es_VE.res" 1467
"../../../Engine/Content/Internationalization/icudt64l/lang/et.res" 1468
"../../../Engine/Content/Internationalization/icudt64l/region/et.res" 1469
"../../../Engine/Content/Internationalization/icudt64l/lang/eu.res" 1470
"../../../Engine/Content/Internationalization/icudt64l/region/eu.res" 1471
"../../../Engine/Content/Internationalization/icudt64l/lang/ewo.res" 1472
"../../../Engine/Content/Internationalization/icudt64l/region/ewo.res" 1473
"../../../Engine/Content/Internationalization/icudt64l/lang/fa.res" 1474
"../../../Engine/Content/Internationalization/icudt64l/lang/fa_AF.res" 1475
"../../../Engine/Content/Internationalization/icudt64l/region/fa_AF.res" 1476
"../../../Engine/Content/Internationalization/icudt64l/region/fa.res" 1477
"../../../Engine/Content/Internationalization/icudt64l/lang/ff.res" 1478
"../../../Engine/Content/Internationalization/icudt64l/lang/ff_Latn.res" 1479
"../../../Engine/Content/Internationalization/icudt64l/region/ff.res" 1480
"../../../Engine/Content/Internationalization/icudt64l/region/ff_Latn.res" 1481
"../../../Engine/Content/Internationalization/icudt64l/lang/ff_CM.res" 1482
"../../../Engine/Content/Internationalization/icudt64l/lang/ff_Latn_CM.res" 1483
"../../../Engine/Content/Internationalization/icudt64l/region/ff_CM.res" 1484
"../../../Engine/Content/Internationalization/icudt64l/region/ff_Latn_CM.res" 1485
"../../../Engine/Content/Internationalization/icudt64l/lang/ff_GN.res" 1486
"../../../Engine/Content/Internationalization/icudt64l/lang/ff_Latn_GN.res" 1487
"../../../Engine/Content/Internationalization/icudt64l/region/ff_GN.res" 1488
"../../../Engine/Content/Internationalization/icudt64l/region/ff_Latn_GN.res" 1489
"../../../Engine/Content/Internationalization/icudt64l/lang/ff_MR.res" 1490
"../../../Engine/Content/Internationalization/icudt64l/lang/ff_Latn_MR.res" 1491
"../../../Engine/Content/Internationalization/icudt64l/region/ff_MR.res" 1492
"../../../Engine/Content/Internationalization/icudt64l/region/ff_Latn_MR.res" 1493
"../../../Engine/Content/Internationalization/icudt64l/lang/ff_SN.res" 1494
"../../../Engine/Content/Internationalization/icudt64l/lang/ff_Latn_SN.res" 1495
"../../../Engine/Content/Internationalization/icudt64l/region/ff_SN.res" 1496
"../../../Engine/Content/Internationalization/icudt64l/region/ff_Latn_SN.res" 1497
"../../../Engine/Content/Internationalization/icudt64l/lang/fi.res" 1498
"../../../Engine/Content/Internationalization/icudt64l/region/fi.res" 1499
"../../../Engine/Content/Internationalization/icudt64l/lang/fil.res" 1500
"../../../Engine/Content/Internationalization/icudt64l/lang/fil_PH.res" 1501
"../../../Engine/Content/Internationalization/icudt64l/region/fil_PH.res" 1502
"../../../Engine/Content/Internationalization/icudt64l/region/fil.res" 1503
"../../../Engine/Content/Internationalization/icudt64l/lang/fo.res" 1504
"../../../Engine/Content/Internationalization/icudt64l/region/fo.res" 1505
"../../../Engine/Content/Internationalization/icudt64l/lang/fr.res" 1506
"../../../Engine/Content/Internationalization/icudt64l/lang/fr_BE.res" 1507
"../../../Engine/Content/Internationalization/icudt64l/region/fr_BE.res" 1508
"../../../Engine/Content/Internationalization/icudt64l/region/fr.res" 1509
"../../../Engine/Content/Internationalization/icudt64l/lang/fr_CA.res" 1510
"../../../Engine/Content/Internationalization/icudt64l/region/fr_CA.res" 1511
"../../../Engine/Content/Internationalization/icudt64l/lang/fr_CH.res" 1512
"../../../Engine/Content/Internationalization/icudt64l/lang/fur.res" 1513
"../../../Engine/Content/Internationalization/icudt64l/region/fur.res" 1514
"../../../Engine/Content/Internationalization/icudt64l/lang/fy.res" 1515
"../../../Engine/Content/Internationalization/icudt64l/region/fy.res" 1516
"../../../Engine/Content/Internationalization/icudt64l/lang/ga.res" 1517
"../../../Engine/Content/Internationalization/icudt64l/region/ga.res" 1518
"../../../Engine/Content/Internationalization/icudt64l/lang/gd.res" 1519
"../../../Engine/Content/Internationalization/icudt64l/region/gd.res" 1520
"../../../Engine/Content/Internationalization/icudt64l/lang/gl.res" 1521
"../../../Engine/Content/Internationalization/icudt64l/region/gl.res" 1522
"../../../Engine/Content/Internationalization/icudt64l/lang/gsw.res" 1523
"../../../Engine/Content/Internationalization/icudt64l/region/gsw.res" 1524
"../../../Engine/Content/Internationalization/icudt64l/lang/gu.res" 1525
"../../../Engine/Content/Internationalization/icudt64l/region/gu.res" 1526
"../../../Engine/Content/Internationalization/icudt64l/lang/guz.res" 1527
"../../../Engine/Content/Internationalization/icudt64l/region/guz.res" 1528
"../../../Engine/Content/Internationalization/icudt64l/lang/gv.res" 1529
"../../../Engine/Content/Internationalization/icudt64l/region/gv.res" 1530
"../../../Engine/Content/Internationalization/icudt64l/lang/ha.res" 1531
"../../../Engine/Content/Internationalization/icudt64l/region/ha.res" 1532
"../../../Engine/Content/Internationalization/icudt64l/lang/ha_NE.res" 1533
"../../../Engine/Content/Internationalization/icudt64l/region/ha_NE.res" 1534
"../../../Engine/Content/Internationalization/icudt64l/lang/haw.res" 1535
"../../../Engine/Content/Internationalization/icudt64l/region/haw.res" 1536
"../../../Engine/Content/Internationalization/icudt64l/lang/he.res" 1537
"../../../Engine/Content/Internationalization/icudt64l/lang/he_IL.res" 1538
"../../../Engine/Content/Internationalization/icudt64l/region/he_IL.res" 1539
"../../../Engine/Content/Internationalization/icudt64l/region/he.res" 1540
"../../../Engine/Content/Internationalization/icudt64l/lang/hi.res" 1541
"../../../Engine/Content/Internationalization/icudt64l/region/hi.res" 1542
"../../../Engine/Content/Internationalization/icudt64l/lang/hr.res" 1543
"../../../Engine/Content/Internationalization/icudt64l/region/hr.res" 1544
"../../../Engine/Content/Internationalization/icudt64l/lang/hsb.res" 1545
"../../../Engine/Content/Internationalization/icudt64l/region/hsb.res" 1546
"../../../Engine/Content/Internationalization/icudt64l/lang/hu.res" 1547
"../../../Engine/Content/Internationalization/icudt64l/region/hu.res" 1548
"../../../Engine/Content/Internationalization/icudt64l/lang/hy.res" 1549
"../../../Engine/Content/Internationalization/icudt64l/region/hy.res" 1550
"../../../Engine/Content/Internationalization/icudt64l/lang/ia.res" 1551
"../../../Engine/Content/Internationalization/icudt64l/region/ia.res" 1552
"../../../Engine/Content/Internationalization/icudt64l/lang/id.res" 1553
"../../../Engine/Content/Internationalization/icudt64l/lang/id_ID.res" 1554
"../../../Engine/Content/Internationalization/icudt64l/region/id_ID.res" 1555
"../../../Engine/Content/Internationalization/icudt64l/region/id.res" 1556
"../../../Engine/Content/Internationalization/icudt64l/lang/ig.res" 1557
"../../../Engine/Content/Internationalization/icudt64l/region/ig.res" 1558
"../../../Engine/Content/Internationalization/icudt64l/lang/ii.res" 1559
"../../../Engine/Content/Internationalization/icudt64l/region/ii.res" 1560
"../../../Engine/Content/Internationalization/icudt64l/lang/is.res" 1561
"../../../Engine/Content/Internationalization/icudt64l/region/is.res" 1562
"../../../Engine/Content/Internationalization/icudt64l/lang/it.res" 1563
"../../../Engine/Content/Internationalization/icudt64l/region/it.res" 1564
"../../../Engine/Content/Internationalization/icudt64l/lang/ja.res" 1565
"../../../Engine/Content/Internationalization/icudt64l/lang/ja_JP.res" 1566
"../../../Engine/Content/Internationalization/icudt64l/region/ja_JP.res" 1567
"../../../Engine/Content/Internationalization/icudt64l/region/ja.res" 1568
"../../../Engine/Content/Internationalization/icudt64l/lang/jgo.res" 1569
"../../../Engine/Content/Internationalization/icudt64l/region/jgo.res" 1570
"../../../Engine/Content/Internationalization/icudt64l/lang/jmc.res" 1571
"../../../Engine/Content/Internationalization/icudt64l/region/jmc.res" 1572
"../../../Engine/Content/Internationalization/icudt64l/lang/jv.res" 1573
"../../../Engine/Content/Internationalization/icudt64l/region/jv.res" 1574
"../../../Engine/Content/Internationalization/icudt64l/lang/ka.res" 1575
"../../../Engine/Content/Internationalization/icudt64l/region/ka.res" 1576
"../../../Engine/Content/Internationalization/icudt64l/lang/kab.res" 1577
"../../../Engine/Content/Internationalization/icudt64l/region/kab.res" 1578
"../../../Engine/Content/Internationalization/icudt64l/lang/kam.res" 1579
"../../../Engine/Content/Internationalization/icudt64l/region/kam.res" 1580
"../../../Engine/Content/Internationalization/icudt64l/lang/kde.res" 1581
"../../../Engine/Content/Internationalization/icudt64l/region/kde.res" 1582
"../../../Engine/Content/Internationalization/icudt64l/lang/kea.res" 1583
"../../../Engine/Content/Internationalization/icudt64l/region/kea.res" 1584
"../../../Engine/Content/Internationalization/icudt64l/lang/khq.res" 1585
"../../../Engine/Content/Internationalization/icudt64l/region/khq.res" 1586
"../../../Engine/Content/Internationalization/icudt64l/lang/ki.res" 1587
"../../../Engine/Content/Internationalization/icudt64l/region/ki.res" 1588
"../../../Engine/Content/Internationalization/icudt64l/lang/kk.res" 1589
"../../../Engine/Content/Internationalization/icudt64l/region/kk.res" 1590
"../../../Engine/Content/Internationalization/icudt64l/lang/kkj.res" 1591
"../../../Engine/Content/Internationalization/icudt64l/region/kkj.res" 1592
"../../../Engine/Content/Internationalization/icudt64l/lang/kl.res" 1593
"../../../Engine/Content/Internationalization/icudt64l/region/kl.res" 1594
"../../../Engine/Content/Internationalization/icudt64l/lang/kln.res" 1595
"../../../Engine/Content/Internationalization/icudt64l/region/kln.res" 1596
"../../../Engine/Content/Internationalization/icudt64l/lang/km.res" 1597
"../../../Engine/Content/Internationalization/icudt64l/region/km.res" 1598
"../../../Engine/Content/Internationalization/icudt64l/lang/kn.res" 1599
"../../../Engine/Content/Internationalization/icudt64l/region/kn.res" 1600
"../../../Engine/Content/Internationalization/icudt64l/lang/ko.res" 1601
"../../../Engine/Content/Internationalization/icudt64l/region/ko_KP.res" 1602
"../../../Engine/Content/Internationalization/icudt64l/region/ko.res" 1603
"../../../Engine/Content/Internationalization/icudt64l/lang/kok.res" 1604
"../../../Engine/Content/Internationalization/icudt64l/region/kok.res" 1605
"../../../Engine/Content/Internationalization/icudt64l/lang/ks.res" 1606
"../../../Engine/Content/Internationalization/icudt64l/region/ks.res" 1607
"../../../Engine/Content/Internationalization/icudt64l/lang/ksb.res" 1608
"../../../Engine/Content/Internationalization/icudt64l/region/ksb.res" 1609
"../../../Engine/Content/Internationalization/icudt64l/lang/ksf.res" 1610
"../../../Engine/Content/Internationalization/icudt64l/region/ksf.res" 1611
"../../../Engine/Content/Internationalization/icudt64l/lang/ksh.res" 1612
"../../../Engine/Content/Internationalization/icudt64l/region/ksh.res" 1613
"../../../Engine/Content/Internationalization/icudt64l/lang/ku.res" 1614
"../../../Engine/Content/Internationalization/icudt64l/region/ku.res" 1615
"../../../Engine/Content/Internationalization/icudt64l/lang/kw.res" 1616
"../../../Engine/Content/Internationalization/icudt64l/region/kw.res" 1617
"../../../Engine/Content/Internationalization/icudt64l/lang/ky.res" 1618
"../../../Engine/Content/Internationalization/icudt64l/region/ky.res" 1619
"../../../Engine/Content/Internationalization/icudt64l/lang/lag.res" 1620
"../../../Engine/Content/Internationalization/icudt64l/region/lag.res" 1621
"../../../Engine/Content/Internationalization/icudt64l/lang/lb.res" 1622
"../../../Engine/Content/Internationalization/icudt64l/region/lb.res" 1623
"../../../Engine/Content/Internationalization/icudt64l/lang/lg.res" 1624
"../../../Engine/Content/Internationalization/icudt64l/region/lg.res" 1625
"../../../Engine/Content/Internationalization/icudt64l/lang/lkt.res" 1626
"../../../Engine/Content/Internationalization/icudt64l/region/lkt.res" 1627
"../../../Engine/Content/Internationalization/icudt64l/lang/ln.res" 1628
"../../../Engine/Content/Internationalization/icudt64l/region/ln.res" 1629
"../../../Engine/Content/Internationalization/icudt64l/lang/lo.res" 1630
"../../../Engine/Content/Internationalization/icudt64l/region/lo.res" 1631
"../../../Engine/Content/Internationalization/icudt64l/lang/lrc.res" 1632
"../../../Engine/Content/Internationalization/icudt64l/region/lrc.res" 1633
"../../../Engine/Content/Internationalization/icudt64l/lang/lt.res" 1634
"../../../Engine/Content/Internationalization/icudt64l/region/lt.res" 1635
"../../../Engine/Content/Internationalization/icudt64l/lang/lu.res" 1636
"../../../Engine/Content/Internationalization/icudt64l/region/lu.res" 1637
"../../../Engine/Content/Internationalization/icudt64l/lang/luo.res" 1638
"../../../Engine/Content/Internationalization/icudt64l/region/luo.res" 1639
"../../../Engine/Content/Internationalization/icudt64l/lang/luy.res" 1640
"../../../Engine/Content/Internationalization/icudt64l/region/luy.res" 1641
"../../../Engine/Content/Internationalization/icudt64l/lang/lv.res" 1642
"../../../Engine/Content/Internationalization/icudt64l/region/lv.res" 1643
"../../../Engine/Content/Internationalization/icudt64l/lang/mas.res" 1644
"../../../Engine/Content/Internationalization/icudt64l/region/mas.res" 1645
"../../../Engine/Content/Internationalization/icudt64l/lang/mer.res" 1646
"../../../Engine/Content/Internationalization/icudt64l/region/mer.res" 1647
"../../../Engine/Content/Internationalization/icudt64l/lang/mfe.res" 1648
"../../../Engine/Content/Internationalization/icudt64l/region/mfe.res" 1649
"../../../Engine/Content/Internationalization/icudt64l/lang/mg.res" 1650
"../../../Engine/Content/Internationalization/icudt64l/region/mg.res" 1651
"../../../Engine/Content/Internationalization/icudt64l/lang/mgh.res" 1652
"../../../Engine/Content/Internationalization/icudt64l/region/mgh.res" 1653
"../../../Engine/Content/Internationalization/icudt64l/lang/mgo.res" 1654
"../../../Engine/Content/Internationalization/icudt64l/region/mgo.res" 1655
"../../../Engine/Content/Internationalization/icudt64l/lang/mi.res" 1656
"../../../Engine/Content/Internationalization/icudt64l/region/mi.res" 1657
"../../../Engine/Content/Internationalization/icudt64l/lang/mk.res" 1658
"../../../Engine/Content/Internationalization/icudt64l/region/mk.res" 1659
"../../../Engine/Content/Internationalization/icudt64l/lang/ml.res" 1660
"../../../Engine/Content/Internationalization/icudt64l/region/ml.res" 1661
"../../../Engine/Content/Internationalization/icudt64l/lang/mn.res" 1662
"../../../Engine/Content/Internationalization/icudt64l/region/mn.res" 1663
"../../../Engine/Content/Internationalization/icudt64l/lang/mr.res" 1664
"../../../Engine/Content/Internationalization/icudt64l/region/mr.res" 1665
"../../../Engine/Content/Internationalization/icudt64l/lang/ms.res" 1666
"../../../Engine/Content/Internationalization/icudt64l/region/ms.res" 1667
"../../../Engine/Content/Internationalization/icudt64l/lang/mt.res" 1668
"../../../Engine/Content/Internationalization/icudt64l/region/mt.res" 1669
"../../../Engine/Content/Internationalization/icudt64l/lang/mua.res" 1670
"../../../Engine/Content/Internationalization/icudt64l/region/mua.res" 1671
"../../../Engine/Content/Internationalization/icudt64l/lang/my.res" 1672
"../../../Engine/Content/Internationalization/icudt64l/region/my.res" 1673
"../../../Engine/Content/Internationalization/icudt64l/lang/mzn.res" 1674
"../../../Engine/Content/Internationalization/icudt64l/region/mzn.res" 1675
"../../../Engine/Content/Internationalization/icudt64l/lang/naq.res" 1676
"../../../Engine/Content/Internationalization/icudt64l/region/naq.res" 1677
"../../../Engine/Content/Internationalization/icudt64l/lang/nb.res" 1678
"../../../Engine/Content/Internationalization/icudt64l/lang/nb_NO.res" 1679
"../../../Engine/Content/Internationalization/icudt64l/region/nb_NO.res" 1680
"../../../Engine/Content/Internationalization/icudt64l/region/nb.res" 1681
"../../../Engine/Content/Internationalization/icudt64l/lang/nd.res" 1682
"../../../Engine/Content/Internationalization/icudt64l/region/nd.res" 1683
"../../../Engine/Content/Internationalization/icudt64l/lang/nds.res" 1684
"../../../Engine/Content/Internationalization/icudt64l/region/nds.res" 1685
"../../../Engine/Content/Internationalization/icudt64l/lang/ne.res" 1686
"../../../Engine/Content/Internationalization/icudt64l/region/ne.res" 1687
"../../../Engine/Content/Internationalization/icudt64l/lang/nl.res" 1688
"../../../Engine/Content/Internationalization/icudt64l/region/nl.res" 1689
"../../../Engine/Content/Internationalization/icudt64l/lang/nmg.res" 1690
"../../../Engine/Content/Internationalization/icudt64l/region/nmg.res" 1691
"../../../Engine/Content/Internationalization/icudt64l/lang/nn.res" 1692
"../../../Engine/Content/Internationalization/icudt64l/lang/nn_NO.res" 1693
"../../../Engine/Content/Internationalization/icudt64l/region/nn_NO.res" 1694
"../../../Engine/Content/Internationalization/icudt64l/region/nn.res" 1695
"../../../Engine/Content/Internationalization/icudt64l/lang/nnh.res" 1696
"../../../Engine/Content/Internationalization/icudt64l/region/nnh.res" 1697
"../../../Engine/Content/Internationalization/icudt64l/lang/nus.res" 1698
"../../../Engine/Content/Internationalization/icudt64l/region/nus.res" 1699
"../../../Engine/Content/Internationalization/icudt64l/lang/nyn.res" 1700
"../../../Engine/Content/Internationalization/icudt64l/region/nyn.res" 1701
"../../../Engine/Content/Internationalization/icudt64l/lang/om.res" 1702
"../../../Engine/Content/Internationalization/icudt64l/region/om.res" 1703
"../../../Engine/Content/Internationalization/icudt64l/lang/or.res" 1704
"../../../Engine/Content/Internationalization/icudt64l/region/or.res" 1705
"../../../Engine/Content/Internationalization/icudt64l/lang/os.res" 1706
"../../../Engine/Content/Internationalization/icudt64l/region/os.res" 1707
"../../../Engine/Content/Internationalization/icudt64l/lang/pa.res" 1708
"../../../Engine/Content/Internationalization/icudt64l/lang/pa_Arab.res" 1709
"../../../Engine/Content/Internationalization/icudt64l/lang/pa_PK.res" 1710
"../../../Engine/Content/Internationalization/icudt64l/lang/pa_Arab_PK.res" 1711
"../../../Engine/Content/Internationalization/icudt64l/region/pa_PK.res" 1712
"../../../Engine/Content/Internationalization/icudt64l/region/pa_Arab_PK.res" 1713
"../../../Engine/Content/Internationalization/icudt64l/region/pa_Arab.res" 1714
"../../../Engine/Content/Internationalization/icudt64l/lang/pa_Guru.res" 1715
"../../../Engine/Content/Internationalization/icudt64l/lang/pa_IN.res" 1716
"../../../Engine/Content/Internationalization/icudt64l/lang/pa_Guru_IN.res" 1717
"../../../Engine/Content/Internationalization/icudt64l/region/pa_IN.res" 1718
"../../../Engine/Content/Internationalization/icudt64l/region/pa_Guru_IN.res" 1719
"../../../Engine/Content/Internationalization/icudt64l/region/pa_Guru.res" 1720
"../../../Engine/Content/Internationalization/icudt64l/region/pa.res" 1721
"../../../Engine/Content/Internationalization/icudt64l/lang/pl.res" 1722
"../../../Engine/Content/Internationalization/icudt64l/region/pl.res" 1723
"../../../Engine/Content/Internationalization/icudt64l/lang/ps.res" 1724
"../../../Engine/Content/Internationalization/icudt64l/region/ps.res" 1725
"../../../Engine/Content/Internationalization/icudt64l/lang/ps_PK.res" 1726
"../../../Engine/Content/Internationalization/icudt64l/region/ps_PK.res" 1727
"../../../Engine/Content/Internationalization/icudt64l/lang/pt.res" 1728
"../../../Engine/Content/Internationalization/icudt64l/lang/pt_AO.res" 1729
"../../../Engine/Content/Internationalization/icudt64l/lang/pt_PT.res" 1730
"../../../Engine/Content/Internationalization/icudt64l/region/pt_AO.res" 1731
"../../../Engine/Content/Internationalization/icudt64l/region/pt_PT.res" 1732
"../../../Engine/Content/Internationalization/icudt64l/region/pt.res" 1733
"../../../Engine/Content/Internationalization/icudt64l/lang/pt_CH.res" 1734
"../../../Engine/Content/Internationalization/icudt64l/region/pt_CH.res" 1735
"../../../Engine/Content/Internationalization/icudt64l/lang/pt_CV.res" 1736
"../../../Engine/Content/Internationalization/icudt64l/region/pt_CV.res" 1737
"../../../Engine/Content/Internationalization/icudt64l/lang/pt_GQ.res" 1738
"../../../Engine/Content/Internationalization/icudt64l/region/pt_GQ.res" 1739
"../../../Engine/Content/Internationalization/icudt64l/lang/pt_GW.res" 1740
"../../../Engine/Content/Internationalization/icudt64l/region/pt_GW.res" 1741
"../../../Engine/Content/Internationalization/icudt64l/lang/pt_LU.res" 1742
"../../../Engine/Content/Internationalization/icudt64l/region/pt_LU.res" 1743
"../../../Engine/Content/Internationalization/icudt64l/lang/pt_MO.res" 1744
"../../../Engine/Content/Internationalization/icudt64l/region/pt_MO.res" 1745
"../../../Engine/Content/Internationalization/icudt64l/lang/pt_MZ.res" 1746
"../../../Engine/Content/Internationalization/icudt64l/region/pt_MZ.res" 1747
"../../../Engine/Content/Internationalization/icudt64l/lang/pt_ST.res" 1748
"../../../Engine/Content/Internationalization/icudt64l/region/pt_ST.res" 1749
"../../../Engine/Content/Internationalization/icudt64l/lang/pt_TL.res" 1750
"../../../Engine/Content/Internationalization/icudt64l/region/pt_TL.res" 1751
"../../../Engine/Content/Internationalization/icudt64l/lang/qu.res" 1752
"../../../Engine/Content/Internationalization/icudt64l/region/qu.res" 1753
"../../../Engine/Content/Internationalization/icudt64l/lang/rm.res" 1754
"../../../Engine/Content/Internationalization/icudt64l/region/rm.res" 1755
"../../../Engine/Content/Internationalization/icudt64l/lang/rn.res" 1756
"../../../Engine/Content/Internationalization/icudt64l/region/rn.res" 1757
"../../../Engine/Content/Internationalization/icudt64l/lang/ro.res" 1758
"../../../Engine/Content/Internationalization/icudt64l/lang/ro_MD.res" 1759
"../../../Engine/Content/Internationalization/icudt64l/region/ro_MD.res" 1760
"../../../Engine/Content/Internationalization/icudt64l/region/ro.res" 1761
"../../../Engine/Content/Internationalization/icudt64l/lang/rof.res" 1762
"../../../Engine/Content/Internationalization/icudt64l/region/rof.res" 1763
"../../../Engine/Content/Internationalization/icudt64l/lang/ru.res" 1764
"../../../Engine/Content/Internationalization/icudt64l/region/ru.res" 1765
"../../../Engine/Content/Internationalization/icudt64l/region/ru_UA.res" 1766
"../../../Engine/Content/Internationalization/icudt64l/lang/rw.res" 1767
"../../../Engine/Content/Internationalization/icudt64l/region/rw.res" 1768
"../../../Engine/Content/Internationalization/icudt64l/lang/rwk.res" 1769
"../../../Engine/Content/Internationalization/icudt64l/region/rwk.res" 1770
"../../../Engine/Content/Internationalization/icudt64l/lang/sah.res" 1771
"../../../Engine/Content/Internationalization/icudt64l/region/sah.res" 1772
"../../../Engine/Content/Internationalization/icudt64l/lang/saq.res" 1773
"../../../Engine/Content/Internationalization/icudt64l/region/saq.res" 1774
"../../../Engine/Content/Internationalization/icudt64l/lang/sbp.res" 1775
"../../../Engine/Content/Internationalization/icudt64l/region/sbp.res" 1776
"../../../Engine/Content/Internationalization/icudt64l/lang/sd.res" 1777
"../../../Engine/Content/Internationalization/icudt64l/region/sd.res" 1778
"../../../Engine/Content/Internationalization/icudt64l/lang/se.res" 1779
"../../../Engine/Content/Internationalization/icudt64l/lang/se_FI.res" 1780
"../../../Engine/Content/Internationalization/icudt64l/region/se_FI.res" 1781
"../../../Engine/Content/Internationalization/icudt64l/region/se.res" 1782
"../../../Engine/Content/Internationalization/icudt64l/lang/seh.res" 1783
"../../../Engine/Content/Internationalization/icudt64l/region/seh.res" 1784
"../../../Engine/Content/Internationalization/icudt64l/lang/ses.res" 1785
"../../../Engine/Content/Internationalization/icudt64l/region/ses.res" 1786
"../../../Engine/Content/Internationalization/icudt64l/lang/sg.res" 1787
"../../../Engine/Content/Internationalization/icudt64l/region/sg.res" 1788
"../../../Engine/Content/Internationalization/icudt64l/lang/shi.res" 1789
"../../../Engine/Content/Internationalization/icudt64l/lang/shi_Latn.res" 1790
"../../../Engine/Content/Internationalization/icudt64l/lang/shi_MA.res" 1791
"../../../Engine/Content/Internationalization/icudt64l/lang/shi_Tfng_MA.res" 1792
"../../../Engine/Content/Internationalization/icudt64l/lang/shi_Tfng.res" 1793
"../../../Engine/Content/Internationalization/icudt64l/region/shi_MA.res" 1794
"../../../Engine/Content/Internationalization/icudt64l/region/shi_Tfng_MA.res" 1795
"../../../Engine/Content/Internationalization/icudt64l/region/shi_Tfng.res" 1796
"../../../Engine/Content/Internationalization/icudt64l/region/shi.res" 1797
"../../../Engine/Content/Internationalization/icudt64l/region/shi_Latn.res" 1798
"../../../Engine/Content/Internationalization/icudt64l/lang/si.res" 1799
"../../../Engine/Content/Internationalization/icudt64l/region/si.res" 1800
"../../../Engine/Content/Internationalization/icudt64l/lang/sk.res" 1801
"../../../Engine/Content/Internationalization/icudt64l/region/sk.res" 1802
"../../../Engine/Content/Internationalization/icudt64l/lang/sl.res" 1803
"../../../Engine/Content/Internationalization/icudt64l/region/sl.res" 1804
"../../../Engine/Content/Internationalization/icudt64l/lang/smn.res" 1805
"../../../Engine/Content/Internationalization/icudt64l/region/smn.res" 1806
"../../../Engine/Content/Internationalization/icudt64l/lang/sn.res" 1807
"../../../Engine/Content/Internationalization/icudt64l/region/sn.res" 1808
"../../../Engine/Content/Internationalization/icudt64l/lang/so.res" 1809
"../../../Engine/Content/Internationalization/icudt64l/region/so.res" 1810
"../../../Engine/Content/Internationalization/icudt64l/lang/sq.res" 1811
"../../../Engine/Content/Internationalization/icudt64l/region/sq.res" 1812
"../../../Engine/Content/Internationalization/icudt64l/lang/sr.res" 1813
"../../../Engine/Content/Internationalization/icudt64l/lang/sr_Cyrl.res" 1814
"../../../Engine/Content/Internationalization/icudt64l/lang/sr_BA.res" 1815
"../../../Engine/Content/Internationalization/icudt64l/lang/sr_Cyrl_BA.res" 1816
"../../../Engine/Content/Internationalization/icudt64l/region/sr_BA.res" 1817
"../../../Engine/Content/Internationalization/icudt64l/region/sr_Cyrl_BA.res" 1818
"../../../Engine/Content/Internationalization/icudt64l/region/sr_Cyrl.res" 1819
"../../../Engine/Content/Internationalization/icudt64l/region/sr.res" 1820
"../../../Engine/Content/Internationalization/icudt64l/lang/sr_ME.res" 1821
"../../../Engine/Content/Internationalization/icudt64l/lang/sr_Latn_ME.res" 1822
"../../../Engine/Content/Internationalization/icudt64l/lang/sr_Latn.res" 1823
"../../../Engine/Content/Internationalization/icudt64l/region/sr_ME.res" 1824
"../../../Engine/Content/Internationalization/icudt64l/region/sr_Latn_ME.res" 1825
"../../../Engine/Content/Internationalization/icudt64l/region/sr_Latn.res" 1826
"../../../Engine/Content/Internationalization/icudt64l/lang/sr_Cyrl_ME.res" 1827
"../../../Engine/Content/Internationalization/icudt64l/region/sr_Cyrl_ME.res" 1828
"../../../Engine/Content/Internationalization/icudt64l/lang/sr_RS.res" 1829
"../../../Engine/Content/Internationalization/icudt64l/lang/sr_Cyrl_RS.res" 1830
"../../../Engine/Content/Internationalization/icudt64l/region/sr_RS.res" 1831
"../../../Engine/Content/Internationalization/icudt64l/region/sr_Cyrl_RS.res" 1832
"../../../Engine/Content/Internationalization/icudt64l/lang/sr_XK.res" 1833
"../../../Engine/Content/Internationalization/icudt64l/lang/sr_Cyrl_XK.res" 1834
"../../../Engine/Content/Internationalization/icudt64l/region/sr_XK.res" 1835
"../../../Engine/Content/Internationalization/icudt64l/region/sr_Cyrl_XK.res" 1836
"../../../Engine/Content/Internationalization/icudt64l/lang/sr_Latn_BA.res" 1837
"../../../Engine/Content/Internationalization/icudt64l/region/sr_Latn_BA.res" 1838
"../../../Engine/Content/Internationalization/icudt64l/lang/sr_Latn_RS.res" 1839
"../../../Engine/Content/Internationalization/icudt64l/region/sr_Latn_RS.res" 1840
"../../../Engine/Content/Internationalization/icudt64l/lang/sr_Latn_XK.res" 1841
"../../../Engine/Content/Internationalization/icudt64l/region/sr_Latn_XK.res" 1842
"../../../Engine/Content/Internationalization/icudt64l/lang/sv.res" 1843
"../../../Engine/Content/Internationalization/icudt64l/region/sv.res" 1844
"../../../Engine/Content/Internationalization/icudt64l/lang/sv_FI.res" 1845
"../../../Engine/Content/Internationalization/icudt64l/lang/sw.res" 1846
"../../../Engine/Content/Internationalization/icudt64l/lang/sw_CD.res" 1847
"../../../Engine/Content/Internationalization/icudt64l/region/sw_CD.res" 1848
"../../../Engine/Content/Internationalization/icudt64l/region/sw.res" 1849
"../../../Engine/Content/Internationalization/icudt64l/lang/sw_KE.res" 1850
"../../../Engine/Content/Internationalization/icudt64l/region/sw_KE.res" 1851
"../../../Engine/Content/Internationalization/icudt64l/lang/ta.res" 1852
"../../../Engine/Content/Internationalization/icudt64l/region/ta.res" 1853
"../../../Engine/Content/Internationalization/icudt64l/lang/te.res" 1854
"../../../Engine/Content/Internationalization/icudt64l/region/te.res" 1855
"../../../Engine/Content/Internationalization/icudt64l/lang/teo.res" 1856
"../../../Engine/Content/Internationalization/icudt64l/region/teo.res" 1857
"../../../Engine/Content/Internationalization/icudt64l/lang/tg.res" 1858
"../../../Engine/Content/Internationalization/icudt64l/region/tg.res" 1859
"../../../Engine/Content/Internationalization/icudt64l/lang/th.res" 1860
"../../../Engine/Content/Internationalization/icudt64l/lang/th_TH.res" 1861
"../../../Engine/Content/Internationalization/icudt64l/region/th_TH.res" 1862
"../../../Engine/Content/Internationalization/icudt64l/region/th.res" 1863
"../../../Engine/Content/Internationalization/icudt64l/lang/ti.res" 1864
"../../../Engine/Content/Internationalization/icudt64l/region/ti.res" 1865
"../../../Engine/Content/Internationalization/icudt64l/lang/tk.res" 1866
"../../../Engine/Content/Internationalization/icudt64l/region/tk.res" 1867
"../../../Engine/Content/Internationalization/icudt64l/lang/to.res" 1868
"../../../Engine/Content/Internationalization/icudt64l/region/to.res" 1869
"../../../Engine/Content/Internationalization/icudt64l/lang/tr.res" 1870
"../../../Engine/Content/Internationalization/icudt64l/region/tr.res" 1871
"../../../Engine/Content/Internationalization/icudt64l/lang/tt.res" 1872
"../../../Engine/Content/Internationalization/icudt64l/region/tt.res" 1873
"../../../Engine/Content/Internationalization/icudt64l/lang/twq.res" 1874
"../../../Engine/Content/Internationalization/icudt64l/region/twq.res" 1875
"../../../Engine/Content/Internationalization/icudt64l/lang/tzm.res" 1876
"../../../Engine/Content/Internationalization/icudt64l/region/tzm.res" 1877
"../../../Engine/Content/Internationalization/icudt64l/lang/ug.res" 1878
"../../../Engine/Content/Internationalization/icudt64l/region/ug.res" 1879
"../../../Engine/Content/Internationalization/icudt64l/lang/uk.res" 1880
"../../../Engine/Content/Internationalization/icudt64l/region/uk.res" 1881
"../../../Engine/Content/Internationalization/icudt64l/lang/ur.res" 1882
"../../../Engine/Content/Internationalization/icudt64l/lang/ur_IN.res" 1883
"../../../Engine/Content/Internationalization/icudt64l/region/ur_IN.res" 1884
"../../../Engine/Content/Internationalization/icudt64l/region/ur.res" 1885
"../../../Engine/Content/Internationalization/icudt64l/lang/uz.res" 1886
"../../../Engine/Content/Internationalization/icudt64l/lang/uz_Arab.res" 1887
"../../../Engine/Content/Internationalization/icudt64l/lang/uz_AF.res" 1888
"../../../Engine/Content/Internationalization/icudt64l/lang/uz_Arab_AF.res" 1889
"../../../Engine/Content/Internationalization/icudt64l/region/uz_AF.res" 1890
"../../../Engine/Content/Internationalization/icudt64l/region/uz_Arab_AF.res" 1891
"../../../Engine/Content/Internationalization/icudt64l/region/uz_Arab.res" 1892
"../../../Engine/Content/Internationalization/icudt64l/lang/uz_Cyrl.res" 1893
"../../../Engine/Content/Internationalization/icudt64l/lang/uz_UZ.res" 1894
"../../../Engine/Content/Internationalization/icudt64l/lang/uz_Latn_UZ.res" 1895
"../../../Engine/Content/Internationalization/icudt64l/lang/uz_Latn.res" 1896
"../../../Engine/Content/Internationalization/icudt64l/region/uz_UZ.res" 1897
"../../../Engine/Content/Internationalization/icudt64l/region/uz_Latn_UZ.res" 1898
"../../../Engine/Content/Internationalization/icudt64l/region/uz_Latn.res" 1899
"../../../Engine/Content/Internationalization/icudt64l/region/uz.res" 1900
"../../../Engine/Content/Internationalization/icudt64l/region/uz_Cyrl.res" 1901
"../../../Engine/Content/Internationalization/icudt64l/lang/vai.res" 1902
"../../../Engine/Content/Internationalization/icudt64l/lang/vai_Latn.res" 1903
"../../../Engine/Content/Internationalization/icudt64l/lang/vai_LR.res" 1904
"../../../Engine/Content/Internationalization/icudt64l/lang/vai_Vaii_LR.res" 1905
"../../../Engine/Content/Internationalization/icudt64l/lang/vai_Vaii.res" 1906
"../../../Engine/Content/Internationalization/icudt64l/region/vai_LR.res" 1907
"../../../Engine/Content/Internationalization/icudt64l/region/vai_Vaii_LR.res" 1908
"../../../Engine/Content/Internationalization/icudt64l/region/vai_Vaii.res" 1909
"../../../Engine/Content/Internationalization/icudt64l/region/vai.res" 1910
"../../../Engine/Content/Internationalization/icudt64l/region/vai_Latn.res" 1911
"../../../Engine/Content/Internationalization/icudt64l/lang/vi.res" 1912
"../../../Engine/Content/Internationalization/icudt64l/region/vi.res" 1913
"../../../Engine/Content/Internationalization/icudt64l/lang/vun.res" 1914
"../../../Engine/Content/Internationalization/icudt64l/region/vun.res" 1915
"../../../Engine/Content/Internationalization/icudt64l/lang/wae.res" 1916
"../../../Engine/Content/Internationalization/icudt64l/region/wae.res" 1917
"../../../Engine/Content/Internationalization/icudt64l/lang/wo.res" 1918
"../../../Engine/Content/Internationalization/icudt64l/region/wo.res" 1919
"../../../Engine/Content/Internationalization/icudt64l/lang/xh.res" 1920
"../../../Engine/Content/Internationalization/icudt64l/region/xh.res" 1921
"../../../Engine/Content/Internationalization/icudt64l/lang/xog.res" 1922
"../../../Engine/Content/Internationalization/icudt64l/region/xog.res" 1923
"../../../Engine/Content/Internationalization/icudt64l/lang/yav.res" 1924
"../../../Engine/Content/Internationalization/icudt64l/region/yav.res" 1925
"../../../Engine/Content/Internationalization/icudt64l/lang/yi.res" 1926
"../../../Engine/Content/Internationalization/icudt64l/region/yi.res" 1927
"../../../Engine/Content/Internationalization/icudt64l/lang/yo.res" 1928
"../../../Engine/Content/Internationalization/icudt64l/lang/yo_BJ.res" 1929
"../../../Engine/Content/Internationalization/icudt64l/region/yo_BJ.res" 1930
"../../../Engine/Content/Internationalization/icudt64l/region/yo.res" 1931
"../../../Engine/Content/Internationalization/icudt64l/lang/yue.res" 1932
"../../../Engine/Content/Internationalization/icudt64l/lang/yue_Hans.res" 1933
"../../../Engine/Content/Internationalization/icudt64l/lang/yue_CN.res" 1934
"../../../Engine/Content/Internationalization/icudt64l/lang/yue_Hans_CN.res" 1935
"../../../Engine/Content/Internationalization/icudt64l/region/yue_CN.res" 1936
"../../../Engine/Content/Internationalization/icudt64l/region/yue_Hans_CN.res" 1937
"../../../Engine/Content/Internationalization/icudt64l/region/yue_Hans.res" 1938
"../../../Engine/Content/Internationalization/icudt64l/lang/yue_Hant.res" 1939
"../../../Engine/Content/Internationalization/icudt64l/lang/yue_HK.res" 1940
"../../../Engine/Content/Internationalization/icudt64l/lang/yue_Hant_HK.res" 1941
"../../../Engine/Content/Internationalization/icudt64l/region/yue_HK.res" 1942
"../../../Engine/Content/Internationalization/icudt64l/region/yue_Hant_HK.res" 1943
"../../../Engine/Content/Internationalization/icudt64l/region/yue_Hant.res" 1944
"../../../Engine/Content/Internationalization/icudt64l/region/yue.res" 1945
"../../../Engine/Content/Internationalization/icudt64l/lang/zgh.res" 1946
"../../../Engine/Content/Internationalization/icudt64l/region/zgh.res" 1947
"../../../Engine/Content/Internationalization/icudt64l/lang/zh.res" 1948
"../../../Engine/Content/Internationalization/icudt64l/lang/zh_Hans.res" 1949
"../../../Engine/Content/Internationalization/icudt64l/lang/zh_CN.res" 1950
"../../../Engine/Content/Internationalization/icudt64l/lang/zh_Hans_CN.res" 1951
"../../../Engine/Content/Internationalization/icudt64l/region/zh_CN.res" 1952
"../../../Engine/Content/Internationalization/icudt64l/region/zh_Hans_CN.res" 1953
"../../../Engine/Content/Internationalization/icudt64l/region/zh_Hans.res" 1954
"../../../Engine/Content/Internationalization/icudt64l/region/zh.res" 1955
"../../../Engine/Content/Internationalization/icudt64l/lang/zh_HK.res" 1956
"../../../Engine/Content/Internationalization/icudt64l/lang/zh_Hant_HK.res" 1957
"../../../Engine/Content/Internationalization/icudt64l/lang/zh_Hant.res" 1958
"../../../Engine/Content/Internationalization/icudt64l/region/zh_HK.res" 1959
"../../../Engine/Content/Internationalization/icudt64l/region/zh_Hant_HK.res" 1960
"../../../Engine/Content/Internationalization/icudt64l/region/zh_Hant.res" 1961
"../../../Engine/Content/Internationalization/icudt64l/lang/zh_MO.res" 1962
"../../../Engine/Content/Internationalization/icudt64l/lang/zh_Hant_MO.res" 1963
"../../../Engine/Content/Internationalization/icudt64l/region/zh_MO.res" 1964
"../../../Engine/Content/Internationalization/icudt64l/region/zh_Hant_MO.res" 1965
"../../../Engine/Content/Internationalization/icudt64l/lang/zh_SG.res" 1966
"../../../Engine/Content/Internationalization/icudt64l/lang/zh_Hans_SG.res" 1967
"../../../Engine/Content/Internationalization/icudt64l/region/zh_SG.res" 1968
"../../../Engine/Content/Internationalization/icudt64l/region/zh_Hans_SG.res" 1969
"../../../Engine/Content/Internationalization/icudt64l/lang/zh_TW.res" 1970
"../../../Engine/Content/Internationalization/icudt64l/lang/zh_Hant_TW.res" 1971
"../../../Engine/Content/Internationalization/icudt64l/region/zh_TW.res" 1972
"../../../Engine/Content/Internationalization/icudt64l/region/zh_Hant_TW.res" 1973
"../../../Engine/Content/Internationalization/icudt64l/lang/zu.res" 1974
"../../../Engine/Content/Internationalization/icudt64l/region/zu.res" 1975
"../../../Engine/Content/Internationalization/icudt64l/lang/no.res" 1976
"../../../Engine/Content/Internationalization/icudt64l/lang/tl.res" 1977
"../../../Engine/Config/Android/DataDrivenPlatformInfo.ini" 1978
"../../../Engine/Config/IOS/DataDrivenPlatformInfo.ini" 1979
"../../../Engine/Config/Linux/DataDrivenPlatformInfo.ini" 1980
"../../../Engine/Config/Mac/DataDrivenPlatformInfo.ini" 1981
"../../../Engine/Config/TVOS/DataDrivenPlatformInfo.ini" 1982
"../../../Engine/Config/Unix/DataDrivenPlatformInfo.ini" 1983
"../../../Engine/Config/VulkanPC/DataDrivenPlatformInfo.ini" 1984
"../../../Engine/Config/Windows/DataDrivenPlatformInfo.ini" 1985
"../../../Engine/Platforms/VisionOS/Config/DataDrivenPlatformInfo.ini" 1986
"../../../Engine/Content/Renderer/TessellationTable.bin" 1987
"../../../Engine/DerivedDataCache/Compressed.ddp" 1988
"C:/Users/tarvi/AppData/Local/UnrealEngine/5.6/Saved/Zen/zen.version" 1989
"C:/Users/tarvi/AppData/Local/UnrealEngine/Common/Zen/Install/zen.version" 1990
"C:/Users/tarvi/AppData/Local/UnrealEngine/Common/Zen/Install/zenserver.runcontext" 1991
"C:/Users/tarvi/AppData/Local/UnrealEngine/Common/DerivedDataCache/TestData/0/TestData_4kb.dat" 1992
"C:/Users/tarvi/AppData/Local/UnrealEngine/Common/DerivedDataCache/TestData/1/TestData_4kb.dat" 1993
"C:/Users/tarvi/AppData/Local/UnrealEngine/Common/DerivedDataCache/TestData/0/TestData_8kb.dat" 1994
"C:/Users/tarvi/AppData/Local/UnrealEngine/Common/DerivedDataCache/TestData/1/TestData_8kb.dat" 1995
"C:/Users/tarvi/AppData/Local/UnrealEngine/Common/DerivedDataCache/TestData/0/TestData_16kb.dat" 1996
"C:/Users/tarvi/AppData/Local/UnrealEngine/Common/DerivedDataCache/TestData/1/TestData_16kb.dat" 1997
"C:/Users/tarvi/AppData/Local/UnrealEngine/Common/DerivedDataCache/TestData/0/TestData_64kb.dat" 1998
"C:/Users/tarvi/AppData/Local/UnrealEngine/Common/DerivedDataCache/TestData/1/TestData_64kb.dat" 1999
"C:/Users/tarvi/AppData/Local/UnrealEngine/Common/DerivedDataCache/TestData/0/TestData_128kb.dat" 2000
"C:/Users/tarvi/AppData/Local/UnrealEngine/Common/DerivedDataCache/TestData/1/TestData_128kb.dat" 2001
"C:/Users/tarvi/AppData/Local/UnrealEngine/Common/DerivedDataCache/TestData/0/TestData_256kb.dat" 2002
"C:/Users/tarvi/AppData/Local/UnrealEngine/Common/DerivedDataCache/TestData/1/TestData_256kb.dat" 2003
"C:/Users/tarvi/AppData/Roaming/Unreal Engine/UnrealBuildTool/BuildConfiguration.xml" 2004
"../../../../UNDERWATER_TEST01-5.2-5.6/Intermediate/ShaderAutogen/PCD3D_SM6/AutogenShaderHeaders.ush" 2005
"../../../Engine/Shaders/Private/HairStrands/HairStrandsVertexFactory.ush" 2006
"../../../Engine/Shaders/Private/VertexFactoryCommon.ush" 2007
"../../../Engine/Shaders/Private/Common.ush" 2008
"../../../Engine/Shaders/Public/Platform.ush" 2009
"../../../Engine/Shaders/Public/FP16Math.ush" 2010
"../../../Engine/Shaders/Public/Platform/D3D/D3DCommon.ush" 2011
"../../../Engine/Shaders/Shared/HLSLReservedSpaces.h" 2012
"../../../Engine/Shaders/Public/BindlessResources.ush" 2013
"../../../Engine/Shaders/Public/Platform/D3D/PlatformBindlessResources.ush" 2014
"../../../Engine/Shaders/Shared/RayTracingBuiltInResources.h" 2015
"../../../Engine/Shaders/Shared/RayTracingDefinitions.h" 2016
"../../../Engine/Shaders/Public/OverloadMacros.ush" 2017
"../../../Engine/Shaders/Public/ShaderVersion.ush" 2018
"../../../Engine/Shaders/Shared/ThirdParty/NVIDIA/nvHLSLExtns.h" 2019
"../../../Engine/Shaders/Shared/ThirdParty/NVIDIA/nvHLSLExtnsInternal.h" 2020
"../../../Engine/Shaders/Shared/ThirdParty/NVIDIA/nvShaderExtnEnums.h" 2021
"../../../Engine/Shaders/Private/PackUnpack.ush" 2022
"../../../Engine/Shaders/Private/GeneratedUniformBufferTypes.ush" 2023
"../../../Engine/Shaders/Private/Nanite/NanitePackedNaniteView.ush" 2024
"../../../Engine/Shaders/Private/HairStrands/HairStrandsVisibilityCommonStruct.ush" 2025
"../../../Engine/Shaders/Private/HairStrands/HairStrandsVoxelPageCommonStruct.ush" 2026
"../../../Engine/Shaders/Private/HairStrands/HairStrandsDeepShadowCommonStruct.ush" 2027
"../../../Engine/Shaders/Shared/LightSceneData.h" 2028
"../../../Engine/Shaders/Shared/HLSLTypeAliases.h" 2029
"../../../Engine/Shaders/Private/LargeWorldCoordinates.ush" 2030
"../../../Engine/Shaders/Private/DoubleFloat.ush" 2031
"../../../Engine/Shaders/Private/RandomPCG.ush" 2032
"../../../Engine/Shaders/Private/DoubleFloatOperations.ush" 2033
"../../../Engine/Shaders/Private/DoubleFloatVectorDefinition.ush" 2034
"../../../Engine/Shaders/Private/LWCOperations.ush" 2035
"../../../Engine/Shaders/Shared/LightViewData.h" 2036
"../../../Engine/Shaders/Shared/RayTracingTypes.h" 2037
"../../../Engine/Shaders/Shared/HLSLStaticAssert.h" 2038
"../../../Engine/Shaders/Private/CommonViewUniformBuffer.ush" 2039
"../../../Engine/Shaders/Private/InstancedStereo.ush" 2040
"../../../Engine/Shaders/Private/Definitions.usf" 2041
"../../../Engine/Shaders/Private/AssertionMacros.ush" 2042
"../../../Engine/Shaders/Private/FastMath.ush" 2043
"../../../Engine/Shaders/Private/FastMathThirdParty.ush" 2044
"../../../Engine/Shaders/Private/Random.ush" 2045
"../../../Engine/Shaders/Private/RandomInterleavedGradientNoise.ush" 2046
"../../../Engine/Shaders/Private/SceneData.ush" 2047
"../../../Engine/Shaders/Private/OctahedralCommon.ush" 2048
"../../../Engine/Shaders/Private/WaveOpUtil.ush" 2049
"../../../Engine/Shaders/Private/ByteBuffer.ush" 2050
"../../../Engine/Shaders/Shared/SceneDefinitions.h" 2051
"../../../Engine/Shaders/Private/SceneDataMobileLoader.ush" 2052
"../../../Engine/Shaders/Private/LocalVertexFactoryCommon.ush" 2053
"../../../Engine/Shaders/Private/HairStrands/HairStrandsVisibilityCommon.ush" 2054
"../../../Engine/Shaders/Shared/HairStrandsDefinitions.h" 2055
"../../../Engine/Shaders/Private/HairStrands/HairStrandsVertexFactoryCommon.ush" 2056
"../../../Engine/Shaders/Private/HairStrands/HairStrandsPack.ush" 2057
"../../../Engine/Shaders/Private/HairStrands/HairStrandsAttributeCommon.ush" 2058
"../../../Engine/Shaders/Private/HairStrands/HairStrandsAttributeTemplate.ush" 2059
"../../../Engine/Shaders/Private/VertexFactoryDefaultInterface.ush" 2060
"../../../Engine/Shaders/Private/HairStrands/HairCardsVertexFactory.ush" 2061
"../../../Engine/Shaders/Private/HairStrands/HairCardsAttributeCommon.ush" 2062
"../../../Engine/Shaders/Private/RayTracing/RayTracingCommon.ush" 2063
"../../../Engine/Shaders/Private/ShadingCommon.ush" 2064
"../../../Engine/Shaders/Shared/RayTracingPayloadType.h" 2065
"../../../Engine/Shaders/Private/RayTracing/RayTracingRayCone.ush" 2066
"../../../Engine/Shaders/Private/Substrate/Substrate.ush" 2067
"../../../Engine/Shaders/Private/ShadingEnergyConservation.ush" 2068
"../../../Engine/Shaders/Private/ShadingEnergyConservationTemplate.ush" 2069
"../../../Engine/Shaders/Private/BRDF.ush" 2070
"../../../Engine/Shaders/Private/ColorSpace.ush" 2071
"../../../Engine/Shaders/Private/DeferredShadingCommon.ush" 2072
"../../../Engine/Shaders/Private/LightAccumulator.ush" 2073
"../../../Engine/Shaders/Private/SceneTexturesCommon.ush" 2074
"../../../Engine/Shaders/Private/MonteCarlo.ush" 2075
"../../../Engine/Shaders/Private/GBufferHelpers.ush" 2076
"../../../Engine/Shaders/Private/SceneTextureParameters.ush" 2077
"D:/UNDERWATER_TEST01-5.2-5.6/Intermediate/ShaderAutogen/PCD3D_SM6/AutogenShaderHeaders.ush" 2078
"../../../Engine/Shaders/Private/ParticipatingMediaCommon.ush" 2079
"../../../Engine/Shaders/Private/ThinFilmBSDF.ush" 2080
"../../../Engine/Shaders/Private/MortonCode.ush" 2081
"../../../Engine/Shaders/Private/SubsurfaceProfileCommon.ush" 2082
"../../../Engine/Shaders/Private/BurleyNormalizedSSSCommon.ush" 2083
"../../../Engine/Shaders/Private/GammaCorrectionCommon.ush" 2084
"../../../Engine/Shaders/Shared/SubstrateDefinitions.h" 2085
"../../../Engine/Shaders/Private/Substrate/SubstrateStatisticalOperators.ush" 2086
"../../../Engine/Shaders/Private/Substrate/SubstrateSubsurface.ush" 2087
"../../../Engine/Shaders/Private/TransmissionCommon.ush" 2088
"../../../Engine/Shaders/Private/Substrate/SubstrateExportCommon.ush" 2089
"../../../Engine/Shaders/Private/SpecularProfileCommon.ush" 2090
"../../../Engine/Shaders/Private/RayTracing/RayTracingCommonMetal.ush" 2091
"../../../Engine/Shaders/Private/PositionReconstructionCommon.ush" 2092
"../../../Engine/Shaders/Private/RayTracing/TraceRayInline.ush" 2093
"../../../Engine/Shaders/Private/RayTracing/TraceRayInlineCommon.ush" 2094
"../../../Engine/Shaders/Private/RayTracing/TraceRayInlineVulkan.ush" 2095
"../../../Engine/Shaders/Private/RayTracing/TraceRayInlineMetal.ush" 2096
"../../../Engine/Shaders/Private/RayTracing/TraceRayInlineD3D12.ush" 2097
"../../../Engine/Shaders/Private/RayTracing/RayTracingHitGroupCommon.ush" 2098
"../../../Engine/Shaders/Private/Nanite/NaniteRayTrace.ush" 2099
"../../../Engine/Shaders/Private/Nanite/NaniteDataDecode.ush" 2100
"../../../Engine/Shaders/Private/BitPacking.ush" 2101
"../../../Engine/Shaders/Private/BitStreamReaderImplementation.ush" 2102
"../../../Engine/Shaders/Private/BoneTransform.ush" 2103
"../../../Engine/Shaders/Private/Quaternion.ush" 2104
"../../../Engine/Shaders/Shared/NaniteDefinitions.h" 2105
"../../../Engine/Shaders/Shared/SkinningDefinitions.h" 2106
"../../../Engine/Shaders/Private/Nanite/NaniteAttributeDecode.ush" 2107
"../../../Engine/Shaders/Private/Barycentrics.ush" 2108
"../../../Engine/Shaders/Private/DualNumber.ush" 2109
"../../../Engine/Shaders/Shared/ThirdParty/RayTriangleIntersection.h" 2110
"../../../Engine/Shaders/Private/Nanite/NaniteVertexFetch.ush" 2111
"../../../Engine/Shaders/Private/Nanite/NaniteSceneCommon.ush" 2112
"../../../Engine/Plugins/Experimental/Water/Shaders/Private/WaterMeshVertexFactory.ush" 2113
"../../../Engine/Plugins/FX/Niagara/Shaders/Private/NiagaraSpriteVertexFactory.ush" 2114
"../../../Engine/Shaders/Private/ParticleVertexFactoryCommon.ush" 2115
"../../../Engine/Plugins/FX/Niagara/Shaders/Private/NiagaraVFCommon.usf" 2116
"../../../Engine/Plugins/FX/Niagara/Shaders/Private/NiagaraVFParticleAccess.usf" 2117
"../../../Engine/Plugins/FX/Niagara/Shaders/Private/NiagaraParticleAccess.ush" 2118
"../../../Engine/Plugins/FX/Niagara/Shaders/Private/NiagaraRibbonVertexFactory.ush" 2119
"../../../Engine/Plugins/FX/Niagara/Shaders/Private/NiagaraMeshVertexFactory.ush" 2120
"../../../Engine/Plugins/FX/Niagara/Shaders/Private/NiagaraCommon.ush" 2121
"../../../Engine/Plugins/FX/Niagara/Shaders/Private/NiagaraMeshParticleUtils.ush" 2122
"../../../Engine/Shaders/Private/VectorFieldVisualizationVertexFactory.ush" 2123
"../../../Engine/Shaders/Private/Nanite/NaniteVertexFactory.ush" 2124
"../../../Engine/Shaders/Private/LightmapData.ush" 2125
"../../../Engine/Shaders/Private/SplineMeshCommon.ush" 2126
"../../../Engine/Shaders/Shared/SplineMeshShaderParams.h" 2127
"../../../Engine/Shaders/Private/ShaderPrint.ush" 2128
"../../../Engine/Shaders/Private/ShaderPrintCommon.ush" 2129
"../../../Engine/Shaders/Private/MiniFontCommon.ush" 2130
"../../../Engine/Shaders/Private/MaterialCache/MaterialCacheCommon.ush" 2131
"../../../Engine/Shaders/Shared/MaterialCacheDefinitions.h" 2132
"../../../Engine/Shaders/Private/Nanite/NaniteVertexDeformation.ush" 2133
"../../../Engine/Shaders/Private/ViewData.ush" 2134
"../../../Engine/Shaders/Shared/ViewDefinitions.h" 2135
"../../../Engine/Shaders/Private/Matrices.ush" 2136
"../../../Engine/Shaders/Private/ParticleSpriteVertexFactory.ush" 2137
"../../../Engine/Shaders/Private/ParticleGPUSpriteVertexFactory.ush" 2138
"../../../Engine/Shaders/Private/ParticleSimulationCommon.ush" 2139
"../../../Engine/Shaders/Private/ParticleBeamTrailVertexFactory.ush" 2140
"../../../Engine/Shaders/Private/MeshParticleVertexFactory.ush" 2141
"../../../Engine/Shaders/Private/LocalVertexFactory.ush" 2142
"../../../Engine/Shaders/Private/GpuSkinCommon.ush" 2143
"../../../Engine/Shaders/Private/GpuSkinVertexFactory.ush" 2144
"../../../Engine/Shaders/Private/GeometryCollectionVertexFactory.ush" 2145
"../../../Engine/Shaders/Private/GeometryCacheVertexFactory.ush" 2146
"../../../Engine/Shaders/Private/LandscapeVertexFactory.ush" 2147
"../../../Engine/Plugins/Experimental/Compositing/CompositeCore/Shaders/Private/CompositeCoreMerge.usf" 2148
"../../../Engine/Shaders/Private/ScreenPass.ush" 2149
"../../../Engine/Shaders/Private/LensDistortion.ush" 2150
"../../../Engine/Plugins/Experimental/Compositing/CompositeCore/Shaders/Private/CompositeCoreDisplayTransform.usf" 2151
"../../../Engine/Plugins/Experimental/Compositing/CompositeCore/Shaders/Private/CompositeCoreDilate.usf" 2152
"../../../Engine/Plugins/Experimental/NFORDenoise/Shaders/NFORDenoise.usf" 2153
"../../../Engine/Plugins/Experimental/NFORDenoise/Shaders/NFORRegressionCommon.ush" 2154
"../../../Engine/Plugins/Experimental/NFORDenoise/Shaders/NFORRegression.ush" 2155
"../../../Engine/Plugins/VirtualProduction/CameraCalibrationCore/Shaders/Private/CrosshairOverlay.usf" 2156
"../../../Engine/Plugins/VirtualProduction/CameraCalibrationCore/Shaders/Private/DisplacementMapBlending.usf" 2157
"../../../Engine/Plugins/VirtualProduction/CameraCalibrationCore/Shaders/Private/RecenterSTDisplacementMaps.usf" 2158
"../../../Engine/Plugins/VirtualProduction/CameraCalibrationCore/Shaders/Private/FillSTDisplacementMap.usf" 2159
"../../../Engine/Plugins/VirtualProduction/CameraCalibrationCore/Shaders/Private/InvertDisplacementMap.usf" 2160
"../../../Engine/Plugins/VirtualProduction/CameraCalibrationCore/Shaders/Private/CropDisplacementMap.usf" 2161
"../../../Engine/Plugins/VirtualProduction/CameraCalibrationCore/Shaders/Private/BlendDisplacementMaps.usf" 2162
"../../../Engine/Plugins/VirtualProduction/CameraCalibrationCore/Shaders/Private/DrawDisplacementMaps.usf" 2163
"../../../Engine/Plugins/VirtualProduction/CameraCalibrationCore/Shaders/Private/UndistortImagePoints.usf" 2164
"../../../Engine/Plugins/VirtualProduction/CameraCalibrationCore/Shaders/Private/DistortionSTMapProcessor.usf" 2165
"../../../Engine/Plugins/Runtime/HairStrands/Shaders/Private/NiagaraCopyVelocityGrid.usf" 2166
"../../../Engine/Plugins/Runtime/HairStrands/Shaders/Private/NiagaraClearVelocityGrid.usf" 2167
"../../../Engine/Plugins/Runtime/HairStrands/Shaders/Private/NiagaraClearPressureGrid.usf" 2168
"../../../Engine/Plugins/Runtime/HairStrands/Shaders/Private/NiagaraInterpolateGroomGuides.usf" 2169
"../../../Engine/Plugins/Runtime/HairStrands/Shaders/Private/NiagaraGroomInterpolationUtils.ush" 2170
"../../../Engine/Plugins/FX/Niagara/Shaders/Private/NiagaraQuaternionUtils.ush" 2171
"../../../Engine/Shaders/Private/HairStrands/HairStrandsMesh.usf" 2172
"../../../Engine/Shaders/Private/HairStrands/HairStrandsBindingCommon.ush" 2173
"../../../Engine/Shaders/Private/HairStrands/HairStrandsFollicleMask.usf" 2174
"../../../Engine/Shaders/Private/HairStrands/HairStrandsSkinUpdate.usf" 2175
"../../../Engine/Shaders/Private/HairStrands/HairStrandsClusterCulling.usf" 2176
"../../../Engine/Shaders/Private/ColorMap.ush" 2177
"../../../Engine/Shaders/Private/HairStrands/HairStrandsAABBCommon.ush" 2178
"../../../Engine/Shaders/Private/HairStrands/HairStrandsClusterCommon.ush" 2179
"../../../Engine/Shaders/Private/ThreadGroupPrefixSum.ush" 2180
"../../../Engine/Shaders/Private/HairStrands/HairStrandsRaytracingGeometry.usf" 2181
"../../../Engine/Shaders/Private/HairStrands/HairStrandsTangent.usf" 2182
"../../../Engine/Shaders/Private/HairStrands/HairCardsDeformation.usf" 2183
"../../../Engine/Shaders/Private/HairStrands/HairStrandsInterpolation.usf" 2184
"../../../Engine/Shaders/Private/HairStrands/HairStrandsGuideDeform.usf" 2185
"../../../Engine/Shaders/Private/HairStrands/HairStrandsTexturesGeneration.usf" 2186
"../../../Engine/Shaders/Private/HairStrands/HairCardsTextureCommon.ush" 2187
"../../../Engine/Shaders/Private/HairStrands/HairStrandsTranscode.usf" 2188
"../../../Engine/Shaders/Private/HairStrands/HairStrandsDebug.usf" 2189
"../../../Engine/Shaders/Private/HairShadingCommon.ush" 2190
"../../../Engine/Shaders/Private/PostProcessCommon.ush" 2191
"../../../Engine/Shaders/Private/ShadingModels.ush" 2192
"../../../Engine/Shaders/Private/CapsuleLight.ush" 2193
"../../../Engine/Shaders/Private/RectLight.ush" 2194
"../../../Engine/Shaders/Private/LightData.ush" 2195
"../../../Engine/Shaders/Shared/LightDefinitions.h" 2196
"../../../Engine/Shaders/Private/AreaLightCommon.ush" 2197
"../../../Engine/Shaders/Private/HairBsdf.ush" 2198
"../../../Engine/Shaders/Private/MobileGGX.ush" 2199
"../../../Engine/Shaders/Private/HairStrands/HairStrandsCommon.ush" 2200
"../../../Engine/Shaders/Private/HairStrands/HairStrandsEnvironmentLightingCommon.ush" 2201
"../../../Engine/Shaders/Private/HairStrands/HairStrandsDeepTransmittanceCommon.ush" 2202
"../../../Engine/Shaders/Private/HairStrands/HairStrandsDeepTransmittanceDualScattering.ush" 2203
"../../../Engine/Shaders/Private/HairStrands/HairStrandsDeepShadowCommon.ush" 2204
"../../../Engine/Shaders/Private/HairStrands/HairStrandsDebugCommonStruct.ush" 2205
"../../../Engine/Plugins/Media/WmfMedia/Shaders/Private/MediaHardwareVideoDecoding.usf" 2206
"../../../Engine/Shaders/Private/ColorUtils.ush" 2207
"../../../Engine/Plugins/Media/ImgMedia/Shaders/Private/ExrSwizzler.usf" 2208
"../../../Engine/Plugins/NNE/NNEDenoiser/Shaders/NNEDenoiserShadersTransferFunctionOidn.usf" 2209
"../../../Engine/Plugins/NNE/NNEDenoiser/Shaders/NNEDenoiserShadersMappedCopy.usf" 2210
"../../../Engine/Plugins/NNE/NNEDenoiser/Shaders/NNEDenoiserShadersDefaultIOProcess.usf" 2211
"../../../Engine/Plugins/NNE/NNEDenoiser/Shaders/NNEDenoiserShadersAutoExposureReduceFinal.usf" 2212
"../../../Engine/Plugins/NNE/NNEDenoiser/Shaders/NNEDenoiserShadersAutoExposureReduce.usf" 2213
"../../../Engine/Plugins/NNE/NNEDenoiser/Shaders/NNEDenoiserShadersAutoExposureDownsample.usf" 2214
"../../../Engine/Plugins/Enterprise/GLTFExporter/Shaders/Private/SimpleTexture2DPS.usf" 2215
"../../../Engine/Shaders/Private/SimpleElementNormalMapPixelShader.usf" 2216
"../../../Engine/Plugins/Runtime/ComputeFramework/Shaders/Private/ComputeKernel.usf" 2217
"../../../Engine/Plugins/Runtime/ComputeFramework/Shaders/Private/ComputeKernelCommon.ush" 2218
"../../../Engine/Plugins/Experimental/Water/Shaders/Private/WaterQuadTreeDraws.usf" 2219
"../../../Engine/Plugins/Experimental/Water/Shaders/Private/WaterQuadTreeCommon.ush" 2220
"../../../Engine/Shaders/Private/Nanite/NaniteHZBCull.ush" 2221
"../../../Engine/Shaders/Private/HZB.ush" 2222
"../../../Engine/Plugins/Experimental/Water/Shaders/Private/WaterQuadTreeBuild.usf" 2223
"../../../Engine/Plugins/Experimental/Water/Shaders/Private/WaterQuadTreeMerge.usf" 2224
"../../../Engine/Plugins/Experimental/Water/Shaders/Private/WaterQuadTreePixelShader.usf" 2225
"../../../Engine/Plugins/Experimental/Water/Shaders/Private/WaterQuadTreeVertexShader.usf" 2226
"../../../Engine/Plugins/Experimental/Water/Shaders/Private/WaterInfoFinalize.usf" 2227
"../../../Engine/Plugins/Experimental/Water/Shaders/Private/WaterInfoMerge.usf" 2228
"../../../Engine/Plugins/FX/Niagara/Shaders/Private/NiagaraVertexFactoryExport.usf" 2229
"../../../Engine/Shaders/Private/ComputeShaderUtils.ush" 2230
"../../../Engine/Shaders/Private/MaterialTemplate.ush" 2231
"../../../Engine/Shaders/Private/WorldSpaceMath.ush" 2232
"../../../Engine/Shaders/Private/EyeAdaptationCommon.ush" 2233
"../../../Engine/Shaders/Private/SobolRandom.ush" 2234
"../../../Engine/Shaders/Private/DepthOfFieldCommon.ush" 2235
"../../../Engine/Shaders/Private/CircleDOFCommon.ush" 2236
"../../../Engine/Shaders/Private/DistanceField/GlobalDistanceFieldShared.ush" 2237
"../../../Engine/Shaders/Private/PhysicsFieldSampler.ush" 2238
"../../../Engine/Shaders/Private/PhysicsFieldShared.ush" 2239
"../../../Engine/Shaders/Private/SparseVolumeTexture/SparseVolumeTextureCommon.ush" 2240
"../../../Engine/Shaders/Shared/EnvironmentComponentsFlags.h" 2241
"../../../Engine/Shaders/Private/MeshPaintTextureCommon.ush" 2242
"../../../Engine/Shaders/Private/VirtualTextureMaterial.ush" 2243
"../../../Engine/Shaders/Private/MaterialCache/MaterialCacheMaterialCommon.ush" 2244
"../../../Engine/Shaders/Private/MaterialCache/MaterialCacheABuffer.ush" 2245
"../../../Engine/Shaders/Private/SpeedTreeCommon.ush" 2246
"../../../Engine/Shaders/Private/VirtualTextureCommon.ush" 2247
"../../../Engine/Shaders/Private/MaterialTexture.ush" 2248
"../../../Engine/Shaders/Private/MinMaterialTexCoords.ush" 2249
"../../../Engine/Shaders/Private/SkyAtmosphereCommon.ush" 2250
"../../../Engine/Shaders/Private/SingleLayerWaterCommon.ush" 2251
"../../../Engine/Shaders/Private/TextureSampling.ush" 2252
"../../../Engine/Shaders/Private/PaniniProjection.ush" 2253
"../../../Engine/Shaders/Private/DBufferNormalReprojection.ush" 2254
"../../../Engine/Shaders/Public/SubstratePublic.ush" 2255
"../../../Engine/Shaders/Private/Substrate/SubstrateTree.ush" 2256
"../../../Engine/Shaders/Private/Substrate/SubstrateEvaluation.ush" 2257
"../../../Engine/Shaders/Private/Substrate/Glint/GlintThirdParty.ush" 2258
"../../../Engine/Shaders/Private/BlueNoise.ush" 2259
"../../../Engine/Shaders/Private/SHCommon.ush" 2260
"../../../Engine/Shaders/Private/ShadingModelsSampling.ush" 2261
"../../../Engine/Shaders/Private/HairStrands/HairBsdfSample.ush" 2262
"../../../Engine/Shaders/Private/Substrate/SubstrateLegacyConversion.ush" 2263
"../../../Engine/Shaders/Private/DBufferDecalShared.ush" 2264
"../../../Engine/Plugins/FX/Niagara/Shaders/Private/NiagaraSortKeyGen.usf" 2265
"../../../Engine/Plugins/FX/Niagara/Shaders/Private/NiagaraGPURayTracingTransforms.usf" 2266
"../../../Engine/Plugins/FX/Niagara/Shaders/Private/NiagaraDrawIndirectArgsGen.usf" 2267
"../../../Engine/Plugins/FX/Niagara/Shaders/Private/NiagaraDispatchIndirectArgsGen.usf" 2268
"../../../Engine/Plugins/FX/Niagara/Shaders/Private/Stateless/NiagaraStatelessSimulationDefault.usf" 2269
"../../../Engine/Plugins/FX/Niagara/Shaders/Private/Stateless/NiagaraStatelessSimulationTemplate.ush" 2270
"../../../Engine/Plugins/FX/Niagara/Shaders/Private/Stateless/NiagaraStatelessCommon.ush" 2271
"../../../Engine/Plugins/FX/Niagara/Shaders/Shared/NiagaraStatelessDefinitions.h" 2272
"../../../Engine/Plugins/FX/Niagara/Shaders/Shared/NiagaraStatelessBuiltDistribution.h" 2273
"../../../Engine/Plugins/FX/Niagara/Shaders/Private/Stateless/NiagaraStatelessDistribution.ush" 2274
"../../../Engine/Plugins/FX/Niagara/Shaders/Private/Stateless/Modules/NiagaraStatelessModule_CalculateAccurateVelocity.ush" 2275
"../../../Engine/Plugins/FX/Niagara/Shaders/Private/Stateless/Modules/NiagaraStatelessModule_CameraOffset.ush" 2276
"../../../Engine/Plugins/FX/Niagara/Shaders/Private/Stateless/Modules/NiagaraStatelessModule_DynamicMaterialParameters.ush" 2277
"../../../Engine/Plugins/FX/Niagara/Shaders/Private/Stateless/Modules/NiagaraStatelessModule_InitializeParticle.ush" 2278
"../../../Engine/Plugins/FX/Niagara/Shaders/Private/Stateless/Modules/NiagaraStatelessModule_InitialMeshOrientation.ush" 2279
"../../../Engine/Plugins/FX/Niagara/Shaders/Private/Stateless/Modules/NiagaraStatelessModule_MeshIndex.ush" 2280
"../../../Engine/Plugins/FX/Niagara/Shaders/Private/Stateless/Modules/NiagaraStatelessModule_MeshRotationRate.ush" 2281
"../../../Engine/Plugins/FX/Niagara/Shaders/Private/Stateless/Modules/NiagaraStatelessModule_RotateAroundPoint.ush" 2282
"../../../Engine/Plugins/FX/Niagara/Shaders/Private/Stateless/Modules/NiagaraStatelessModule_ShapeLocation.ush" 2283
"../../../Engine/Plugins/FX/Niagara/Shaders/Private/Stateless/Modules/NiagaraStatelessModule_ScaleColor.ush" 2284
"../../../Engine/Plugins/FX/Niagara/Shaders/Private/Stateless/Modules/NiagaraStatelessModule_ScaleRibbonWidth.ush" 2285
"../../../Engine/Plugins/FX/Niagara/Shaders/Private/Stateless/Modules/NiagaraStatelessModule_ScaleSpriteSize.ush" 2286
"../../../Engine/Plugins/FX/Niagara/Shaders/Private/Stateless/Modules/NiagaraStatelessModule_ScaleSpriteSizeBySpeed.ush" 2287
"../../../Engine/Plugins/FX/Niagara/Shaders/Private/Stateless/Modules/NiagaraStatelessModule_ScaleMeshSize.ush" 2288
"../../../Engine/Plugins/FX/Niagara/Shaders/Private/Stateless/Modules/NiagaraStatelessModule_ScaleMeshSizebySpeed.ush" 2289
"../../../Engine/Plugins/FX/Niagara/Shaders/Private/Stateless/Modules/NiagaraStatelessModule_SolveVelocitiesAndForces.ush" 2290
"../../../Engine/Plugins/FX/Niagara/Shaders/Private/Stateless/Modules/NiagaraStatelessModule_SpriteFacingAndAlignment.ush" 2291
"../../../Engine/Plugins/FX/Niagara/Shaders/Private/Stateless/Modules/NiagaraStatelessModule_SpriteRotationRate.ush" 2292
"../../../Engine/Plugins/FX/Niagara/Shaders/Private/Stateless/Modules/NiagaraStatelessModule_SubUVAnimation.ush" 2293
"../../../Engine/Plugins/FX/Niagara/Shaders/Private/NiagaraBlendSVTsToDenseBuffer.usf" 2294
"../../../Engine/Plugins/FX/Niagara/Shaders/Private/NiagaraSVTToDenseBuffer.usf" 2295
"../../../Engine/Plugins/FX/Niagara/Shaders/Private/NiagaraFillIntBuffer.usf" 2296
"../../../Engine/Plugins/FX/Niagara/Shaders/Private/NiagaraComputeFreeIDs.usf" 2297
"../../../Engine/Plugins/FX/Niagara/Shaders/Private/NiagaraInitFreeIDBuffer.usf" 2298
"../../../Engine/Plugins/FX/Niagara/Shaders/Private/NiagaraEmitterInstanceShader.usf" 2299
"../../../Engine/Plugins/FX/Niagara/Shaders/Private/NiagaraShaderVersion.ush" 2300
"../../../Engine/Plugins/FX/Niagara/Shaders/Private/NiagaraPhysicsCommon.ush" 2301
"../../../Engine/Plugins/FX/Niagara/Shaders/Private/Ribbons/NiagaraRibbonAggregationApply.usf" 2302
"../../../Engine/Plugins/FX/Niagara/Shaders/Private/Ribbons/NiagaraRibbonCommon.ush" 2303
"../../../Engine/Plugins/FX/Niagara/Shaders/Private/Ribbons/NiagaraRibbonAggregationStep.usf" 2304
"../../../Engine/Plugins/FX/Niagara/Shaders/Private/Ribbons/NiagaraRibbonGenerateIndices.usf" 2305
"../../../Engine/Plugins/FX/Niagara/Shaders/Private/Ribbons/NiagaraRibbonInitializeIndices.usf" 2306
"../../../Engine/Plugins/FX/Niagara/Shaders/Private/Ribbons/NiagaraRibbonRibbonUVParamCalculation.usf" 2307
"../../../Engine/Plugins/FX/Niagara/Shaders/Private/Ribbons/NiagaraRibbonVertexReductionFinalization.usf" 2308
"../../../Engine/Plugins/FX/Niagara/Shaders/Private/Ribbons/NiagaraRibbonVertexReductionInitialization.usf" 2309
"../../../Engine/Plugins/FX/Niagara/Shaders/Private/Ribbons/NiagaraRibbonSortParticles.usf" 2310
"../../../Engine/Plugins/FX/Niagara/Shaders/Private/NiagaraLWCHelper.usf" 2311
"../../../Engine/Plugins/FX/Niagara/Shaders/Private/NiagaraUpdateMeshGPUSceneInstances.usf" 2312
"../../../Engine/Shaders/Private/GPUScene/GPUSceneWriter.ush" 2313
"../../../Engine/Plugins/FX/Niagara/Shaders/Private/NiagaraGenerateMips.usf" 2314
"../../../Engine/Plugins/FX/Niagara/Shaders/Private/NiagaraDebugDraw.usf" 2315
"../../../Engine/Plugins/FX/Niagara/Shaders/Private/NiagaraDebugDraw.ush" 2316
"../../../Engine/Plugins/FX/Niagara/Shaders/Private/NiagaraVisualizeTexture.usf" 2317
"../../../Engine/Plugins/FX/Niagara/Shaders/Private/NiagaraClearCounts.usf" 2318
"../../../Engine/Plugins/FX/Niagara/Shaders/Private/NiagaraBatchedElements.usf" 2319
"../../../Engine/Plugins/FX/Niagara/Shaders/Private/NiagaraRayTracingShaders.usf" 2320
"../../../Engine/Plugins/FX/Niagara/Shaders/Private/NiagaraAsyncGpuTraceCommon.ush" 2321
"../../../Engine/Shaders/Private/HashTable.ush" 2322
"../../../Engine/Shaders/Private/Hash.ush" 2323
"../../../Engine/Shaders/Private/RayTracing/VFXTraceRay.ush" 2324
"../../../Engine/Plugins/FX/Niagara/Shaders/Private/NiagaraRayMarchingShaders.usf" 2325
"../../../Engine/Plugins/FX/Niagara/Shaders/Private/NiagaraRayTraceCollisionGroupShaders.usf" 2326
"../../../Engine/Plugins/FX/Niagara/Shaders/Private/NiagaraAsyncGpuTraceUtils.usf" 2327
"../../../Engine/Plugins/Compositing/OpenColorIO/Shaders/Private/OpenColorIOInvalidShader.usf" 2328
"../../../Engine/Plugins/Compositing/OpenColorIO/Shaders/Private/OpenColorIOShader.usf" 2329
"../../../Engine/Shaders/Private/VirtualTextureAdapter.usf" 2330
"../../../Engine/Shaders/Private/BlockCompressionCommon.ush" 2331
"../../../Engine/Shaders/Private/BCCompressionCommon.ush" 2332
"../../../Engine/Shaders/Private/TranslucentLightingShaders.usf" 2333
"../../../Engine/Shaders/Private/CubemapCommon.ush" 2334
"../../../Engine/Shaders/Private/VectorFieldCompositeShaders.usf" 2335
"../../../Engine/Shaders/Private/UpdateTextureShaders.usf" 2336
"../../../Engine/Shaders/Private/StereoLayerShader.usf" 2337
"../../../Engine/Shaders/Private/SparseVolumeTexture/UpdateSparseVolumeTexture.usf" 2338
"../../../Engine/Shaders/Private/MorphTargets.usf" 2339
"../../../Engine/Shaders/Private/SimpleElementColorChannelMaskPixelShader.usf" 2340
"../../../Engine/Shaders/Private/SimpleElementHitProxyPixelShader.usf" 2341
"../../../Engine/Shaders/Private/SimpleElementPixelShader.usf" 2342
"../../../Engine/Shaders/Private/IESLightProfilesCommon.ush" 2343
"../../../Engine/Shaders/Private/SimpleElementVertexShader.usf" 2344
"../../../Engine/Shaders/Private/ScreenPixelShaderOES.usf" 2345
"../../../Engine/Shaders/Private/ScreenVertexShader.usf" 2346
"../../../Engine/Shaders/Private/ScreenPixelShader.usf" 2347
"../../../Engine/Shaders/Private/SSProfilePreIntegratedMobile.usf" 2348
"../../../Engine/Shaders/Private/SpecularProfile.usf" 2349
"../../../Engine/Shaders/Private/Nanite/NaniteStreaming.usf" 2350
"../../../Engine/Shaders/Private/Nanite/NaniteStreaming.ush" 2351
"../../../Engine/Shaders/Private/Nanite/NaniteTranscode.usf" 2352
"../../../Engine/Shaders/Private/VolumetricLightmapStreaming.usf" 2353
"../../../Engine/Shaders/Private/PhysicsFieldReset.usf" 2354
"../../../Engine/Shaders/Private/PhysicsFieldBuilder.usf" 2355
"../../../Engine/Shaders/Private/PhysicsFieldEval.ush" 2356
"../../../Engine/Shaders/Private/ParticleSortKeyGen.usf" 2357
"../../../Engine/Shaders/Private/ParticleBoundsShader.usf" 2358
"../../../Engine/Shaders/Private/ParticleSimVisualizeShader.usf" 2359
"../../../Engine/Shaders/Private/ParticleInjectionShader.usf" 2360
"../../../Engine/Shaders/Private/ParticleSimulationShader.usf" 2361
"../../../Engine/Shaders/Private/ParticleCurveInjectionShader.usf" 2362
"../../../Engine/Shaders/Private/CopyUIntBuffer.usf" 2363
"../../../Engine/Shaders/Private/RadixSortShaders.usf" 2364
"../../../Engine/Shaders/Private/RecomputeTangentsPerVertexPass.usf" 2365
"../../../Engine/Shaders/Private/RecomputeTangentsCommon.ush" 2366
"../../../Engine/Shaders/Private/RecomputeTangentsPerTrianglePass.usf" 2367
"../../../Engine/Shaders/Private/GpuSkinCacheComputeShader.usf" 2368
"../../../Engine/Shaders/Private/HeightFieldAtlasManagement.usf" 2369
"../../../Engine/Shaders/Private/Landscape/LandscapeEditLayersUtils.usf" 2370
"../../../Engine/Shaders/Private/Landscape/LandscapeCommon.ush" 2371
"../../../Engine/Shaders/Private/Landscape/LandscapeEditLayersWeightmaps.usf" 2372
"../../../Engine/Shaders/Private/Landscape/LandscapeEditLayersHeightmaps.usf" 2373
"../../../Engine/Shaders/Private/Landscape/LandscapeLayersWeightmapsPS.usf" 2374
"../../../Engine/Shaders/Private/Landscape/LandscapeLayersHeightmapsPS.usf" 2375
"../../../Engine/Shaders/Private/LandscapeLayersCS.usf" 2376
"../../../Engine/Shaders/Private/LandscapeLayersPS.usf" 2377
"../../../Engine/Shaders/Private/LandscapeLayersVS.usf" 2378
"../../../Engine/Shaders/Private/LandscapePhysicalMaterial.usf" 2379
"../../../Engine/Shaders/Private/LandscapeGrassWeight.usf" 2380
"../../../Engine/Shaders/Private/Landscape/LandscapeCulling.usf" 2381
"../../../Engine/Shaders/Private/Landscape/LandscapeMergeTexturesPS.usf" 2382
"../../../Engine/Shaders/Private/WideCustomResolveShaders.usf" 2383
"../../../Engine/Shaders/Private/WideCustomResolve_Wide.ush" 2384
"../../../Engine/Shaders/Private/WideCustomResolve_Wider.ush" 2385
"../../../Engine/Shaders/Private/WideCustomResolve_Widest.ush" 2386
"../../../Engine/Shaders/Private/WaterInfoTextureBlur.usf" 2387
"../../../Engine/Shaders/Private/WaterInfoTextureMerge.usf" 2388
"../../../Engine/Shaders/Private/PageTableUpdate.usf" 2389
"../../../Engine/Shaders/Private/VirtualTextureCompress.usf" 2390
"../../../Engine/Shaders/Private/ASTCCompressionCommon.ush" 2391
"../../../Engine/Shaders/Private/IntegerSequenceEncoding.ush" 2392
"../../../Engine/Shaders/Private/ETCCompressionCommon.ush" 2393
"../../../Engine/Shaders/Private/VirtualTextureMaterial.usf" 2394
"../../../Engine/Shaders/Private/PixelShaderOutputCommon.ush" 2395
"../../../Engine/Shaders/Private/ShaderOutputCommon.ush" 2396
"../../../Engine/Shaders/Private/VolumetricRenderTarget.usf" 2397
"../../../Engine/Shaders/Private/HeightFogCommon.ush" 2398
"../../../Engine/Shaders/Private/LocalFogVolumes/LocalFogVolumeCommon.ush" 2399
"../../../Engine/Shaders/Private/ReflectionEnvironmentShared.ush" 2400
"../../../Engine/Shaders/Private/VolumetricFogVoxelization.usf" 2401
"../../../Engine/Shaders/Private/VolumetricCloudMaterialPixelCommon.ush" 2402
"../../../Engine/Shaders/Private/VolumetricFogLightFunction.usf" 2403
"../../../Engine/Shaders/Private/LightFunctionCommon.ush" 2404
"../../../Engine/Shaders/Private/VolumetricFog.usf" 2405
"../../../Engine/Shaders/Private/DeferredLightingCommon.ush" 2406
"../../../Engine/Shaders/Private/DynamicLightingCommon.ush" 2407
"../../../Engine/Shaders/Private/CapsuleLightIntegrate.ush" 2408
"../../../Engine/Shaders/Private/CapsuleLightSampling.ush" 2409
"../../../Engine/Shaders/Private/RectLightIntegrate.ush" 2410
"../../../Engine/Shaders/Private/ScreenSpaceShadowRayCast.ush" 2411
"../../../Engine/Shaders/Private/LightFunctionAtlas/LightFunctionAtlasCommon.usf" 2412
"../../../Engine/Shaders/Private/HeterogeneousVolumes/HeterogeneousVolumesAdaptiveVolumetricShadowMapSampling.ush" 2413
"../../../Engine/Shaders/Private/HeterogeneousVolumes/HeterogeneousVolumesAdaptiveVolumetricShadowMapUtils.ush" 2414
"../../../Engine/Shaders/Private/HeterogeneousVolumes/HeterogeneousVolumesRayMarchingUtils.ush" 2415
"../../../Engine/Shaders/Private/HeterogeneousVolumes/HeterogeneousVolumesRayMarchingTypes.ush" 2416
"../../../Engine/Shaders/Private/PathTracing/Utilities/PathTracingRandomSequence.ush" 2417
"../../../Engine/Shaders/Private/HeterogeneousVolumes/HeterogeneousVolumesTracingUtils.ush" 2418
"../../../Engine/Shaders/Private/VelocityCommon.ush" 2419
"../../../Engine/Shaders/Private/HeterogeneousVolumes/HeterogeneousVolumesTransmittanceVolumeUtils.ush" 2420
"../../../Engine/Shaders/Private/ForwardShadowingCommon.ush" 2421
"../../../Engine/Shaders/Private/ShadowFilteringCommon.ush" 2422
"../../../Engine/Shaders/Private/PixelQuadMessagePassing.ush" 2423
"../../../Engine/Shaders/Private/VolumeLightingCommon.ush" 2424
"../../../Engine/Shaders/Private/ShadowProjectionCommon.ush" 2425
"../../../Engine/Shaders/Private/VolumeLightingCommonSampling.ush" 2426
"../../../Engine/Shaders/Private/Lumen/LumenTranslucencyVolumeShared.ush" 2427
"../../../Engine/Shaders/Private/Lumen/LumenRadianceCacheInterpolation.ush" 2428
"../../../Engine/Shaders/Private/HeterogeneousVolumes/HeterogeneousVolumesAdaptiveVolumetricShadowMapSampler.ush" 2429
"../../../Engine/Shaders/Private/LightGridCommon.ush" 2430
"../../../Engine/Shaders/Private/DistanceFieldAOShared.ush" 2431
"../../../Engine/Shaders/Private/IntersectionUtils.ush" 2432
"../../../Engine/Shaders/Private/VolumetricLightmapShared.ush" 2433
"../../../Engine/Shaders/Private/LightDataUniforms.ush" 2434
"../../../Engine/Shaders/Private/VirtualShadowMaps/VirtualShadowMapProjectionCommon.ush" 2435
"../../../Engine/Shaders/Private/VirtualShadowMaps/VirtualShadowMapPageAccessCommon.ush" 2436
"../../../Engine/Shaders/Shared/VirtualShadowMapDefinitions.h" 2437
"../../../Engine/Shaders/Shared/HLSLMathAliases.h" 2438
"../../../Engine/Shaders/Private/VirtualShadowMaps/VirtualShadowMapProjectionStructs.ush" 2439
"../../../Engine/Shaders/Private/VolumetricCloudCommon.ush" 2440
"../../../Engine/Shaders/Private/VolumetricCloud.usf" 2441
"../../../Engine/Shaders/Private/VisualizeVolumetricLightmap.usf" 2442
"../../../Engine/Shaders/Private/VirtualShadowMaps/VirtualShadowMapProjectionComposite.usf" 2443
"../../../Engine/Shaders/Private/LightShaderParameters.ush" 2444
"../../../Engine/Shaders/Private/VirtualShadowMaps/VirtualShadowMapMaskBitsCommon.ush" 2445
"../../../Engine/Shaders/Private/VirtualShadowMaps/VirtualShadowMapLightGrid.ush" 2446
"../../../Engine/Shaders/Private/VirtualShadowMaps/VirtualShadowMapProjection.usf" 2447
"../../../Engine/Shaders/Private/Visualization.ush" 2448
"../../../Engine/Shaders/Private/VirtualShadowMaps/VirtualShadowMapProjectionFilter.ush" 2449
"../../../Engine/Shaders/Private/VirtualShadowMaps/VirtualShadowMapProjectionDirectional.ush" 2450
"../../../Engine/Shaders/Private/VirtualShadowMaps/VirtualShadowMapSMRTCommon.ush" 2451
"../../../Engine/Shaders/Private/VirtualShadowMaps/VirtualShadowMapSMRTTemplate.ush" 2452
"../../../Engine/Shaders/Private/VirtualShadowMaps/VirtualShadowMapProjectionSpot.ush" 2453
"../../../Engine/Shaders/Private/VirtualShadowMaps/VirtualShadowMapTransmissionCommon.ush" 2454
"../../../Engine/Shaders/Private/VirtualShadowMaps/VirtualShadowMapScreenRayTrace.ush" 2455
"../../../Engine/Shaders/Private/VirtualShadowMaps/VirtualShadowMapStats.ush" 2456
"../../../Engine/Shaders/Private/HairStrands/HairStrandsVoxelPageCommon.ush" 2457
"../../../Engine/Shaders/Private/HairStrands/HairStrandsVoxelPageTraversal.ush" 2458
"../../../Engine/Shaders/Private/VirtualShadowMaps/VirtualShadowMapCacheGPUInvalidation.usf" 2459
"../../../Engine/Shaders/Private/VirtualShadowMaps/VirtualShadowMapPageCacheCommon.ush" 2460
"../../../Engine/Shaders/Private/VirtualShadowMaps/VirtualShadowMapCacheInvalidation.ush" 2461
"../../../Engine/Shaders/Private/VirtualShadowMaps/VirtualShadowMapPageOverlap.ush" 2462
"../../../Engine/Shaders/Private/ScreenSpaceDenoise/SSDDefinitions.ush" 2463
"../../../Engine/Shaders/Private/InstanceCulling/InstanceCullingLoadBalancer.ush" 2464
"../../../Engine/Shaders/Private/VirtualShadowMaps/VirtualShadowMapCacheLoadBalancer.usf" 2465
"../../../Engine/Shaders/Private/VirtualShadowMaps/VirtualShadowMapCopyStats.usf" 2466
"../../../Engine/Shaders/Private/VirtualShadowMaps/VirtualShadowMapDebug.usf" 2467
"../../../Engine/Shaders/Private/VirtualShadowMaps/Desaturate.usf" 2468
"../../../Engine/Shaders/Private/VirtualShadowMaps/VirtualShadowMapPhysicalPageManagement.usf" 2469
"../../../Engine/Shaders/Private/ReductionCommon.ush" 2470
"../../../Engine/Shaders/Private/GPUMessaging.ush" 2471
"../../../Engine/Shaders/Private/VirtualShadowMaps/VirtualShadowMapPerPageDispatch.ush" 2472
"../../../Engine/Shaders/Private/VirtualShadowMaps/VirtualShadowMapCompactViews.usf" 2473
"../../../Engine/Shaders/Shared/SceneCullingDefinitions.h" 2474
"../../../Engine/Shaders/Private/VirtualShadowMaps/VirtualShadowMapBuildPerPageDrawCommands.usf" 2475
"../../../Engine/Shaders/Private/Nanite/NaniteCullingCommon.ush" 2476
"../../../Engine/Shaders/Private/Nanite/NaniteCulling.ush" 2477
"../../../Engine/Shaders/Private/Nanite/NaniteHierarchyTraversalCommon.ush" 2478
"../../../Engine/Shaders/Private/InstanceCulling/InstanceCullingCommon.ush" 2479
"../../../Engine/Shaders/Shared/InstanceCullingDefinitions.h" 2480
"../../../Engine/Shaders/Private/VirtualShadowMaps/VirtualShadowMapPrintStats.usf" 2481
"../../../Engine/Shaders/Private/VirtualShadowMaps/VirtualShadowMapPageManagement.usf" 2482
"../../../Engine/Shaders/Private/VirtualShadowMaps/VirtualShadowMapPageMarking.usf" 2483
"../../../Engine/Shaders/Shared/SingleLayerWaterDefinitions.h" 2484
"../../../Engine/Shaders/Private/HairStrands/HairStrandsTileCommon.ush" 2485
"../../../Engine/Shaders/Private/Froxel/Froxel.ush" 2486
"../../../Engine/Shaders/Shared/FroxelDefinitions.h" 2487
"../../../Engine/Shaders/Private/DiaphragmDOF/DOFCommon.ush" 2488
"../../../Engine/Shaders/Private/VariableRateShading/VRSShadingRatePreview.usf" 2489
"../../../Engine/Shaders/Private/VariableRateShading/VRSShadingRateCommon.ush" 2490
"../../../Engine/Shaders/Private/VariableRateShading/VRSShadingRateCombine.usf" 2491
"../../../Engine/Shaders/Private/VariableRateShading/VRSShadingRateFoveated.usf" 2492
"../../../Engine/Shaders/Private/VariableRateShading/VRSShadingRateReproject.usf" 2493
"../../../Engine/Shaders/Private/VariableRateShading/VRSShadingRateCalculate.usf" 2494
"../../../Engine/Shaders/Private/TranslucencyUpsampling.usf" 2495
"../../../Engine/Shaders/Private/ComposeSeparateTranslucency.usf" 2496
"../../../Engine/Shaders/Private/SeparateTranslucency.ush" 2497
"../../../Engine/Shaders/Private/TranslucentLightInjectionShaders.usf" 2498
"../../../Engine/Shaders/Private/TranslucentShadowDepthShaders.usf" 2499
"../../../Engine/Shaders/Private/ShadowDepthCommon.ush" 2500
"../../../Engine/Shaders/Private/RayTracing/RayTracingTest.usf" 2501
"../../../Engine/Shaders/Private/PostprocessSubsurfaceTile.usf" 2502
"../../../Engine/Shaders/Private/PostProcessSubsurfaceCommon.ush" 2503
"../../../Engine/Shaders/Private/Substrate/SubstrateVisualize.usf" 2504
"../../../Engine/Shaders/Private/Substrate/SubstrateTile.ush" 2505
"../../../Engine/Shaders/Shared/SubstrateVisualizeDefinitions.h" 2506
"../../../Engine/Shaders/Private/Substrate/SubstrateVisualizeCommon.ush" 2507
"../../../Engine/Shaders/Private/SkyLightingDiffuseShared.ush" 2508
"../../../Engine/Shaders/Private/SkyLightingShared.ush" 2509
"../../../Engine/Shaders/Private/ClearCoatCommon.ush" 2510
"../../../Engine/Shaders/Private/ReflectionEnvironmentComposite.ush" 2511
"../../../Engine/Shaders/Private/Substrate/SubstrateLightingCommon.ush" 2512
"../../../Engine/Shaders/Private/Substrate/SubstrateRoughRefraction.usf" 2513
"../../../Engine/Shaders/Private/PathTracing/Material/PathTracingFresnel.ush" 2514
"../../../Engine/Shaders/Private/PathTracing/Material/PathTracingGlossy.ush" 2515
"../../../Engine/Shaders/Private/Substrate/SubstrateMaterialSampling.usf" 2516
"../../../Engine/Shaders/Private/Substrate/SubstrateMaterialSampling.ush" 2517
"../../../Engine/Shaders/Private/Lumen/LumenPosition.ush" 2518
"../../../Engine/Shaders/Private/Substrate/SubstrateTile.usf" 2519
"../../../Engine/Shaders/Private/Substrate/SubstrateMaterialClassification.usf" 2520
"../../../Engine/Shaders/Private/Substrate/SubstrateDBuffer.usf" 2521
"../../../Engine/Shaders/Private/StochasticLighting/StochasticLightingDenoising.usf" 2522
"../../../Engine/Shaders/Private/Lumen/LumenMaterial.ush" 2523
"../../../Engine/Shaders/Private/StochasticLighting/StochasticLightingCommon.ush" 2524
"../../../Engine/Shaders/Private/SplineMeshSceneTexture.usf" 2525
"../../../Engine/Shaders/Private/SparseVolumeTexture/VisualizeSparseVolumeTexture.usf" 2526
"../../../Engine/Shaders/Private/SkyAtmosphere.usf" 2527
"../../../Engine/Shaders/Private/Skinning/SkinnedMeshDebug.usf" 2528
"../../../Engine/Shaders/Private/Skinning/AnimBankEval.usf" 2529
"../../../Engine/Shaders/Private/SingleLayerWaterComposite.usf" 2530
"../../../Engine/Shaders/Private/Froxel/FroxelBuild.ush" 2531
"../../../Engine/Shaders/Private/SingleLayerWaterRefractionCulling.usf" 2532
"../../../Engine/Shaders/Private/ScreenSpaceShadows.usf" 2533
"../../../Engine/Shaders/Private/bend_sss_gpu.ush" 2534
"../../../Engine/Shaders/Private/ShadowFactorsUpsampleCommon.ush" 2535
"../../../Engine/Shaders/Private/FirstPersonSelfShadow.usf" 2536
"../../../Engine/Shaders/Private/HZBTracing.ush" 2537
"../../../Engine/Shaders/Private/ShadowProjectionVertexShader.usf" 2538
"../../../Engine/Shaders/Private/ShadowProjectionPixelShader.usf" 2539
"../../../Engine/Shaders/Private/MobileLightingCommon.ush" 2540
"../../../Engine/Shaders/Private/PlanarReflectionShared.ush" 2541
"../../../Engine/Shaders/Private/MobileSSR.ush" 2542
"../../../Engine/Shaders/Private/SSRT/SSRTRayCast.ush" 2543
"../../../Engine/Shaders/Private/ShadowPercentageCloserFiltering.ush" 2544
"../../../Engine/Shaders/Private/TransmissionThickness.ush" 2545
"../../../Engine/Shaders/Private/CopyShadowMaps.usf" 2546
"../../../Engine/Shaders/Private/ShadowDepthPixelShader.usf" 2547
"../../../Engine/Shaders/Private/ShadowDepthVertexShader.usf" 2548
"../../../Engine/Shaders/Private/ShadingEnergyConservationTable.usf" 2549
"../../../Engine/Shaders/Shared/PathTracingDefinitions.h" 2550
"../../../Engine/Shaders/Private/ShadingFurnaceTest.usf" 2551
"../../../Engine/Shaders/Private/Substrate/SubstrateDeferredLighting.ush" 2552
"../../../Engine/Shaders/Private/ShaderPrintDraw.usf" 2553
"../../../Engine/Shaders/Private/ShaderPrintDrawPrimitive.usf" 2554
"../../../Engine/Shaders/Private/DefaultSSRTiles.usf" 2555
"../../../Engine/Shaders/Private/ScreenSpaceReflectionTileCommons.ush" 2556
"../../../Engine/Shaders/Private/SSRT/SSRTDiffuseIndirect.usf" 2557
"../../../Engine/Shaders/Private/SSRT/SSRTTileClassificationBuffer.ush" 2558
"../../../Engine/Shaders/Private/SSRT/SSRTReflections.usf" 2559
"../../../Engine/Shaders/Private/ScreenSpaceDenoise/SSDPublic.ush" 2560
"../../../Engine/Shaders/Private/SSRT/SSRTTileClassification.usf" 2561
"../../../Engine/Shaders/Private/SSRT/SSRTPrevFrameReduction.usf" 2562
"../../../Engine/Shaders/Private/ScreenSpaceDenoise/SSDComposeHarmonics.usf" 2563
"../../../Engine/Shaders/Private/ScreenSpaceDenoise/SSDPublicHarmonics.ush" 2564
"../../../Engine/Shaders/Private/ScreenSpaceDenoise/SSDSignalFramework.ush" 2565
"../../../Engine/Shaders/Private/ScreenSpaceDenoise/SSDCommon.ush" 2566
"../../../Engine/Shaders/Private/SphericalGaussian.ush" 2567
"../../../Engine/Shaders/Public/WaveBroadcastIntrinsics.ush" 2568
"../../../Engine/Shaders/Private/ScreenSpaceDenoise/SSDMetadata.ush" 2569
"../../../Engine/Shaders/Private/ScreenSpaceDenoise/SSDSignalCore.ush" 2570
"../../../Engine/Shaders/Private/ScreenSpaceDenoise/DenoisingCommon.ush" 2571
"../../../Engine/Shaders/Private/ScreenSpaceDenoise/SSDSignalArray.ush" 2572
"../../../Engine/Shaders/Private/ScreenSpaceDenoise/SSDSignalBufferEncoding.ush" 2573
"../../../Engine/Shaders/Private/ScreenSpaceDenoise/SSDPublicBufferEncoding.ush" 2574
"../../../Engine/Shaders/Private/Lumen/LumenBufferEncoding.ush" 2575
"../../../Engine/Shaders/Private/ScreenSpaceDenoise/SSDTemporalAccumulation.usf" 2576
"../../../Engine/Shaders/Private/ScreenSpaceDenoise/SSDSpatialKernel.ush" 2577
"../../../Engine/Shaders/Private/ScreenSpaceDenoise/SSDSignalAccumulatorArray.ush" 2578
"../../../Engine/Shaders/Private/ScreenSpaceDenoise/SSDSignalAccumulator.ush" 2579
"../../../Engine/Shaders/Private/ScreenSpaceDenoise/SSDSignalCompression.ush" 2580
"../../../Engine/Shaders/Private/ScreenSpaceDenoise/SSDSpatialAccumulation.usf" 2581
"../../../Engine/Shaders/Private/ScreenSpaceDenoise/SSDInjest.usf" 2582
"../../../Engine/Shaders/Private/ScreenSpaceDenoise/SSDCompressMetadata.usf" 2583
"../../../Engine/Shaders/Private/DownsampleDepthPixelShader.usf" 2584
"../../../Engine/Shaders/Private/ScreenPass.usf" 2585
"../../../Engine/Shaders/Private/HZB.usf" 2586
"../../../Engine/Shaders/Private/OcclusionFeedbackShaders.usf" 2587
"../../../Engine/Shaders/Private/HZBOcclusion.usf" 2588
"../../../Engine/Shaders/Private/OcclusionQueryPixelShader.usf" 2589
"../../../Engine/Shaders/Private/OcclusionQueryVertexShader.usf" 2590
"../../../Engine/Shaders/Private/HitProxyCopy.usf" 2591
"../../../Engine/Shaders/Private/HitProxyPixelShader.usf" 2592
"../../../Engine/Shaders/Private/HitProxyVertexShader.usf" 2593
"../../../Engine/Shaders/Private/SceneCulling/SceneCullingDebugRender.usf" 2594
"../../../Engine/Shaders/Private/SceneCulling/SceneCulling.ush" 2595
"../../../Engine/Shaders/Private/SceneCulling/SceneCullingBuildExplicitBounds.usf" 2596
"../../../Engine/Shaders/Private/SceneCapturePixelShader.usf" 2597
"../../../Engine/Shaders/Private/RendererUtils.usf" 2598
"../../../Engine/Shaders/Private/RTWriteMaskDecode.usf" 2599
"../../../Engine/Shaders/Private/ReflectionEnvironmentShaders.usf" 2600
"../../../Engine/Shaders/Private/RectLightAtlas.usf" 2601
"../../../Engine/Shaders/Private/RayTracing/TraceRayInlineStatistics.usf" 2602
"../../../Engine/Shaders/Private/RayTracing/CompositeSkyLightPS.usf" 2603
"../../../Engine/Shaders/Private/RayTracing/GenerateSkyLightVisibilityRaysCS.usf" 2604
"../../../Engine/Shaders/Private/RayTracing/RayTracingSkyLightCommon.ush" 2605
"../../../Engine/Shaders/Private/RayTracing/SkyLightVisibilityRaysData.ush" 2606
"../../../Engine/Shaders/Private/Raytracing/RaytracingSkylightRGS.usf" 2607
"../../../Engine/Shaders/Private/HairStrands/HairStrandsRaytracing.ush" 2608
"../../../Engine/Shaders/Private/Raytracing/RayTracingSkyLightEvaluation.ush" 2609
"../../../Engine/Shaders/Private/Raytracing/RayTracingDeferredShadingCommon.ush" 2610
"../../../Engine/Shaders/Private/RayTracing/RayTracingOcclusionRGS.usf" 2611
"../../../Engine/Shaders/Private/RayTracing/RayTracingDirectionalLight.ush" 2612
"../../../Engine/Shaders/Private/RayTracing/RayTracingRectLight.ush" 2613
"../../../Engine/Shaders/Private/RayTracing/RayTracingSphereLight.ush" 2614
"../../../Engine/Shaders/Private/RayTracing/RayTracingCapsuleLight.ush" 2615
"../../../Engine/Shaders/Private/Raytracing/RayTracingFeedback.usf" 2616
"../../../Engine/Shaders/Shared/RayTracingDebugTypes.h" 2617
"../../../Engine/Shaders/Private/RayTracing/RayTracingPrimaryRays.usf" 2618
"../../../Engine/Shaders/Private/RayTracing/RayTracingLightingCommon.ush" 2619
"../../../Engine/Shaders/Private/RayTracing/RayTracingLightCullingCommon.ush" 2620
"../../../Engine/Shaders/Private/RayTracing/RayTracingMaterialDefaultHitShaders.usf" 2621
"../../../Engine/Shaders/Private/RayTracing/RayTracingMaterialHitShaders.usf" 2622
"../../../Engine/Shaders/Private/RayTracing/RayTracingShaderUtils.ush" 2623
"../../../Engine/Shaders/Private/RayTracing/RayTracingCalcInterpolants.ush" 2624
"../../../Engine/Shaders/Private/LightmapCommon.ush" 2625
"../../../Engine/Shaders/Private/Lumen/LumenHardwareRayTracingPayloadCommon.ush" 2626
"../../../Engine/Shaders/Shared/LumenDefinitions.h" 2627
"../../../Engine/Shaders/Private/Substrate/SubstrateExport.ush" 2628
"../../../Engine/Shaders/Private/RayTracing/RayTracingLightingMS.usf" 2629
"../../../Engine/Shaders/Private/Lumen/LumenDiffuseColorBoost.ush" 2630
"../../../Engine/Shaders/Private/RayTracing/RayTracingLightFunctionCommon.ush" 2631
"../../../Engine/Shaders/Private/RayTracing/RayTracingBuildLightGrid.usf" 2632
"../../../Engine/Shaders/Private/Raytracing/RayTracingInstanceBufferUtil.usf" 2633
"../../../Engine/Shaders/Private/RayTracing/RayTracingDynamicMesh.usf" 2634
"../../../Engine/Shaders/Private/RayTracing/RayTracingDefaultDecalHitShader.usf" 2635
"../../../Engine/Shaders/Private/RayTracing/RayTracingDecalMaterialShader.usf" 2636
"../../../Engine/Shaders/Private/PathTracing/PathTracingShaderUtils.ush" 2637
"../../../Engine/Shaders/Private/PathTracing/PathTracingCommon.ush" 2638
"../../../Engine/Shaders/Private/PathTracing/Material/PathTracingMaterialCommon.ush" 2639
"../../../Engine/Shaders/Private/PathTracing/Utilities/PathTracingRIS.ush" 2640
"../../../Engine/Shaders/Private/RayTracing/RayTracingBuildDecalGrid.usf" 2641
"../../../Engine/Shaders/Private/RayTracing/RayTracingDebugHitStatsUtils.usf" 2642
"../../../Engine/Shaders/Private/RayTracing/RayTracingDebugInstanceOverlap.usf" 2643
"../../../Engine/Shaders/Private/RayTracing/RayTracingDebugPicking.usf" 2644
"../../../Engine/Shaders/Private/RayTracing/RayTracingDebugUtils.ush" 2645
"../../../Engine/Shaders/Private/RayTracing/RayTracingDebugTraversal.usf" 2646
"../../../Engine/Shaders/Private/RayTracing/RayTracingDeferredMaterials.ush" 2647
"../../../Engine/Shaders/Shared/ThirdParty/AMD/ags_shader_intrinsics_dx12.h" 2648
"../../../Engine/Shaders/Shared/RayTracingDebugDefinitions.h" 2649
"../../../Engine/Shaders/Private/RayTracing/RayTracingDebugHitStatsCHS.usf" 2650
"../../../Engine/Shaders/Private/RayTracing/RayTracingDebugHitStats.usf" 2651
"../../../Engine/Shaders/Private/RayTracing/RayTracingDebugMS.usf" 2652
"../../../Engine/Shaders/Private/RayTracing/RayTracingDebugCHS.usf" 2653
"../../../Engine/Shaders/Private/RayTracing/RayTracingDebug.usf" 2654
"../../../Engine/Shaders/Private/RayTracing/RayTracingBuiltInShaders.usf" 2655
"../../../Engine/Shaders/Private/RayTracing/RayTracingBarycentrics.usf" 2656
"../../../Engine/Shaders/Private/RayTracing/RayTracingAmbientOcclusionRGS.usf" 2657
"../../../Engine/Shaders/Private/VisualizeShadingModels.usf" 2658
"../../../Engine/Shaders/Private/MotionBlur/VisualizeMotionVectors.usf" 2659
"../../../Engine/Shaders/Private/TemporalSuperResolution/TSRVisualize.usf" 2660
"../../../Engine/Shaders/Private/TemporalSuperResolution/TSRColorSpace.ush" 2661
"../../../Engine/Shaders/Private/TemporalSuperResolution/TSRCommon.ush" 2662
"../../../Engine/Shaders/Public/DualPixelVectorization.ush" 2663
"../../../Engine/Shaders/Private/TemporalSuperResolution/TSRReprojectionField.ush" 2664
"../../../Engine/Shaders/Private/TemporalSuperResolution/TSRResolveHistory.usf" 2665
"../../../Engine/Shaders/Private/TemporalSuperResolution/TSRConvolutionNetwork.ush" 2666
"../../../Engine/Shaders/Private/TemporalSuperResolution/TSRKernels.ush" 2667
"../../../Engine/Shaders/Public/LaneVectorization.ush" 2668
"../../../Engine/Shaders/Private/TemporalSuperResolution/TSRUpdateHistory.usf" 2669
"../../../Engine/Shaders/Private/TemporalSuperResolution/TSRSpatialAntiAliasing.ush" 2670
"../../../Engine/Shaders/Private/TemporalSuperResolution/TSRSpatialAntiAliasing.usf" 2671
"../../../Engine/Shaders/Private/TemporalSuperResolution/TSRRejectShading.usf" 2672
"../../../Engine/Shaders/Private/TemporalSuperResolution/TSRShadingAnalysis.ush" 2673
"../../../Engine/Shaders/Private/TemporalSuperResolution/TSRConvolutionNetworkPass.ush" 2674
"../../../Engine/Shaders/Private/TemporalSuperResolution/TSRDecimateHistory.usf" 2675
"../../../Engine/Shaders/Private/TemporalSuperResolution/TSRDepthVelocityAnalysis.ush" 2676
"../../../Engine/Shaders/Private/TemporalSuperResolution/TSRClosestOccluder.ush" 2677
"../../../Engine/Shaders/Private/TemporalSuperResolution/TSRWeightRelaxation.usf" 2678
"../../../Engine/Shaders/Private/TemporalSuperResolution/TSRThinGeometryCommon.ush" 2679
"../../../Engine/Shaders/Private/TemporalSuperResolution/TSRDetectThinGeometry.usf" 2680
"../../../Engine/Shaders/Private/TemporalSuperResolution/TSRDilateVelocity.usf" 2681
"../../../Engine/Shaders/Private/MotionBlur/MotionBlurVelocityFlatten.ush" 2682
"../../../Engine/Shaders/Private/MotionBlur/MotionBlurCommon.ush" 2683
"../../../Engine/Shaders/Private/TemporalSuperResolution/TSRClearPrevTextures.usf" 2684
"../../../Engine/Shaders/Private/TemporalSuperResolution/TSRMeasureCoverage.usf" 2685
"../../../Engine/Shaders/Private/TemporalSuperResolution/TSRMeasureFlickeringLuma.usf" 2686
"../../../Engine/Shaders/Private/TemporalAA.usf" 2687
"../../../Engine/Shaders/Private/FilterPixelShader.usf" 2688
"../../../Engine/Shaders/Private/FilterVertexShader.usf" 2689
"../../../Engine/Shaders/Private/VisualizeVirtualTexture.usf" 2690
"../../../Engine/Shaders/Private/PostProcessVisualizeBuffer.usf" 2691
"../../../Engine/Shaders/Private/PostProcessVisualizeLocalExposure.usf" 2692
"../../../Engine/Shaders/Private/PostProcessHistogramCommon.ush" 2693
"../../../Engine/Shaders/Private/TonemapCommon.ush" 2694
"../../../Engine/Shaders/Private/ACES/ACESCommon.ush" 2695
"../../../Engine/Shaders/Private/ACES/ACESOutputTransform.ush" 2696
"../../../Engine/Shaders/Private/ACES/ACESUtilities.ush" 2697
"../../../Engine/Shaders/Private/ACES/ACESTonescale.ush" 2698
"../../../Engine/Shaders/Private/ACES/ACESDisplayEncoding.ush" 2699
"../../../Engine/Shaders/Private/ACES/ACES_v1.3.ush" 2700
"../../../Engine/Shaders/Private/PostProcessVisualizeLevelInstance.usf" 2701
"../../../Engine/Shaders/Private/PostProcessVisualizeHDR.usf" 2702
"../../../Engine/Shaders/Private/ShaderComplexityApplyPixelShader.usf" 2703
"../../../Engine/Shaders/Private/QuadOverdraw.ush" 2704
"../../../Engine/Shaders/Private/PostProcessUpscale.usf" 2705
"../../../Engine/Shaders/Private/PostProcessTonemap.usf" 2706
"../../../Engine/Shaders/Private/PostProcessing/FilmGrainPackConstants.usf" 2707
"../../../Engine/Shaders/Private/PostProcessing/FilmGrainReduce.usf" 2708
"../../../Engine/Shaders/Private/PostProcessTestImage.usf" 2709
"../../../Engine/Shaders/Private/PostProcessSubsurface.usf" 2710
"../../../Engine/Shaders/Private/SeparableSSS.ush" 2711
"../../../Engine/Shaders/Private/SubsurfaceBurleyNormalized.ush" 2712
"../../../Engine/Shaders/Private/PostProcessSelectionOutline.usf" 2713
"../../../Engine/Shaders/Private/MotionBlur/MotionBlurVisualize.usf" 2714
"../../../Engine/Shaders/Private/MotionBlur/MotionBlurApply.usf" 2715
"../../../Engine/Shaders/Private/MotionBlur/MotionBlurFilterTileClassify.usf" 2716
"../../../Engine/Shaders/Private/MotionBlur/MotionBlurTileScatter.usf" 2717
"../../../Engine/Shaders/Private/MotionBlur/MotionBlurTileGather.usf" 2718
"../../../Engine/Shaders/Private/MotionBlur/MotionBlurVelocityFlatten.usf" 2719
"../../../Engine/Shaders/Private/PostProcessMobile.usf" 2720
"../../../Engine/Shaders/Private/PostProcessMitchellNetravali.usf" 2721
"../../../Engine/Shaders/Private/PostProcessMaterialShaders.usf" 2722
"../../../Engine/Shaders/Private/NeuralPostProcessCommon.usf" 2723
"../../../Engine/Shaders/Private/PostProcessLocalExposure.usf" 2724
"../../../Engine/Shaders/Private/PostProcessLensFlares.usf" 2725
"../../../Engine/Shaders/Private/PostProcessGBufferHints.usf" 2726
"../../../Engine/Shaders/Private/PostProcessHMD.usf" 2727
"../../../Engine/Shaders/Private/Histogram.usf" 2728
"../../../Engine/Shaders/Private/PostProcessHistogramReduce.usf" 2729
"../../../Engine/Shaders/Private/PostProcessHistogram.usf" 2730
"../../../Engine/Shaders/Private/Bloom/BloomFinalizeApplyConstants.usf" 2731
"../../../Engine/Shaders/Private/Bloom/BloomCommon.ush" 2732
"../../../Engine/Shaders/Private/Bloom/BloomResizeKernel.usf" 2733
"../../../Engine/Shaders/Private/Bloom/BloomDownsampleKernel.usf" 2734
"../../../Engine/Shaders/Private/Bloom/BloomClampKernel.usf" 2735
"../../../Engine/Shaders/Private/Bloom/BloomPackKernelConstants.usf" 2736
"../../../Engine/Shaders/Private/Bloom/BloomSumScatterDispersionEnergy.usf" 2737
"../../../Engine/Shaders/Private/Bloom/BloomReduceKernelSurvey.usf" 2738
"../../../Engine/Shaders/Private/Bloom/BloomSurveyKernelCenterEnergy.usf" 2739
"../../../Engine/Shaders/Private/Bloom/BloomSurveyMaxScatterDispersion.usf" 2740
"../../../Engine/Shaders/Private/Bloom/BloomFindKernelCenter.usf" 2741
"../../../Engine/Shaders/Private/PostProcessEyeAdaptation.usf" 2742
"../../../Engine/Shaders/Private/TranslucencyVolumeCommon.ush" 2743
"../../../Engine/Shaders/Private/PostProcessEyeAdaptationUtils.usf" 2744
"../../../Engine/Shaders/Private/PostProcessDownsample.usf" 2745
"../../../Engine/Shaders/Private/PostProcessDOF.usf" 2746
"../../../Engine/Shaders/Private/PostProcessDeviceEncodingOnly.usf" 2747
"../../../Engine/Shaders/Private/PostProcessCompositePrimitives.usf" 2748
"../../../Engine/Shaders/Private/PostProcessCombineLUTs.usf" 2749
"../../../Engine/Shaders/Private/PostProcessVisualizeDOF.usf" 2750
"../../../Engine/Shaders/Private/PostProcessBloom.usf" 2751
"../../../Engine/Shaders/Private/PostProcessAmbientOcclusionMobile.usf" 2752
"../../../Engine/Shaders/Private/PostProcessAmbientOcclusionCommon.ush" 2753
"../../../Engine/Shaders/Private/FXAAShader.usf" 2754
"../../../Engine/Shaders/Private/Fxaa3_11.ush" 2755
"../../../Engine/Shaders/Private/PaniniProjection.usf" 2756
"../../../Engine/Shaders/Private/DiaphragmDOF/DOFRecombine.usf" 2757
"../../../Engine/Shaders/Private/DiaphragmDOF/DOFHybridScatterPixelShader.usf" 2758
"../../../Engine/Shaders/Private/DiaphragmDOF/DOFHybridScatterCommon.ush" 2759
"../../../Engine/Shaders/Private/DiaphragmDOF/DOFVignetteCommon.ush" 2760
"../../../Engine/Shaders/Private/DiaphragmDOF/DOFHybridScatterVertexShader.usf" 2761
"../../../Engine/Shaders/Private/DiaphragmDOF/DOFPostfiltering.usf" 2762
"../../../Engine/Shaders/Private/DiaphragmDOF/DOFGatherTileSuggest.ush" 2763
"../../../Engine/Shaders/Private/DiaphragmDOF/DOFCocTileCommon.ush" 2764
"../../../Engine/Shaders/Private/DiaphragmDOF/DOFGatherPass.usf" 2765
"../../../Engine/Shaders/Private/DiaphragmDOF/DOFGatherCommon.ush" 2766
"../../../Engine/Shaders/Private/DiaphragmDOF/DOFGatherAccumulator.ush" 2767
"../../../Engine/Shaders/Private/DiaphragmDOF/DOFGatherKernel.ush" 2768
"../../../Engine/Shaders/Private/DiaphragmDOF/DOFBokehLUT.usf" 2769
"../../../Engine/Shaders/Private/DiaphragmDOF/DOFHybridScatterCompilation.usf" 2770
"../../../Engine/Shaders/Private/DiaphragmDOF/DOFReduce.usf" 2771
"../../../Engine/Shaders/Private/DiaphragmDOF/DOFDownsample.ush" 2772
"../../../Engine/Shaders/Private/DiaphragmDOF/DOFHybridScatterCompilation.ush" 2773
"../../../Engine/Shaders/Private/DiaphragmDOF/DOFDownsample.usf" 2774
"../../../Engine/Shaders/Private/DiaphragmDOF/DOFCocTileDilate.usf" 2775
"../../../Engine/Shaders/Private/DiaphragmDOF/DOFCocTileFlatten.usf" 2776
"../../../Engine/Shaders/Private/DiaphragmDOF/DOFSetup.usf" 2777
"../../../Engine/Shaders/Private/Tools/DebugAlphaChannel.usf" 2778
"../../../Engine/Shaders/Private/PostProcessAlphaInvert.usf" 2779
"../../../Engine/Shaders/Private/PlanarReflectionShaders.usf" 2780
"../../../Engine/Shaders/Private/PhysicsFieldVisualizer.usf" 2781
"../../../Engine/Shaders/Private/PathTracing/PathTracingSpatialTemporalDenoising.usf" 2782
"../../../Engine/Shaders/Private/ColorDifference.ush" 2783
"../../../Engine/Shaders/Private/PathTracing/PathTracingCompositingPixelShader.usf" 2784
"../../../Engine/Shaders/Private/PathTracing/PathTracingAdaptiveUtils.ush" 2785
"../../../Engine/Shaders/Private/PathTracing/PathTracingDefaultHitShader.usf" 2786
"../../../Engine/Shaders/Private/PathTracing/PathTracingGPULightmassMaterialHitShader.usf" 2787
"../../../Engine/Shaders/Private/PathTracing/PathTracingMaterialHitShader.usf" 2788
"../../../Engine/Shaders/Private/PathTracing/Material/PathTracingSubstrateCommon.ush" 2789
"../../../Engine/Shaders/Private/PathTracing/PathTracingLightingMissShader.usf" 2790
"../../../Engine/Shaders/Private/PathTracing/PathTracingMissShader.usf" 2791
"../../../Engine/Shaders/Private/PathTracing/PathTracingAdaptiveStart.usf" 2792
"../../../Engine/Shaders/Private/PathTracing/PathTracingBuildAdaptiveError.usf" 2793
"../../../Engine/Shaders/Private/PathTracing/PathTracingVolumetricCloudMaterialShader.usf" 2794
"../../../Engine/Shaders/Private/PathTracing/Volume/PathTracingCloudsMaterialCommon.ush" 2795
"../../../Engine/Shaders/Private/PathTracing/Volume/PathTracingVolumeCommon.ush" 2796
"../../../Engine/Shaders/Private/PathTracing/Volume/PathTracingCloudsCommon.ush" 2797
"../../../Engine/Shaders/Private/PathTracing/Volume/PathTracingFog.ush" 2798
"../../../Engine/Shaders/Private/PathTracing/Volume/PathTracingAtmosphere.ush" 2799
"../../../Engine/Shaders/Private/PathTracing/Volume/PathTracingAtmosphereCommon.ush" 2800
"../../../Engine/Shaders/Private/PathTracing/Volume/PathTracingVolumeSampling.ush" 2801
"../../../Engine/Shaders/Private/PathTracing/PathTracingBuildCloudAccelerationMap.usf" 2802
"../../../Engine/Shaders/Private/PathTracing/PathTracingBuildAtmosphereLUT.usf" 2803
"../../../Engine/Shaders/Private/PathTracing/PathTracingSwizzleScanlines.usf" 2804
"../../../Engine/Shaders/Private/PathTracing/PathTracingInitExtinctionCoefficient.usf" 2805
"../../../Engine/Shaders/Private/PathTracing/PathTracingCopyDepth.usf" 2806
"../../../Engine/Shaders/Private/PathTracing/PathTracingDebug.usf" 2807
"../../../Engine/Shaders/Private/RayTracing/RayTracingDecalGrid.ush" 2808
"../../../Engine/Shaders/Private/PathTracing/Material/PathTracingMaterialSampling.ush" 2809
"../../../Engine/Shaders/Private/PathTracing/Material/PathTracingLambert.ush" 2810
"../../../Engine/Shaders/Private/PathTracing/Material/PathTracingSubstrate.ush" 2811
"../../../Engine/Shaders/Private/PathTracing/Material/PathTracingSubstrateFoliage.ush" 2812
"../../../Engine/Shaders/Private/PathTracing/Material/PathTracingSubstrateSolidGlass.ush" 2813
"../../../Engine/Shaders/Private/PathTracing/Material/PathTracingSubstrateThinGlass.ush" 2814
"../../../Engine/Shaders/Private/PathTracing/Material/PathTracingSolidGlass.ush" 2815
"../../../Engine/Shaders/Private/PathTracing/Material/PathTracingEnergyConservation.ush" 2816
"../../../Engine/Shaders/Private/PathTracing/Material/PathTracingThinGlass.ush" 2817
"../../../Engine/Shaders/Private/PathTracing/Material/PathTracingDefaultLit.ush" 2818
"../../../Engine/Shaders/Private/PathTracing/Material/PathTracingClearCoat.ush" 2819
"../../../Engine/Shaders/Private/PathTracing/Material/PathTracingTwoSidedFoliage.ush" 2820
"../../../Engine/Shaders/Private/PathTracing/Material/PathTracingCloth.ush" 2821
"../../../Engine/Shaders/Private/PathTracing/Material/PathTracingSubsurfaceProfile.ush" 2822
"../../../Engine/Shaders/Private/PathTracing/Material/PathTracingEye.ush" 2823
"../../../Engine/Shaders/Private/PathTracing/Material/PathTracingHair.ush" 2824
"../../../Engine/Shaders/Private/PathTracing/Material/PathTracingMedium.ush" 2825
"../../../Engine/Shaders/Private/PathTracing/Light/PathTracingLightSampling.ush" 2826
"../../../Engine/Shaders/Private/PathTracing/Light/PathTracingLightCommon.ush" 2827
"../../../Engine/Shaders/Private/PathTracing/Light/PathTracingDirectionalLight.ush" 2828
"../../../Engine/Shaders/Private/PathTracing/Light/PathTracingPointLight.ush" 2829
"../../../Engine/Shaders/Private/PathTracing/Light/PathTracingCapsuleLight.ush" 2830
"../../../Engine/Shaders/Private/PathTracing/Light/PathTracingRectLight.ush" 2831
"../../../Engine/Shaders/Private/PathTracing/Light/PathTracingSkyLight.ush" 2832
"../../../Engine/Shaders/Private/PathTracing/Light/PathTracingLightGrid.ush" 2833
"../../../Engine/Shaders/Private/PathTracing/PathTracing.usf" 2834
"../../../Engine/Shaders/Private/PathTracing/PathTracingCore.ush" 2835
"../../../Engine/Shaders/Private/HeterogeneousVolumes/HeterogeneousVolumesVoxelGridTypes.ush" 2836
"../../../Engine/Shaders/Private/PathTracing/Volume/PathTracingVolume.ush" 2837
"../../../Engine/Shaders/Private/PathTracing/Volume/PathTracingClouds.ush" 2838
"../../../Engine/Shaders/Private/PathTracing/Volume/PathTracingHeterogeneousVolumes.ush" 2839
"../../../Engine/Shaders/Private/HeterogeneousVolumes/HeterogeneousVolumesVoxelGridTraversal.ush" 2840
"../../../Engine/Shaders/Private/HeterogeneousVolumes/HeterogeneousVolumesVoxelGridUtils.ush" 2841
"../../../Engine/Shaders/Private/HeterogeneousVolumes/HeterogeneousVolumesFrustumVoxelGridUtils.ush" 2842
"../../../Engine/Shaders/Private/PathTracing/PathTracingBuildLightGrid.usf" 2843
"../../../Engine/Shaders/Private/PathTracing/PathTracingSkylightMISCompensation.usf" 2844
"../../../Engine/Shaders/Private/PathTracing/PathTracingSkylightPrepare.usf" 2845
"../../../Engine/Shaders/Private/OIT/OITSorting.usf" 2846
"../../../Engine/Shaders/Private/OITCombine.usf" 2847
"../../../Engine/Shaders/Private/OITCommon.ush" 2848
"../../../Engine/Shaders/Private/Nanite/Voxel/RasterizeBricks.usf" 2849
"../../../Engine/Shaders/Private/Nanite/Voxel/Brick.ush" 2850
"../../../Engine/Shaders/Private/Nanite/Voxel/Voxel.ush" 2851
"../../../Engine/Shaders/Private/Nanite/Voxel/ScatterBricks.usf" 2852
"../../../Engine/Shaders/Private/Nanite/Voxel/TileBricks.usf" 2853
"../../../Engine/Shaders/Private/Nanite/Voxel/AutoVoxel.usf" 2854
"../../../Engine/Shaders/Private/Nanite/NaniteDebugViews.usf" 2855
"../../../Engine/Shaders/Private/Nanite/NaniteEditorCommon.ush" 2856
"../../../Engine/Shaders/Private/BinarySearch.ush" 2857
"../../../Engine/Shaders/Private/Nanite/NaniteDepthDecode.usf" 2858
"../../../Engine/Shaders/Private/HTileEncoding.ush" 2859
"../../../Engine/Shaders/Private/Nanite/NaniteVisualize.usf" 2860
"../../../Engine/Shaders/Private/Nanite/NaniteStreamOut.usf" 2861
"../../../Engine/Shaders/Private/Nanite/NaniteHierarchyTraversal.ush" 2862
"../../../Engine/Shaders/Private/Nanite/NaniteSkinningUpdateViewData.usf" 2863
"../../../Engine/Shaders/Private/Skinning/TransformProviders.usf" 2864
"../../../Engine/Shaders/Private/Nanite/NaniteShadeBinning.usf" 2865
"../../../Engine/Shaders/Private/Nanite/NaniteShadeCommon.ush" 2866
"../../../Engine/Shaders/Private/Nanite/NaniteFastClear.usf" 2867
"../../../Engine/Shaders/Private/Nanite/NaniteExportGBuffer.usf" 2868
"../../../Engine/Shaders/Private/Nanite/NaniteClusterCulling.usf" 2869
"../../../Engine/Shaders/Private/Nanite/NanitePrintStats.usf" 2870
"../../../Engine/Shaders/Private/Nanite/NaniteRasterizer.usf" 2871
"../../../Engine/Shaders/Private/Nanite/NaniteRasterizationCommon.ush" 2872
"../../../Engine/Shaders/Private/Nanite/NaniteRasterizer.ush" 2873
"../../../Engine/Shaders/Private/Nanite/NaniteWritePixel.ush" 2874
"../../../Engine/Shaders/Private/Nanite/NaniteTessellation.ush" 2875
"../../../Engine/Shaders/Private/WorkDistribution.ush" 2876
"../../../Engine/Shaders/Private/Nanite/NaniteDice.ush" 2877
"../../../Engine/Shaders/Private/ShaderBundleWorkGraphCommon.ush" 2878
"../../../Engine/Shaders/Public/RootConstants.ush" 2879
"../../../Engine/Shaders/Public/Platform/D3D/D3DRootConstants.ush" 2880
"../../../Engine/Shaders/Private/Nanite/NaniteSplit.usf" 2881
"../../../Engine/Shaders/Private/Nanite/NaniteRasterBinning.usf" 2882
"../../../Engine/Shaders/Private/Nanite/NaniteInstanceCulling.usf" 2883
"../../../Engine/Shaders/Private/Nanite/NaniteImposter.ush" 2884
"../../../Engine/Shaders/Private/Nanite/NaniteInstanceHierarchyCulling.usf" 2885
"../../../Engine/Shaders/Private/WorkGroupLoadBalancer.ush" 2886
"../../../Engine/Shaders/Private/Nanite/NanitePrimitiveFilter.usf" 2887
"../../../Engine/Shaders/Private/Nanite/NaniteRasterClear.usf" 2888
"../../../Engine/Shaders/Private/Nanite/NaniteDepthExport.usf" 2889
"../../../Engine/Shaders/Private/Nanite/NaniteEmitShadow.usf" 2890
"../../../Engine/Shaders/Private/MobileDeferredUtils.usf" 2891
"../../../Engine/Shaders/Private/MobileLocalLightsBuffer.usf" 2892
"../../../Engine/Shaders/Private/MobileFog.usf" 2893
"../../../Engine/Shaders/Private/DistortApplyScreenPS.usf" 2894
"../../../Engine/Shaders/Private/MobileDeferredShading.usf" 2895
"../../../Engine/Shaders/Private/MobileBasePassPixelShader.usf" 2896
"../../../Engine/Shaders/Private/MobileBasePassCommon.ush" 2897
"../../../Engine/Shaders/Private/BasePassCommon.ush" 2898
"../../../Engine/Shaders/Private/ShadingModelsMaterial.ush" 2899
"../../../Engine/Shaders/Private/ThinTranslucentCommon.ush" 2900
"../../../Engine/Shaders/Private/SingleLayerWaterShading.ush" 2901
"../../../Engine/Shaders/Private/DistortionCommon.ush" 2902
"../../../Engine/Shaders/Private/Substrate/SubstrateMobileForwardLighting.ush" 2903
"../../../Engine/Shaders/Private/MobileBasePassVertexShader.usf" 2904
"../../../Engine/Shaders/Private/MeshEdges.usf" 2905
"../../../Engine/Shaders/Private/MegaLights/MegaLightsVSMTracing.usf" 2906
"../../../Engine/Shaders/Private/MegaLights/MegaLights.ush" 2907
"../../../Engine/Shaders/Shared/MegaLightsDefinitions.h" 2908
"../../../Engine/Shaders/Private/HairStrands/HairStrandsVisibilityUtils.ush" 2909
"../../../Engine/Shaders/Private/MegaLights/MegaLightsRayTracing.ush" 2910
"../../../Engine/Shaders/Private/MegaLights/MegaLightsRayTracing.usf" 2911
"../../../Engine/Shaders/Private/DistanceField/GlobalDistanceFieldUtils.ush" 2912
"../../../Engine/Shaders/Private/Lumen/LumenScreenTracing.ush" 2913
"../../../Engine/Shaders/Private/MegaLights/MegaLightsVolumeRayTracing.usf" 2914
"../../../Engine/Shaders/Private/MegaLights/MegaLightsVolume.ush" 2915
"../../../Engine/Shaders/Private/MegaLights/MegaLightsVolumeHardwareRayTracing.usf" 2916
"../../../Engine/Shaders/Private/Lumen/LumenHardwareRayTracingCommon.ush" 2917
"../../../Engine/Shaders/Private/RayTracing/RayTracingReflectionEnvironment.ush" 2918
"../../../Engine/Shaders/Private/Lumen/LumenHardwareRayTracingPlatformCommon.ush" 2919
"../../../Engine/Shaders/Private/Lumen/LumenReflectionsCombine.ush" 2920
"../../../Engine/Shaders/Private/Lumen/LumenTracingCommon.ush" 2921
"../../../Engine/Shaders/Private/Lumen/SurfaceCache/LumenSurfaceCacheSampling.ush" 2922
"../../../Engine/Shaders/Private/Lumen/SurfaceCache/LumenSurfaceCache.ush" 2923
"../../../Engine/Shaders/Private/Lumen/LumenCardCommon.ush" 2924
"../../../Engine/Shaders/Private/Lumen/LumenCardTileShadowDownsampleFactor.ush" 2925
"../../../Engine/Shaders/Private/MegaLights/MegaLightsHardwareRayTracing.usf" 2926
"../../../Engine/Shaders/Private/MegaLights/MegaLights.usf" 2927
"../../../Engine/Shaders/Private/MegaLights/MegaLightsShading.ush" 2928
"../../../Engine/Shaders/Private/MegaLights/MegaLightsFilterVisibleLightHash.usf" 2929
"../../../Engine/Shaders/Private/MegaLights/MegaLightsDenoiserSpatial.usf" 2930
"../../../Engine/Shaders/Private/Lumen/LumenReflectionDenoiserCommon.ush" 2931
"../../../Engine/Shaders/Private/MegaLights/MegaLightsDenoiserTemporal.usf" 2932
"../../../Engine/Shaders/Private/MegaLights/MegaLightsShading.usf" 2933
"../../../Engine/Shaders/Private/StochasticLighting/StochasticLightingUpsample.ush" 2934
"../../../Engine/Shaders/Private/MegaLights/MegaLightsVisibleLightHash.usf" 2935
"../../../Engine/Shaders/Private/MegaLights/MegaLightsVolumeShading.usf" 2936
"../../../Engine/Shaders/Private/MegaLights/MegaLightsSampling.usf" 2937
"../../../Engine/Shaders/Private/MegaLights/MegaLightsSampling.ush" 2938
"../../../Engine/Shaders/Private/MegaLights/MegaLightsVolumeSampling.usf" 2939
"../../../Engine/Shaders/Private/MaterialCache/MaterialCacheABufferPages.usf" 2940
"../../../Engine/Shaders/Private/MaterialCache/MaterialCacheShade.usf" 2941
"../../../Engine/Shaders/Private/MaterialCache/MaterialCacheUnwrapNaniteShade.usf" 2942
"../../../Engine/Shaders/Private/MaterialCache/MaterialCacheUnwrapPixelShader.usf" 2943
"../../../Engine/Shaders/Private/MaterialCache/MaterialCacheUnwrapVertexShader.usf" 2944
"../../../Engine/Shaders/Private/Lumen/LumenVisualizeRadianceCache.usf" 2945
"../../../Engine/Shaders/Private/Lumen/LumenRadianceCacheCommon.ush" 2946
"../../../Engine/Shaders/Private/Lumen/LumenVisualizeHardwareRayTracing.usf" 2947
"../../../Engine/Shaders/Private/Lumen/LumenVisualize.ush" 2948
"../../../Engine/Shaders/Private/Lumen/LumenHairTracing.ush" 2949
"../../../Engine/Shaders/Private/Lumen/LumenVisualize.usf" 2950
"../../../Engine/Shaders/Private/Lumen/LumenSoftwareRayTracing.ush" 2951
"../../../Engine/Shaders/Private/DistanceField/GlobalDistanceFieldObjectGrid.ush" 2952
"../../../Engine/Shaders/Private/DistanceFieldLightingShared.ush" 2953
"../../../Engine/Shaders/Private/Lumen/LumenVisualizeTraces.ush" 2954
"../../../Engine/Shaders/Private/Lumen/LumenTranslucencyVolumeLighting.usf" 2955
"../../../Engine/Shaders/Private/Lumen/LumenRadianceCacheMarkCommon.ush" 2956
"../../../Engine/Shaders/Private/Lumen/LumenTranslucencyVolumeLightingShared.ush" 2957
"../../../Engine/Shaders/Private/Lumen/LumenScreenProbeCommon.ush" 2958
"../../../Engine/Shaders/Private/RayTracing/RayGenUtils.ush" 2959
"../../../Engine/Shaders/Private/Lumen/LumenRadianceCacheTracingCommon.ush" 2960
"../../../Engine/Shaders/Private/Lumen/LumenTranslucencyVolumeHardwareRayTracing.usf" 2961
"../../../Engine/Shaders/Private/Lumen/LumenTranslucencyRadianceCacheMarkShaders.usf" 2962
"../../../Engine/Shaders/Private/Lumen/SurfaceCache/LumenSurfaceCache.usf" 2963
"../../../Engine/Shaders/Private/Lumen/LumenShortRangeAOHardwareRayTracing.usf" 2964
"../../../Engine/Shaders/Private/Lumen/LumenScreenSpaceBentNormal.ush" 2965
"../../../Engine/Shaders/Private/Lumen/LumenScreenSpaceBentNormal.usf" 2966
"../../../Engine/Shaders/Private/Lumen/LumenScreenProbeTracing.usf" 2967
"../../../Engine/Shaders/Private/Lumen/LumenScreenProbeTracingCommon.ush" 2968
"../../../Engine/Shaders/Private/Lumen/LumenFloatQuantization.ush" 2969
"../../../Engine/Shaders/Private/Lumen/LumenScreenProbeImportanceSampling.usf" 2970
"../../../Engine/Shaders/Private/Lumen/LumenScreenProbeImportanceSamplingShared.ush" 2971
"../../../Engine/Shaders/Private/Lumen/LumenScreenProbeHardwareRayTracing.usf" 2972
"../../../Engine/Shaders/Private/Lumen/LumenScreenProbeDebug.usf" 2973
"../../../Engine/Shaders/Private/Lumen/LumenScreenProbeGather.usf" 2974
"../../../Engine/Shaders/Private/Lumen/LumenScreenProbeGatherTemporal.usf" 2975
"../../../Engine/Shaders/Private/Lumen/LumenScreenProbeFiltering.usf" 2976
"../../../Engine/Shaders/Private/Lumen/LumenSceneLighting.usf" 2977
"../../../Engine/Shaders/Private/Lumen/LumenCardTile.ush" 2978
"../../../Engine/Shaders/Private/Lumen/LumenSceneLighting.ush" 2979
"../../../Engine/Shaders/Private/Lumen/Radiosity/LumenRadiosity.ush" 2980
"../../../Engine/Shaders/Private/Lumen/LumenSceneLightingDebug.usf" 2981
"../../../Engine/Shaders/Private/Lumen/LumenScene.usf" 2982
"../../../Engine/Shaders/Private/Lumen/LumenSceneDirectLightingHardwareRayTracing.usf" 2983
"../../../Engine/Shaders/Private/Lumen/LumenSceneDirectLightingStochastic.ush" 2984
"../../../Engine/Shaders/Private/Lumen/LumenReflectionCommon.ush" 2985
"../../../Engine/Shaders/Private/Lumen/LumenSceneDirectLighting.ush" 2986
"../../../Engine/Shaders/Private/Lumen/LumenSceneDebugHardwareRayTracing.usf" 2987
"../../../Engine/Shaders/Private/Lumen/LumenSceneDirectLightingStochastic.usf" 2988
"../../../Engine/Shaders/Private/Lumen/LumenSceneDirectLightingSoftwareRayTracing.usf" 2989
"../../../Engine/Shaders/Private/DistanceFieldShadowingShared.ush" 2990
"../../../Engine/Shaders/Private/Lumen/LumenSceneDirectLightingPerLightShadowCommon.ush" 2991
"../../../Engine/Shaders/Private/Lumen/LumenSceneDirectLightingShadowMask.usf" 2992
"../../../Engine/Shaders/Private/Lumen/LumenSceneDirectLighting.usf" 2993
"../../../Engine/Shaders/Private/Lumen/LumenSceneDirectLightingCulling.usf" 2994
"../../../Engine/Shaders/Private/Lumen/LumenCardComputeShader.usf" 2995
"../../../Engine/Shaders/Private/Lumen/LumenCardBasePass.ush" 2996
"../../../Engine/Shaders/Private/Lumen/LumenCardPixelShader.usf" 2997
"../../../Engine/Shaders/Private/Lumen/LumenCardVertexShader.usf" 2998
"../../../Engine/Shaders/Private/Lumen/LumenReSTIRGather.usf" 2999
"../../../Engine/Shaders/Private/Lumen/LumenReflectionTracing.usf" 3000
"../../../Engine/Shaders/Private/Lumen/LumenReflectionDenoiserSpatial.usf" 3001
"../../../Engine/Shaders/Private/Lumen/LumenReflectionDenoiserClear.usf" 3002
"../../../Engine/Shaders/Private/Lumen/LumenReflectionDenoiserTemporal.usf" 3003
"../../../Engine/Shaders/Private/Lumen/LumenReflectionResolve.usf" 3004
"../../../Engine/Shaders/Private/Lumen/LumenReflections.usf" 3005
"../../../Engine/Shaders/Private/Lumen/RayTracedTranslucency.usf" 3006
"../../../Engine/Shaders/Private/Lumen/LumenReflectionHardwareRayTracing.usf" 3007
"../../../Engine/Shaders/Private/Lumen/Radiosity/LumenVisualizeRadiosityProbes.usf" 3008
"../../../Engine/Shaders/Private/Lumen/Radiosity/LumenRadiosity.usf" 3009
"../../../Engine/Shaders/Private/Lumen/Radiosity/LumenRadiosityHardwareRayTracing.usf" 3010
"../../../Engine/Shaders/Private/Lumen/Radiosity/LumenRadiosityCulling.usf" 3011
"../../../Engine/Shaders/Private/Lumen/LumenRadianceCacheHardwareRayTracing.usf" 3012
"../../../Engine/Shaders/Private/Lumen/LumenRadianceCache.usf" 3013
"../../../Engine/Shaders/Private/Lumen/LumenRadianceCacheUpdate.ush" 3014
"../../../Engine/Shaders/Private/Lumen/LumenRadianceCacheDebug.usf" 3015
"../../../Engine/Shaders/Private/Lumen/LumenRadianceCacheUpdate.usf" 3016
"../../../Engine/Shaders/Private/Lumen/LumenMeshSDFCulling.usf" 3017
"../../../Engine/Shaders/Private/HybridIndirectLighting.ush" 3018
"../../../Engine/Shaders/Private/MeshDistanceFieldCommon.ush" 3019
"../../../Engine/Shaders/Private/Lumen/LumenIrradianceFieldGather.usf" 3020
"../../../Engine/Shaders/Private/Lumen/LumenHardwareRayTracingMaterials.usf" 3021
"../../../Engine/Shaders/Private/Lumen/LumenFrontLayerTranslucency.usf" 3022
"../../../Engine/Shaders/Private/LocalFogVolumes/LocalFogVolumeSplat.usf" 3023
"../../../Engine/Shaders/Private/LocalFogVolumes/LocalFogVolumeTiledCulling.usf" 3024
"../../../Engine/Shaders/Private/LightShaftShader.usf" 3025
"../../../Engine/Shaders/Private/StationaryLightOverlapShaders.usf" 3026
"../../../Engine/Shaders/Private/DeferredLightPixelShaders.usf" 3027
"../../../Engine/Shaders/Private/DeferredLightVertexShaders.usf" 3028
"../../../Engine/Shaders/Private/LightMapDensityShader.usf" 3029
"../../../Engine/Shaders/Private/LightGridInjection.usf" 3030
"../../../Engine/Shaders/Shared/LightGridDefinitions.h" 3031
"../../../Engine/Shaders/Private/LightFunctionPixelShader.usf" 3032
"../../../Engine/Shaders/Private/LightFunctionVertexShader.usf" 3033
"../../../Engine/Shaders/Private/LightFunctionAtlas/LightFunctionAtlasRender.usf" 3034
"../../../Engine/Shaders/Private/InstanceCulling/InstanceCullingOcclusionQuery.usf" 3035
"../../../Engine/Shaders/Private/InstanceCulling/InstanceCullingSetup.ush" 3036
"../../../Engine/Shaders/Private/InstanceCulling/BuildInstanceDrawCommands.usf" 3037
"../../../Engine/Shaders/Private/InstanceCulling/InstanceCompactionCommon.ush" 3038
"../../../Engine/Shaders/Private/SceneDataMobileWriter.ush" 3039
"../../../Engine/Shaders/Private/InstanceCulling/CompactVisibleInstances.usf" 3040
"../../../Engine/Shaders/Private/ReflectionEnvironmentPixelShader.usf" 3041
"../../../Engine/Shaders/Private/AmbientCubemapComposite.usf" 3042
"../../../Engine/Shaders/Private/DiffuseIndirectComposite.usf" 3043
"../../../Engine/Shaders/Private/IESAtlas.usf" 3044
"../../../Engine/Shaders/Private/HeterogeneousVolumes/HeterogeneousVolumesVoxelGridShadows.usf" 3045
"../../../Engine/Shaders/Private/HeterogeneousVolumes/HeterogeneousVolumesStochasticFiltering.ush" 3046
"../../../Engine/Shaders/Private/HeterogeneousVolumes/HeterogeneousVolumesVoxelGridRenderingUtils.ush" 3047
"../../../Engine/Shaders/Private/HeterogeneousVolumes/HeterogeneousVolumesLightingUtils.ush" 3048
"../../../Engine/Shaders/Private/HeterogeneousVolumes/HeterogeneousVolumesVoxelGridRendering.usf" 3049
"../../../Engine/Shaders/Private/HeterogeneousVolumes/HeterogeneousVolumesVoxelGridPipeline.usf" 3050
"../../../Engine/Shaders/Private/HeterogeneousVolumes/HeterogeneousVolumesMaterialBakingPipeline.usf" 3051
"../../../Engine/Shaders/Private/HeterogeneousVolumes/HeterogeneousVolumesLiveShadingUtils.ush" 3052
"../../../Engine/Shaders/Private/HeterogeneousVolumes/HeterogeneousVolumesFrustumVoxelGrid.usf" 3053
"../../../Engine/Shaders/Private/HeterogeneousVolumes/HeterogeneousVolumesSparseVoxelPipeline.usf" 3054
"../../../Engine/Shaders/Private/HeterogeneousVolumes/HeterogeneousVolumesSparseVoxelUtils.ush" 3055
"../../../Engine/Shaders/Private/HeterogeneousVolumes/HeterogeneousVolumesSparseVoxelUniformBufferUtils.ush" 3056
"../../../Engine/Shaders/Private/HeterogeneousVolumes/HeterogeneousVolumesPreshadingPipeline.usf" 3057
"../../../Engine/Shaders/Private/HeterogeneousVolumes/HeterogeneousVolumesLiveShadingShadows.usf" 3058
"../../../Engine/Shaders/Private/HeterogeneousVolumes/HeterogeneousVolumesLiveShadingGlobalPipeline.usf" 3059
"../../../Engine/Shaders/Private/HeterogeneousVolumes/HeterogeneousVolumesLiveShadingPipeline.usf" 3060
"../../../Engine/Shaders/Private/HeterogeneousVolumes/HeterogeneousVolumesHardwareRayTracing.usf" 3061
"../../../Engine/Shaders/Private/HeterogeneousVolumes/HeterogeneousVolumesAmbientOcclusionPipeline.usf" 3062
"../../../Engine/Shaders/Private/HeterogeneousVolumes/HeterogeneousVolumesComposite.usf" 3063
"../../../Engine/Shaders/Private/HdrCustomResolveShaders.usf" 3064
"../../../Engine/Shaders/Private/HairStrands/RenderCurveRaster.usf" 3065
"../../../Engine/Shaders/Private/HairStrands/HairStrandsVoxelRasterCompute.usf" 3066
"../../../Engine/Shaders/Private/HairStrands/HairStrandsHitProxy.usf" 3067
"../../../Engine/Shaders/Private/HairStrands/HairStrandsVisibilityRasterComputeNaive.usf" 3068
"../../../Engine/Shaders/Private/HairStrands/HairStrandsVisibilityRasterHW.usf" 3069
"../../../Engine/Shaders/Private/HairStrands/HairStrandsVisibilityRasterCompute.usf" 3070
"../../../Engine/Shaders/Private/HairStrands/HairStrandsVisibilityRasterClassification.usf" 3071
"../../../Engine/Shaders/Private/HairStrands/HairStrandsCoverage.usf" 3072
"../../../Engine/Shaders/Private/HairStrands/HairStrandsVisibilityDepthPS.usf" 3073
"../../../Engine/Shaders/Private/HairStrands/HairStrandsVisibilityTransmittanceDepthPS.usf" 3074
"../../../Engine/Shaders/Private/HairStrands/HairStrandsVisibilityFillOpaqueDepthPS.usf" 3075
"../../../Engine/Shaders/Private/HairStrands/HairStrandsVisibilityCompactionComputeRaster.usf" 3076
"../../../Engine/Shaders/Private/HairStrands/HairStrandsVisibilityCompaction.usf" 3077
"../../../Engine/Shaders/Private/HairStrands/HairStrandsVisibilityCopyIndirectArg.usf" 3078
"../../../Engine/Shaders/Private/HairStrands/HairStrandsVisibilityClearPS.usf" 3079
"../../../Engine/Shaders/Private/HairStrands/HairStrandsVisibilityPS.usf" 3080
"../../../Engine/Shaders/Private/HairStrands/HairStrandsVisibilityVS.usf" 3081
"../../../Engine/Shaders/Private/HairStrands/HairStrandsVelocity.usf" 3082
"../../../Engine/Shaders/Private/HairStrands/HairStrandsVisibilityComputeSampleCoverage.usf" 3083
"../../../Engine/Shaders/Private/HairStrands/HairStrandsMaterialPS.usf" 3084
"../../../Engine/Shaders/Private/HairStrands/HairStrandsMaterialCommon.ush" 3085
"../../../Engine/Shaders/Private/HairStrands/HairStrandsMaterialVS.usf" 3086
"../../../Engine/Shaders/Private/HairStrands/HairStrandsLightSample.usf" 3087
"../../../Engine/Shaders/Private/HairStrands/HairStrandsDeepShadowMask.usf" 3088
"../../../Engine/Shaders/Private/HairStrands/HairStrandsDeepTransmittanceMask.usf" 3089
"../../../Engine/Shaders/Private/HairStrands/HairStrandsVisibilityTile.usf" 3090
"../../../Engine/Shaders/Private/HairStrands/HairStrandsDeepShadowPS.usf" 3091
"../../../Engine/Shaders/Private/HairStrands/HairStrandsDeepShadowVS.usf" 3092
"../../../Engine/Shaders/Private/HairStrands/HairStrandsAABB.usf" 3093
"../../../Engine/Shaders/Private/HairStrands/HairStrandsLUT.usf" 3094
"../../../Engine/Shaders/Private/HairStrands/HairStrandsForwardRaster.usf" 3095
"../../../Engine/Shaders/Private/HairStrands/HairStrandsForwardCulling.usf" 3096
"../../../Engine/Shaders/Private/HairStrands/HairStrandsEnvironmentLighting.usf" 3097
"../../../Engine/Shaders/Private/HairStrands/HairStrandsEnvironmentAO.usf" 3098
"../../../Engine/Shaders/Private/HairStrands/HairStrandsDeepShadowAllocation.usf" 3099
"../../../Engine/Shaders/Private/HairStrands/HairStrandsVoxelDebug.usf" 3100
"../../../Engine/Shaders/Private/HairStrands/HairStrandsComposition.usf" 3101
"../../../Engine/Shaders/Private/HairStrands/HairStrandsGBufferCommon.ush" 3102
"../../../Engine/Shaders/Private/GPUScene/GPUSceneDataManagement.usf" 3103
"../../../Engine/Shaders/Private/GPUSceneDebugRender.usf" 3104
"../../../Engine/Shaders/Private/GPUFeedbackCompaction.usf" 3105
"../../../Engine/Shaders/Private/GPUFastFourierTransform.usf" 3106
"../../../Engine/Shaders/Private/GPUFastFourierTransform2DCore.ush" 3107
"../../../Engine/Shaders/Private/GPUFastFourierTransformCore.ush" 3108
"../../../Engine/Shaders/Private/GPUBenchmark.usf" 3109
"../../../Engine/Shaders/Private/DistanceField/GlobalDistanceFieldDebug.usf" 3110
"../../../Engine/Shaders/Private/DistanceField/GlobalDistanceFieldUpdate.ush" 3111
"../../../Engine/Shaders/Private/DistanceField/GlobalDistanceFieldMip.usf" 3112
"../../../Engine/Shaders/Private/DistanceField/GlobalDistanceField.usf" 3113
"../../../Engine/Shaders/Private/DistanceField/GlobalDistanceFieldCompositeObjects.usf" 3114
"../../../Engine/Shaders/Private/DistanceField/GlobalDistanceFieldHeightfields.usf" 3115
"../../../Engine/Shaders/Private/HeightfieldLightingShared.ush" 3116
"../../../Engine/Shaders/Private/GenerateConservativeDepth.usf" 3117
"../../../Engine/Shaders/Private/HeightFogPixelShader.usf" 3118
"../../../Engine/Shaders/Private/HeightFogVertexShader.usf" 3119
"../../../Engine/Shaders/Private/DistortFiltering.usf" 3120
"../../../Engine/Shaders/Private/DistortAccumulatePS.usf" 3121
"../../../Engine/Shaders/Private/DistortAccumulateVS.usf" 3122
"../../../Engine/Shaders/Private/DistanceFieldVisualization.usf" 3123
"../../../Engine/Shaders/Private/DistanceFieldStreaming.usf" 3124
"../../../Engine/Shaders/Private/DistanceFieldShadowing.usf" 3125
"../../../Engine/Shaders/Private/DistanceFieldScreenGridLighting.usf" 3126
"../../../Engine/Shaders/Private/DistanceFieldObjectCulling.usf" 3127
"../../../Engine/Shaders/Private/DistanceFieldLightingPost.usf" 3128
"../../../Engine/Shaders/Private/DitheredTransitionStencil.usf" 3129
"../../../Engine/Shaders/Private/CopyDepthTexture.usf" 3130
"../../../Engine/Shaders/Private/CopyDepthTextureCS.usf" 3131
"../../../Engine/Shaders/Private/DeferredDecal.usf" 3132
"../../../Engine/Shaders/Private/DecalCommon.ush" 3133
"../../../Engine/Shaders/Private/DebugViewModeVertexShader.usf" 3134
"../../../Engine/Shaders/Private/DebugViewModeCommon.ush" 3135
"../../../Engine/Shaders/Private/DebugViewModePixelShader.usf" 3136
"../../../Engine/Shaders/Private/DebugProbes.usf" 3137
"../../../Engine/Shaders/Private/MeshDecals.usf" 3138
"../../../Engine/Shaders/Private/PostProcessAmbientOcclusion.usf" 3139
"../../../Engine/Shaders/Private/ClusteredDeferredShadingPixelShader.usf" 3140
"../../../Engine/Shaders/Private/ClusteredDeferredShadingVertexShader.usf" 3141
"../../../Engine/Shaders/Private/CapsuleShadowShaders.usf" 3142
"../../../Engine/Shaders/Private/BasePassPixelShader.usf" 3143
"../../../Engine/Shaders/Private/ForwardLightingCommon.ush" 3144
"../../../Engine/Shaders/Private/Substrate/SubstrateForwardLighting.ush" 3145
"../../../Engine/Shaders/Private/ComputeShaderOutputCommon.ush" 3146
"../../../Engine/Shaders/Private/BasePassVertexShader.usf" 3147
"../../../Engine/Shaders/Private/BasePassVertexCommon.ush" 3148
"../../../Engine/Shaders/Private/SimpleElementVolumeTexturePreviewPixelShader.usf" 3149
"../../../Engine/Shaders/Private/SimpleElementTexture2DPreviewPixelShader.usf" 3150
"../../../Engine/Shaders/Private/meshpaintdilatepixelshader.usf" 3151
"../../../Engine/Shaders/Private/meshpaintdilatevertexshader.usf" 3152
"../../../Engine/Shaders/Private/MeshPaintPixelShader.usf" 3153
"../../../Engine/Shaders/Private/MeshPaintVertexShader.usf" 3154
"../../../Engine/Shaders/Private/SlateElementPixelShader.usf" 3155
"../../../Engine/Shaders/Private/SlateShaderCommon.ush" 3156
"../../../Engine/Shaders/Private/SlateMaskingShader.usf" 3157
"../../../Engine/Shaders/Private/SlateVertexShader.usf" 3158
"../../../Engine/Shaders/Private/CompositeUIPixelShader.usf" 3159
"../../../Engine/Shaders/Private/ColorDeficiency.ush" 3160
"../../../Engine/Shaders/Private/SlatePostProcessColorDeficiencyPixelShader.usf" 3161
"../../../Engine/Shaders/Private/SlatePostProcessPixelShader.usf" 3162
"../../../Engine/Shaders/Private/Tools/VisualizeTexture.usf" 3163
"../../../Engine/Shaders/Private/UpdateDescriptorHandle.usf" 3164
"../../../Engine/Shaders/Private/ByteBuffer.usf" 3165
"../../../Engine/Shaders/Private/ShaderBundleWorkGraphDispatch.usf" 3166
"../../../Engine/Shaders/Private/ShaderBundleDispatch.usf" 3167
"../../../Engine/Shaders/Private/ResolveVertexShader.usf" 3168
"../../../Engine/Shaders/Private/ResolvePixelShader.usf" 3169
"../../../Engine/Shaders/Private/Tools/SetupIndirectArgs.usf" 3170
"../../../Engine/Shaders/Private/ClearReplacementShaders.usf" 3171
"../../../Engine/Shaders/Private/Tools/DrawTexture.usf" 3172
"../../../Engine/Shaders/Private/RayTracing/RayTracingValidation.usf" 3173
"../../../Engine/Shaders/Private/RenderGraphUtilities.usf" 3174
"../../../Engine/Shaders/Private/OneColorShader.usf" 3175
"../../../Engine/Shaders/Private/OculusShaders.usf" 3176
"../../../Engine/Shaders/Private/MediaShaders.usf" 3177
"../../../Engine/Shaders/Private/GPUMessaging.usf" 3178
"../../../Engine/Shaders/Private/Tools/GPUDebugCrashUtils.usf" 3179
"../../../Engine/Shaders/Private/NullPixelShader.usf" 3180
"../../../Engine/Shaders/Private/ComputeGenerateMips.usf" 3181
"../../../Engine/Shaders/Private/Tools/DumpTexture.usf" 3182
"../../../Engine/Shaders/Private/CopyTextureShaders.usf" 3183
"../../../Engine/Shaders/Private/Tools/FullscreenVertexShader.usf" 3184
"../../../Engine/Shaders/Private/RayTracing/RayTracingDispatchDesc.usf" 3185
"../../../Engine/Shaders/Private/Bink.usf" 3186
"../../../Engine/Shaders/Private/VelocityShader.usf" 3187
"../../../Engine/Shaders/Private/DepthOnlyPixelShader.usf" 3188
"../../../Engine/Shaders/Private/PositionOnlyDepthVertexShader.usf" 3189
"../../../Engine/Shaders/Private/DepthOnlyVertexShader.usf" 3190
"../../../Engine/Shaders/Private/AnisotropyPassShader.usf" 3191
"D:/UNDERWATER_TEST01-5.2-5.6/Content/ENames.uasset" 3192
"D:/UNDERWATER_TEST01-5.2-5.6/Content/EConversation.uasset" 3193
"D:/UNDERWATER_TEST01-5.2-5.6/Content/UNDERWATER_SETTING/Underwater_Setting.umap" 3194
"D:/UNDERWATER_TEST01-5.2-5.6/Content/UI_Widget/W_Dialogue.uasset" 3195
"D:/UNDERWATER_TEST01-5.2-5.6/Content/StarterContent/Textures/T_Wood_Walnut_D.uasset" 3196
"D:/UNDERWATER_TEST01-5.2-5.6/Content/StarterContent/Textures/T_Wood_Pine_N.uasset" 3197
"D:/UNDERWATER_TEST01-5.2-5.6/Content/StarterContent/Textures/T_Wood_Walnut_N.uasset" 3198
"D:/UNDERWATER_TEST01-5.2-5.6/Content/StarterContent/Textures/T_Wood_Oak_N.uasset" 3199
"D:/UNDERWATER_TEST01-5.2-5.6/Content/StarterContent/Textures/T_Wood_Pine_D.uasset" 3200
"D:/UNDERWATER_TEST01-5.2-5.6/Content/StarterContent/Textures/T_Wood_Oak_D.uasset" 3201
"D:/UNDERWATER_TEST01-5.2-5.6/Content/StarterContent/Textures/T_Wood_Floor_Walnut_N.uasset" 3202
"D:/UNDERWATER_TEST01-5.2-5.6/Content/StarterContent/Textures/T_Wood_Floor_Walnut_M.uasset" 3203
"D:/UNDERWATER_TEST01-5.2-5.6/Content/StarterContent/Textures/T_Wood_Floor_Walnut_D.uasset" 3204
"D:/UNDERWATER_TEST01-5.2-5.6/Content/StarterContent/Textures/T_Water_N.uasset" 3205
"D:/UNDERWATER_TEST01-5.2-5.6/Content/StarterContent/Textures/T_Water_M.uasset" 3206
"D:/UNDERWATER_TEST01-5.2-5.6/Content/StarterContent/Textures/T_Tech_Panel_N.uasset" 3207
"D:/UNDERWATER_TEST01-5.2-5.6/Content/StarterContent/Textures/T_Tech_Panel_M.uasset" 3208
"D:/UNDERWATER_TEST01-5.2-5.6/Content/StarterContent/Textures/T_Tech_Hex_Tile_N.uasset" 3209
"D:/UNDERWATER_TEST01-5.2-5.6/Content/StarterContent/Textures/T_Tech_Hex_Tile_M.uasset" 3210
"D:/UNDERWATER_TEST01-5.2-5.6/Content/StarterContent/Textures/T_Tech_Dot_N.uasset" 3211
"D:/UNDERWATER_TEST01-5.2-5.6/Content/StarterContent/Textures/T_Tech_Dot_M.uasset" 3212
"D:/UNDERWATER_TEST01-5.2-5.6/Content/StarterContent/Textures/T_TableRound_N.uasset" 3213
"D:/UNDERWATER_TEST01-5.2-5.6/Content/StarterContent/Textures/T_TableRound_M.uasset" 3214
"D:/UNDERWATER_TEST01-5.2-5.6/Content/StarterContent/Textures/T_Statue_N.uasset" 3215
"D:/UNDERWATER_TEST01-5.2-5.6/Content/StarterContent/Textures/T_Statue_M.uasset" 3216
"D:/UNDERWATER_TEST01-5.2-5.6/Content/StarterContent/Textures/T_Spark_Core.uasset" 3217
"D:/UNDERWATER_TEST01-5.2-5.6/Content/StarterContent/Textures/T_Smoke_Tiled_D.uasset" 3218
"D:/UNDERWATER_TEST01-5.2-5.6/Content/StarterContent/Textures/T_Smoke_SubUV.uasset" 3219
"D:/UNDERWATER_TEST01-5.2-5.6/Content/StarterContent/Textures/T_Single_Tile_N.uasset" 3220
"D:/UNDERWATER_TEST01-5.2-5.6/Content/StarterContent/Textures/T_Shelf_N.uasset" 3221
"D:/UNDERWATER_TEST01-5.2-5.6/Content/StarterContent/Textures/T_Shelf_M.uasset" 3222
"D:/UNDERWATER_TEST01-5.2-5.6/Content/StarterContent/Textures/T_Rock_Smooth_Granite_D.uasset" 3223
"D:/UNDERWATER_TEST01-5.2-5.6/Content/StarterContent/Textures/T_Rock_Slate_N.uasset" 3224
"D:/UNDERWATER_TEST01-5.2-5.6/Content/StarterContent/Textures/T_Rock_Slate_D.uasset" 3225
"D:/UNDERWATER_TEST01-5.2-5.6/Content/StarterContent/Textures/T_Rock_Sandstone_N.uasset" 3226
"D:/UNDERWATER_TEST01-5.2-5.6/Content/StarterContent/Textures/T_Rock_Sandstone_D.uasset" 3227
"D:/UNDERWATER_TEST01-5.2-5.6/Content/StarterContent/Textures/T_Rock_Marble_Polished_D.uasset" 3228
"D:/UNDERWATER_TEST01-5.2-5.6/Content/StarterContent/Textures/T_Rock_Basalt_N.uasset" 3229
"D:/UNDERWATER_TEST01-5.2-5.6/Content/StarterContent/Textures/T_Rock_Basalt_D.uasset" 3230
"D:/UNDERWATER_TEST01-5.2-5.6/Content/StarterContent/Textures/T_RockMesh_N.uasset" 3231
"D:/UNDERWATER_TEST01-5.2-5.6/Content/StarterContent/Textures/T_RockMesh_M.uasset" 3232
"D:/UNDERWATER_TEST01-5.2-5.6/Content/StarterContent/Textures/T_Perlin_Noise_M.uasset" 3233
"D:/UNDERWATER_TEST01-5.2-5.6/Content/StarterContent/Textures/T_Metal_Steel_N.uasset" 3234
"D:/UNDERWATER_TEST01-5.2-5.6/Content/StarterContent/Textures/T_Metal_Steel_D.uasset" 3235
"D:/UNDERWATER_TEST01-5.2-5.6/Content/StarterContent/Textures/T_Metal_Rust_N.uasset" 3236
"D:/UNDERWATER_TEST01-5.2-5.6/Content/StarterContent/Textures/T_Metal_Rust_D.uasset" 3237
"D:/UNDERWATER_TEST01-5.2-5.6/Content/StarterContent/Textures/T_Metal_Gold_N.uasset" 3238
"D:/UNDERWATER_TEST01-5.2-5.6/Content/StarterContent/Textures/T_Metal_Gold_D.uasset" 3239
"D:/UNDERWATER_TEST01-5.2-5.6/Content/StarterContent/Textures/T_Metal_Copper_D.uasset" 3240
"D:/UNDERWATER_TEST01-5.2-5.6/Content/StarterContent/Textures/T_Metal_Aluminum_D.uasset" 3241
"D:/UNDERWATER_TEST01-5.2-5.6/Content/StarterContent/Textures/T_MacroVariation.uasset" 3242
"D:/UNDERWATER_TEST01-5.2-5.6/Content/StarterContent/Textures/T_Lamp_M.uasset" 3243
"D:/UNDERWATER_TEST01-5.2-5.6/Content/StarterContent/Textures/T_Lamp_N.uasset" 3244
"D:/UNDERWATER_TEST01-5.2-5.6/Content/StarterContent/Textures/T_Ground_Moss_N.uasset" 3245
"D:/UNDERWATER_TEST01-5.2-5.6/Content/StarterContent/Textures/T_ground_Moss_D.uasset" 3246
"D:/UNDERWATER_TEST01-5.2-5.6/Content/StarterContent/Textures/T_Ground_Gravel_N.uasset" 3247
"D:/UNDERWATER_TEST01-5.2-5.6/Content/StarterContent/Textures/T_Ground_Gravel_D.uasset" 3248
"D:/UNDERWATER_TEST01-5.2-5.6/Content/StarterContent/Textures/T_Ground_Grass_N.uasset" 3249
"D:/UNDERWATER_TEST01-5.2-5.6/Content/StarterContent/Textures/T_Frame_N.uasset" 3250
"D:/UNDERWATER_TEST01-5.2-5.6/Content/StarterContent/Textures/T_Ground_Grass_D.uasset" 3251
"D:/UNDERWATER_TEST01-5.2-5.6/Content/StarterContent/Textures/T_Frame_M.uasset" 3252
"D:/UNDERWATER_TEST01-5.2-5.6/Content/StarterContent/Textures/T_Gradinet_01.uasset" 3253
"D:/UNDERWATER_TEST01-5.2-5.6/Content/StarterContent/Textures/T_Fire_Tiled_D.uasset" 3254
"D:/UNDERWATER_TEST01-5.2-5.6/Content/StarterContent/Textures/T_Fire_SubUV.uasset" 3255
"D:/UNDERWATER_TEST01-5.2-5.6/Content/StarterContent/Textures/T_Explosion_SubUV.uasset" 3256
"D:/UNDERWATER_TEST01-5.2-5.6/Content/StarterContent/Textures/T_Dust_Particle_D.uasset" 3257
"D:/UNDERWATER_TEST01-5.2-5.6/Content/StarterContent/Textures/T_Door_N.uasset" 3258
"D:/UNDERWATER_TEST01-5.2-5.6/Content/StarterContent/Textures/T_Detail_Rocky_N.uasset" 3259
"D:/UNDERWATER_TEST01-5.2-5.6/Content/StarterContent/Textures/T_Door_M.uasset" 3260
"D:/UNDERWATER_TEST01-5.2-5.6/Content/StarterContent/Textures/T_Concrete_Tiles_Variation_M.uasset" 3261
"D:/UNDERWATER_TEST01-5.2-5.6/Content/StarterContent/Textures/T_Concrete_Tiles_N.uasset" 3262
"D:/UNDERWATER_TEST01-5.2-5.6/Content/StarterContent/Textures/T_Concrete_Tiles_M.uasset" 3263
"D:/UNDERWATER_TEST01-5.2-5.6/Content/StarterContent/Textures/T_Concrete_Tiles_D.uasset" 3264
"D:/UNDERWATER_TEST01-5.2-5.6/Content/StarterContent/Textures/T_Concrete_Poured_N.uasset" 3265
"D:/UNDERWATER_TEST01-5.2-5.6/Content/StarterContent/Textures/T_Concrete_Poured_D.uasset" 3266
"D:/UNDERWATER_TEST01-5.2-5.6/Content/StarterContent/Textures/T_Concrete_Panels_N.uasset" 3267
"D:/UNDERWATER_TEST01-5.2-5.6/Content/StarterContent/Textures/T_Concrete_Panels_D.uasset" 3268
"D:/UNDERWATER_TEST01-5.2-5.6/Content/StarterContent/Textures/T_Concrete_Grime_D.uasset" 3269
"D:/UNDERWATER_TEST01-5.2-5.6/Content/StarterContent/Textures/T_CobbleStone_Smooth_N.uasset" 3270
"D:/UNDERWATER_TEST01-5.2-5.6/Content/StarterContent/Textures/T_CobbleStone_Smooth_M.uasset" 3271
"D:/UNDERWATER_TEST01-5.2-5.6/Content/StarterContent/Textures/T_CobbleStone_Smooth_D.uasset" 3272
"D:/UNDERWATER_TEST01-5.2-5.6/Content/StarterContent/Textures/T_CobbleStone_Rough_N.uasset" 3273
"D:/UNDERWATER_TEST01-5.2-5.6/Content/StarterContent/Textures/T_CobbleStone_Rough_D.uasset" 3274
"D:/UNDERWATER_TEST01-5.2-5.6/Content/StarterContent/Textures/T_CobbleStone_Pebble_N.uasset" 3275
"D:/UNDERWATER_TEST01-5.2-5.6/Content/StarterContent/Textures/T_CobbleStone_Pebble_M.uasset" 3276
"D:/UNDERWATER_TEST01-5.2-5.6/Content/StarterContent/Textures/T_CobbleStone_Pebble_D.uasset" 3277
"D:/UNDERWATER_TEST01-5.2-5.6/Content/StarterContent/Textures/T_Checker_Noise_M.uasset" 3278
"D:/UNDERWATER_TEST01-5.2-5.6/Content/StarterContent/Textures/T_Chair_N.uasset" 3279
"D:/UNDERWATER_TEST01-5.2-5.6/Content/StarterContent/Textures/T_Chair_M.uasset" 3280
"D:/UNDERWATER_TEST01-5.2-5.6/Content/StarterContent/Textures/T_Brick_Hewn_Stone_M.uasset" 3281
"D:/UNDERWATER_TEST01-5.2-5.6/Content/StarterContent/Textures/T_Ceramic_Tile_N.uasset" 3282
"D:/UNDERWATER_TEST01-5.2-5.6/Content/StarterContent/Textures/T_Ceramic_Tile_M.uasset" 3283
"D:/UNDERWATER_TEST01-5.2-5.6/Content/StarterContent/Textures/T_Brick_Hewn_Stone_D.uasset" 3284
"D:/UNDERWATER_TEST01-5.2-5.6/Content/StarterContent/Textures/T_Bush_N.uasset" 3285
"D:/UNDERWATER_TEST01-5.2-5.6/Content/StarterContent/Textures/T_Bush_D.uasset" 3286
"D:/UNDERWATER_TEST01-5.2-5.6/Content/StarterContent/Textures/T_Burst_M.uasset" 3287
"D:/UNDERWATER_TEST01-5.2-5.6/Content/StarterContent/Textures/T_Brick_Hewn_Stone_N.uasset" 3288
"D:/UNDERWATER_TEST01-5.2-5.6/Content/StarterContent/Textures/T_Brick_Cut_Stone_N.uasset" 3289
"D:/UNDERWATER_TEST01-5.2-5.6/Content/StarterContent/Textures/T_Brick_Cut_Stone_D.uasset" 3290
"D:/UNDERWATER_TEST01-5.2-5.6/Content/StarterContent/Textures/T_Brick_Clay_Old_N.uasset" 3291
"D:/UNDERWATER_TEST01-5.2-5.6/Content/StarterContent/Textures/T_Brick_Clay_Old_D.uasset" 3292
"D:/UNDERWATER_TEST01-5.2-5.6/Content/StarterContent/Textures/T_Brick_Clay_New_M.uasset" 3293
"D:/UNDERWATER_TEST01-5.2-5.6/Content/StarterContent/Textures/T_Brick_Clay_New_N.uasset" 3294
"D:/UNDERWATER_TEST01-5.2-5.6/Content/StarterContent/Textures/T_Brick_Clay_New_D.uasset" 3295
"D:/UNDERWATER_TEST01-5.2-5.6/Content/StarterContent/Textures/T_Brick_Clay_Beveled_N.uasset" 3296
"D:/UNDERWATER_TEST01-5.2-5.6/Content/StarterContent/Textures/T_Brick_Clay_Beveled_M.uasset" 3297
"D:/UNDERWATER_TEST01-5.2-5.6/Content/StarterContent/Textures/T_Brick_Clay_Beveled_D.uasset" 3298
"D:/UNDERWATER_TEST01-5.2-5.6/Content/StarterContent/Shapes/Shape_WideCapsule.uasset" 3299
"D:/UNDERWATER_TEST01-5.2-5.6/Content/StarterContent/Shapes/Shape_Wedge_B.uasset" 3300
"D:/UNDERWATER_TEST01-5.2-5.6/Content/StarterContent/Shapes/Shape_Wedge_A.uasset" 3301
"D:/UNDERWATER_TEST01-5.2-5.6/Content/StarterContent/Shapes/Shape_TriPyramid.uasset" 3302
"D:/UNDERWATER_TEST01-5.2-5.6/Content/StarterContent/Shapes/Shape_Tube.uasset" 3303
"D:/UNDERWATER_TEST01-5.2-5.6/Content/StarterContent/Shapes/Shape_Trim_90_Out.uasset" 3304
"D:/UNDERWATER_TEST01-5.2-5.6/Content/StarterContent/Shapes/Shape_Trim_90_In.uasset" 3305
"D:/UNDERWATER_TEST01-5.2-5.6/Content/StarterContent/Shapes/Shape_Trim.uasset" 3306
"D:/UNDERWATER_TEST01-5.2-5.6/Content/StarterContent/Shapes/Shape_Torus.uasset" 3307
"D:/UNDERWATER_TEST01-5.2-5.6/Content/StarterContent/Shapes/Shape_Sphere.uasset" 3308
"D:/UNDERWATER_TEST01-5.2-5.6/Content/StarterContent/Shapes/Shape_QuadPyramid.uasset" 3309
"D:/UNDERWATER_TEST01-5.2-5.6/Content/StarterContent/Props/SM_TableRound.uasset" 3310
"D:/UNDERWATER_TEST01-5.2-5.6/Content/StarterContent/Props/SM_WindowFrame.uasset" 3311
"D:/UNDERWATER_TEST01-5.2-5.6/Content/StarterContent/Props/SM_Statue.uasset" 3312
"D:/UNDERWATER_TEST01-5.2-5.6/Content/StarterContent/Shapes/Shape_Plane.uasset" 3313
"D:/UNDERWATER_TEST01-5.2-5.6/Content/StarterContent/Shapes/Shape_Pipe_90.uasset" 3314
"D:/UNDERWATER_TEST01-5.2-5.6/Content/StarterContent/Shapes/Shape_Pipe_180.uasset" 3315
"D:/UNDERWATER_TEST01-5.2-5.6/Content/StarterContent/Shapes/Shape_NarrowCapsule.uasset" 3316
"D:/UNDERWATER_TEST01-5.2-5.6/Content/StarterContent/Shapes/Shape_Pipe.uasset" 3317
"D:/UNDERWATER_TEST01-5.2-5.6/Content/StarterContent/Shapes/Shape_Cylinder.uasset" 3318
"D:/UNDERWATER_TEST01-5.2-5.6/Content/StarterContent/Shapes/Shape_Cube.uasset" 3319
"D:/UNDERWATER_TEST01-5.2-5.6/Content/StarterContent/Shapes/Shape_Cone.uasset" 3320
"D:/UNDERWATER_TEST01-5.2-5.6/Content/StarterContent/Props/SM_Stairs.uasset" 3321
"D:/UNDERWATER_TEST01-5.2-5.6/Content/StarterContent/Props/SM_Shelf.uasset" 3322
"D:/UNDERWATER_TEST01-5.2-5.6/Content/StarterContent/Props/SM_Rock.uasset" 3323
"D:/UNDERWATER_TEST01-5.2-5.6/Content/StarterContent/Props/SM_PillarFrame300.uasset" 3324
"D:/UNDERWATER_TEST01-5.2-5.6/Content/StarterContent/Props/SM_PillarFrame.uasset" 3325
"D:/UNDERWATER_TEST01-5.2-5.6/Content/StarterContent/Props/SM_Lamp_Wall.uasset" 3326
"D:/UNDERWATER_TEST01-5.2-5.6/Content/StarterContent/Props/SM_Lamp_Ceiling.uasset" 3327
"D:/UNDERWATER_TEST01-5.2-5.6/Content/StarterContent/Props/SM_GlassWindow.uasset" 3328
"D:/UNDERWATER_TEST01-5.2-5.6/Content/StarterContent/Props/SM_Couch.uasset" 3329
"D:/UNDERWATER_TEST01-5.2-5.6/Content/StarterContent/Props/SM_Door.uasset" 3330
"D:/UNDERWATER_TEST01-5.2-5.6/Content/StarterContent/Props/SM_CornerFrame.uasset" 3331
"D:/UNDERWATER_TEST01-5.2-5.6/Content/StarterContent/Props/SM_DoorFrame.uasset" 3332
"D:/UNDERWATER_TEST01-5.2-5.6/Content/StarterContent/Props/SM_Chair.uasset" 3333
"D:/UNDERWATER_TEST01-5.2-5.6/Content/StarterContent/Props/SM_Bush.uasset" 3334
"D:/UNDERWATER_TEST01-5.2-5.6/Content/StarterContent/Props/MaterialSphere.uasset" 3335
"D:/UNDERWATER_TEST01-5.2-5.6/Content/StarterContent/Particles/P_Sparks.uasset" 3336
"D:/UNDERWATER_TEST01-5.2-5.6/Content/StarterContent/Particles/P_Steam_Lit.uasset" 3337
"D:/UNDERWATER_TEST01-5.2-5.6/Content/StarterContent/Particles/P_Smoke.uasset" 3338
"D:/UNDERWATER_TEST01-5.2-5.6/Content/StarterContent/Particles/P_Ambient_Dust.uasset" 3339
"D:/UNDERWATER_TEST01-5.2-5.6/Content/StarterContent/Materials/M_Wood_Floor_Walnut_Polished.uasset" 3340
"D:/UNDERWATER_TEST01-5.2-5.6/Content/StarterContent/Materials/M_Water_Ocean.uasset" 3341
"D:/UNDERWATER_TEST01-5.2-5.6/Content/StarterContent/Materials/M_Water_Lake.uasset" 3342
"D:/UNDERWATER_TEST01-5.2-5.6/Content/StarterContent/Materials/M_Tech_Panel.uasset" 3343
"D:/UNDERWATER_TEST01-5.2-5.6/Content/StarterContent/Particles/P_Explosion.uasset" 3344
"D:/UNDERWATER_TEST01-5.2-5.6/Content/StarterContent/Particles/P_Fire.uasset" 3345
"D:/UNDERWATER_TEST01-5.2-5.6/Content/StarterContent/Materials/M_Tech_Hex_Tile_Pulse.uasset" 3346
"D:/UNDERWATER_TEST01-5.2-5.6/Content/StarterContent/Materials/M_Tech_Hex_Tile.uasset" 3347
"D:/UNDERWATER_TEST01-5.2-5.6/Content/StarterContent/Materials/M_Tech_Checker_Dot.uasset" 3348
"D:/UNDERWATER_TEST01-5.2-5.6/Content/StarterContent/Materials/M_Rock_Slate.uasset" 3349
"D:/UNDERWATER_TEST01-5.2-5.6/Content/StarterContent/Materials/M_Rock_Sandstone.uasset" 3350
"D:/UNDERWATER_TEST01-5.2-5.6/Content/StarterContent/Materials/M_Wood_Walnut.uasset" 3351
"D:/UNDERWATER_TEST01-5.2-5.6/Content/StarterContent/Materials/M_Wood_Pine.uasset" 3352
"D:/UNDERWATER_TEST01-5.2-5.6/Content/StarterContent/Materials/M_Wood_Oak.uasset" 3353
"D:/UNDERWATER_TEST01-5.2-5.6/Content/StarterContent/Materials/M_Wood_Floor_Walnut_Worn.uasset" 3354
"D:/UNDERWATER_TEST01-5.2-5.6/Content/StarterContent/Materials/M_Rock_Basalt.uasset" 3355
"D:/UNDERWATER_TEST01-5.2-5.6/Content/StarterContent/Materials/M_Rock_Marble_Polished.uasset" 3356
"D:/UNDERWATER_TEST01-5.2-5.6/Content/StarterContent/Materials/M_Metal_Steel.uasset" 3357
"D:/UNDERWATER_TEST01-5.2-5.6/Content/StarterContent/Materials/M_Metal_Rust.uasset" 3358
"D:/UNDERWATER_TEST01-5.2-5.6/Content/StarterContent/Materials/M_Metal_Gold.uasset" 3359
"D:/UNDERWATER_TEST01-5.2-5.6/Content/StarterContent/Materials/M_Metal_Copper.uasset" 3360
"D:/UNDERWATER_TEST01-5.2-5.6/Content/StarterContent/Materials/M_Metal_Chrome.uasset" 3361
"D:/UNDERWATER_TEST01-5.2-5.6/Content/StarterContent/Materials/M_Metal_Burnished_Steel.uasset" 3362
"D:/UNDERWATER_TEST01-5.2-5.6/Content/StarterContent/Materials/M_Metal_Brushed_Nickel.uasset" 3363
"D:/UNDERWATER_TEST01-5.2-5.6/Content/StarterContent/Materials/M_Ground_Moss.uasset" 3364
"D:/UNDERWATER_TEST01-5.2-5.6/Content/StarterContent/Materials/M_Ground_Gravel.uasset" 3365
"D:/UNDERWATER_TEST01-5.2-5.6/Content/StarterContent/Materials/M_Ground_Grass.uasset" 3366
"D:/UNDERWATER_TEST01-5.2-5.6/Content/StarterContent/Materials/M_Glass.uasset" 3367
"D:/UNDERWATER_TEST01-5.2-5.6/Content/StarterContent/Materials/M_Concrete_Tiles.uasset" 3368
"D:/UNDERWATER_TEST01-5.2-5.6/Content/StarterContent/Materials/M_Concrete_Poured.uasset" 3369
"D:/UNDERWATER_TEST01-5.2-5.6/Content/StarterContent/Materials/M_Concrete_Panels.uasset" 3370
"D:/UNDERWATER_TEST01-5.2-5.6/Content/StarterContent/Materials/M_Concrete_Grime.uasset" 3371
"D:/UNDERWATER_TEST01-5.2-5.6/Content/StarterContent/Materials/M_ColorGrid_LowSpec.uasset" 3372
"D:/UNDERWATER_TEST01-5.2-5.6/Content/StarterContent/Materials/M_CobbleStone_Smooth.uasset" 3373
"D:/UNDERWATER_TEST01-5.2-5.6/Content/StarterContent/Materials/M_CobbleStone_Rough.uasset" 3374
"D:/UNDERWATER_TEST01-5.2-5.6/Content/StarterContent/Materials/M_CobbleStone_Pebble.uasset" 3375
"D:/UNDERWATER_TEST01-5.2-5.6/Content/StarterContent/Materials/M_Ceramic_Tile_Checker.uasset" 3376
"D:/UNDERWATER_TEST01-5.2-5.6/Content/StarterContent/Materials/M_Brick_Hewn_Stone.uasset" 3377
"D:/UNDERWATER_TEST01-5.2-5.6/Content/StarterContent/Materials/M_Brick_Cut_Stone.uasset" 3378
"D:/UNDERWATER_TEST01-5.2-5.6/Content/StarterContent/Materials/M_Brick_Clay_Old.uasset" 3379
"D:/UNDERWATER_TEST01-5.2-5.6/Content/StarterContent/Materials/M_Brick_Clay_Beveled.uasset" 3380
"D:/UNDERWATER_TEST01-5.2-5.6/Content/StarterContent/Materials/M_Brick_Clay_New.uasset" 3381
"D:/UNDERWATER_TEST01-5.2-5.6/Content/StarterContent/Materials/M_Basic_Wall.uasset" 3382
"D:/UNDERWATER_TEST01-5.2-5.6/Content/StarterContent/Materials/M_Basic_Floor.uasset" 3383
"D:/UNDERWATER_TEST01-5.2-5.6/Content/StarterContent/Materials/M_AssetPlatform.uasset" 3384
"D:/UNDERWATER_TEST01-5.2-5.6/Content/StarterContent/Maps/StarterMap_BuiltData.uasset" 3385
"D:/UNDERWATER_TEST01-5.2-5.6/Content/StarterContent/Maps/StarterMap.umap" 3386
"D:/UNDERWATER_TEST01-5.2-5.6/Content/StarterContent/Maps/Minimal_Default_BuiltData.uasset" 3387
"D:/UNDERWATER_TEST01-5.2-5.6/Content/StarterContent/Maps/Minimal_Default.umap" 3388
"D:/UNDERWATER_TEST01-5.2-5.6/Content/StarterContent/Maps/Advanced_Lighting_BuiltData.uasset" 3389
"D:/UNDERWATER_TEST01-5.2-5.6/Content/StarterContent/Maps/Advanced_Lighting.umap" 3390
"D:/UNDERWATER_TEST01-5.2-5.6/Content/StarterContent/HDRI/HDRI_Epic_Courtyard_Daylight.uasset" 3391
"D:/UNDERWATER_TEST01-5.2-5.6/Content/StarterContent/Blueprints/Blueprint_WallSconce.uasset" 3392
"D:/UNDERWATER_TEST01-5.2-5.6/Content/StarterContent/Blueprints/Blueprint_Effect_Steam.uasset" 3393
"D:/UNDERWATER_TEST01-5.2-5.6/Content/StarterContent/Blueprints/Blueprint_Effect_Sparks.uasset" 3394
"D:/UNDERWATER_TEST01-5.2-5.6/Content/StarterContent/Audio/Steam01_Cue.uasset" 3395
"D:/UNDERWATER_TEST01-5.2-5.6/Content/StarterContent/Audio/Steam01.uasset" 3396
"D:/UNDERWATER_TEST01-5.2-5.6/Content/StarterContent/Audio/Starter_Wind06.uasset" 3397
"D:/UNDERWATER_TEST01-5.2-5.6/Content/StarterContent/Audio/Starter_Wind05.uasset" 3398
"D:/UNDERWATER_TEST01-5.2-5.6/Content/StarterContent/Audio/Starter_Music_Cue.uasset" 3399
"D:/UNDERWATER_TEST01-5.2-5.6/Content/StarterContent/Blueprints/BP_LightStudio.uasset" 3400
"D:/UNDERWATER_TEST01-5.2-5.6/Content/StarterContent/Audio/Starter_Music01.uasset" 3401
"D:/UNDERWATER_TEST01-5.2-5.6/Content/StarterContent/Audio/Starter_Birds01.uasset" 3402
"D:/UNDERWATER_TEST01-5.2-5.6/Content/StarterContent/Blueprints/Blueprint_Effect_Smoke.uasset" 3403
"D:/UNDERWATER_TEST01-5.2-5.6/Content/StarterContent/Blueprints/Blueprint_Effect_Fire.uasset" 3404
"D:/UNDERWATER_TEST01-5.2-5.6/Content/StarterContent/Audio/Starter_Background_Cue.uasset" 3405
"D:/UNDERWATER_TEST01-5.2-5.6/Content/StarterContent/Blueprints/Blueprint_Effect_Explosion.uasset" 3406
"D:/UNDERWATER_TEST01-5.2-5.6/Content/StarterContent/Blueprints/Blueprint_CeilingLight.uasset" 3407
"D:/UNDERWATER_TEST01-5.2-5.6/Content/StarterContent/Audio/Smoke01_Cue.uasset" 3408
"D:/UNDERWATER_TEST01-5.2-5.6/Content/StarterContent/Audio/Smoke01.uasset" 3409
"D:/UNDERWATER_TEST01-5.2-5.6/Content/StarterContent/Audio/Light02_Cue.uasset" 3410
"D:/UNDERWATER_TEST01-5.2-5.6/Content/StarterContent/Props/Materials/M_TableRound.uasset" 3411
"D:/UNDERWATER_TEST01-5.2-5.6/Content/StarterContent/Props/Materials/M_StatueGlass.uasset" 3412
"D:/UNDERWATER_TEST01-5.2-5.6/Content/StarterContent/Props/Materials/M_Statue.uasset" 3413
"D:/UNDERWATER_TEST01-5.2-5.6/Content/StarterContent/Props/Materials/M_Rock.uasset" 3414
"D:/UNDERWATER_TEST01-5.2-5.6/Content/StarterContent/Props/Materials/M_Shelf.uasset" 3415
"D:/UNDERWATER_TEST01-5.2-5.6/Content/StarterContent/Props/Materials/M_Frame.uasset" 3416
"D:/UNDERWATER_TEST01-5.2-5.6/Content/StarterContent/Props/Materials/M_Chair.uasset" 3417
"D:/UNDERWATER_TEST01-5.2-5.6/Content/StarterContent/Props/Materials/M_Door.uasset" 3418
"D:/UNDERWATER_TEST01-5.2-5.6/Content/StarterContent/Props/Materials/M_Lamp.uasset" 3419
"D:/UNDERWATER_TEST01-5.2-5.6/Content/StarterContent/Props/Materials/M_Bush.uasset" 3420
"D:/UNDERWATER_TEST01-5.2-5.6/Content/StarterContent/Particles/Materials/M_Spark.uasset" 3421
"D:/UNDERWATER_TEST01-5.2-5.6/Content/StarterContent/Particles/Materials/M_smoke_subUV.uasset" 3422
"D:/UNDERWATER_TEST01-5.2-5.6/Content/StarterContent/Particles/Materials/M_radial_ramp.uasset" 3423
"D:/UNDERWATER_TEST01-5.2-5.6/Content/StarterContent/Particles/Materials/M_Radial_Gradient.uasset" 3424
"D:/UNDERWATER_TEST01-5.2-5.6/Content/StarterContent/Particles/Materials/M_Heat_Distortion.uasset" 3425
"D:/UNDERWATER_TEST01-5.2-5.6/Content/StarterContent/Particles/Materials/m_flare_01.uasset" 3426
"D:/UNDERWATER_TEST01-5.2-5.6/Content/StarterContent/Particles/Materials/M_Fire_SubUV.uasset" 3427
"D:/UNDERWATER_TEST01-5.2-5.6/Content/StarterContent/Particles/Materials/M_explosion_subUV.uasset" 3428
"D:/UNDERWATER_TEST01-5.2-5.6/Content/StarterContent/Particles/Materials/M_Dust_Particle.uasset" 3429
"D:/UNDERWATER_TEST01-5.2-5.6/Content/StarterContent/Particles/Materials/M_Burst.uasset" 3430
"D:/UNDERWATER_TEST01-5.2-5.6/Content/StarterContent/Blueprints/Assets/SunlightColorLUT.uasset" 3431
"D:/UNDERWATER_TEST01-5.2-5.6/Content/StarterContent/Blueprints/Assets/SM_Arrows.uasset" 3432
"D:/UNDERWATER_TEST01-5.2-5.6/Content/StarterContent/Blueprints/Assets/Skybox.uasset" 3433
"D:/UNDERWATER_TEST01-5.2-5.6/Content/StarterContent/Audio/Light02.uasset" 3434
"D:/UNDERWATER_TEST01-5.2-5.6/Content/StarterContent/Audio/Light01_Cue.uasset" 3435
"D:/UNDERWATER_TEST01-5.2-5.6/Content/StarterContent/Audio/Light01.uasset" 3436
"D:/UNDERWATER_TEST01-5.2-5.6/Content/StarterContent/Blueprints/Assets/M_LightStage_Skybox_Black.uasset" 3437
"D:/UNDERWATER_TEST01-5.2-5.6/Content/StarterContent/Blueprints/Assets/M_LightStage_Skybox_Master.uasset" 3438
"D:/UNDERWATER_TEST01-5.2-5.6/Content/StarterContent/Blueprints/Assets/M_LightStage_Arrows.uasset" 3439
"D:/UNDERWATER_TEST01-5.2-5.6/Content/StarterContent/Blueprints/Assets/FogBrightnessLUT.uasset" 3440
"D:/UNDERWATER_TEST01-5.2-5.6/Content/StarterContent/Blueprints/Assets/M_LightStage_Skybox_HDRI.uasset" 3441
"D:/UNDERWATER_TEST01-5.2-5.6/Content/StarterContent/Audio/Fire01_Cue.uasset" 3442
"D:/UNDERWATER_TEST01-5.2-5.6/Content/StarterContent/Audio/Fire_Sparks01.uasset" 3443
"D:/UNDERWATER_TEST01-5.2-5.6/Content/StarterContent/Audio/Fire_Sparks01_Cue.uasset" 3444
"D:/UNDERWATER_TEST01-5.2-5.6/Content/StarterContent/Audio/Fire01.uasset" 3445
"D:/UNDERWATER_TEST01-5.2-5.6/Content/StarterContent/Audio/Explosion_Cue.uasset" 3446
"D:/UNDERWATER_TEST01-5.2-5.6/Content/StarterContent/Audio/Explosion02.uasset" 3447
"D:/UNDERWATER_TEST01-5.2-5.6/Content/StarterContent/Audio/Explosion01.uasset" 3448
"D:/UNDERWATER_TEST01-5.2-5.6/Content/StarterContent/Audio/Collapse_Cue.uasset" 3449
"D:/UNDERWATER_TEST01-5.2-5.6/Content/StarterContent/Audio/Collapse02.uasset" 3450
"D:/UNDERWATER_TEST01-5.2-5.6/Content/StarterContent/Audio/Collapse01.uasset" 3451
"D:/UNDERWATER_TEST01-5.2-5.6/Content/StarterContent/Architecture/Wall_Window_400x400.uasset" 3452
"D:/UNDERWATER_TEST01-5.2-5.6/Content/StarterContent/Architecture/Wall_Window_400x300.uasset" 3453
"D:/UNDERWATER_TEST01-5.2-5.6/Content/StarterContent/Architecture/Wall_Door_400x400.uasset" 3454
"D:/UNDERWATER_TEST01-5.2-5.6/Content/StarterContent/Architecture/Wall_Door_400x300.uasset" 3455
"D:/UNDERWATER_TEST01-5.2-5.6/Content/StarterContent/Architecture/Wall_500x500.uasset" 3456
"D:/UNDERWATER_TEST01-5.2-5.6/Content/StarterContent/Architecture/Wall_400x400.uasset" 3457
"D:/UNDERWATER_TEST01-5.2-5.6/Content/StarterContent/Architecture/Wall_400x300.uasset" 3458
"D:/UNDERWATER_TEST01-5.2-5.6/Content/StarterContent/Architecture/Wall_400x200.uasset" 3459
"D:/UNDERWATER_TEST01-5.2-5.6/Content/StarterContent/Architecture/SM_AssetPlatform.uasset" 3460
"D:/UNDERWATER_TEST01-5.2-5.6/Content/StarterContent/Architecture/Pillar_50x500.uasset" 3461
"D:/UNDERWATER_TEST01-5.2-5.6/Content/StarterContent/Architecture/Floor_400x400.uasset" 3462
"D:/UNDERWATER_TEST01-5.2-5.6/Content/Game_Systems/DialogueSystem/AC_Dialogue_SeahorseTest.uasset" 3463
"D:/UNDERWATER_TEST01-5.2-5.6/Content/Game_Systems/Paper2DSystem/NPC_Fish_Base.uasset" 3464
"D:/UNDERWATER_TEST01-5.2-5.6/Content/Game_Systems/Paper2DSystem/NPC_Fish_Child.uasset" 3465
"D:/UNDERWATER_TEST01-5.2-5.6/Content/Game_Systems/DialogueSystem/AC_Dialogue_Child.uasset" 3466
"D:/UNDERWATER_TEST01-5.2-5.6/Content/Game_Systems/DialogueSystem/AC_Dialogue_Base.uasset" 3467
"D:/UNDERWATER_TEST01-5.2-5.6/Content/Game_Systems/DialogueSystem/AC_Dialogue_BananafishBen.uasset" 3468
"D:/UNDERWATER_TEST01-5.2-5.6/Content/FirstPerson/Blueprints/BP_FirstPersonCharacter.uasset" 3469
"/Engine/EngineResources/WhiteSquareTexture" 3470
"../../../Engine/Content/EngineResources/WhiteSquareTexture.uasset" 3471
"/Engine/EngineResources/GradientTexture0" 3472
"../../../Engine/Content/EngineResources/GradientTexture0.uasset" 3473
"/Engine/EngineResources/Black" 3474
"../../../Engine/Content/EngineResources/Black.uasset" 3475
"/Engine/EditorResources/S_Actor" 3476
"../../../Engine/Content/EditorResources/S_Actor.uasset" 3477
"/Engine/EngineFonts/RobotoDistanceField" 3478
"../../../Engine/Content/EngineFonts/RobotoDistanceField.uasset" 3479
"/Engine/EngineMaterials/DefaultTextMaterialOpaque" 3480
"../../../Engine/Content/EngineMaterials/DefaultTextMaterialOpaque.uasset" 3481
"/Engine/Functions/Engine_MaterialFunctions01/Shading/PowerToRoughness" 3482
"../../../Engine/Content/Functions/Engine_MaterialFunctions01/Shading/PowerToRoughness.uasset" 3483
"/Engine/Functions/Engine_MaterialFunctions01/Shading/ConvertFromDiffSpec" 3484
"../../../Engine/Content/Functions/Engine_MaterialFunctions01/Shading/ConvertFromDiffSpec.uasset" 3485
"/Engine/EngineMaterials/WorldGridMaterial" 3486
"../../../Engine/Content/EngineMaterials/WorldGridMaterial.uasset" 3487
"../../../Engine/Content/Functions/Engine_MaterialFunctions01/Opacity/CameraDepthFade.uasset" 3488
"../../../Engine/Content/EngineMaterials/T_Default_Material_Grid_M.uasset" 3489
"../../../Engine/Content/EngineMaterials/T_Default_Material_Grid_N.uasset" 3490
"/Engine/EngineMaterials/DefaultDeferredDecalMaterial" 3491
"../../../Engine/Content/EngineMaterials/DefaultDeferredDecalMaterial.uasset" 3492
"../../../Engine/Content/EngineMaterials/DefaultDiffuse.uasset" 3493
"/Engine/EngineMaterials/DefaultLightFunctionMaterial" 3494
"../../../Engine/Content/EngineMaterials/DefaultLightFunctionMaterial.uasset" 3495
"/Engine/EngineMaterials/DefaultPostProcessMaterial" 3496
"../../../Engine/Content/EngineMaterials/DefaultPostProcessMaterial.uasset" 3497
"../../../Engine/Content/Functions/Engine_MaterialFunctions02/Utility/BreakOutFloat2Components.uasset" 3498
"/Engine/EditorResources/S_Trigger" 3499
"../../../Engine/Content/EditorResources/S_Trigger.uasset" 3500
"/Engine/EditorResources/S_BoxReflectionCapture" 3501
"../../../Engine/Content/EditorResources/S_BoxReflectionCapture.uasset" 3502
"/Engine/EngineResources/DefaultTexture" 3503
"../../../Engine/Content/EngineResources/DefaultTexture.uasset" 3504
"/Engine/EditorResources/S_TriggerBox" 3505
"../../../Engine/Content/EditorResources/S_TriggerBox.uasset" 3506
"/Engine/EditorResources/S_TriggerCapsule" 3507
"../../../Engine/Content/EditorResources/S_TriggerCapsule.uasset" 3508
"/Engine/EditorResources/S_TriggerSphere" 3509
"../../../Engine/Content/EditorResources/S_TriggerSphere.uasset" 3510
"/Engine/EngineDamageTypes/DmgTypeBP_Environmental" 3511
"../../../Engine/Content/EngineDamageTypes/DmgTypeBP_Environmental.uasset" 3512
"/Engine/EngineMeshes/Sphere" 3513
"../../../Engine/Content/EngineMeshes/Sphere.uasset" 3514
"/Engine/EngineResources/DefaultTextureCube" 3515
"../../../Engine/Content/EngineResources/DefaultTextureCube.uasset" 3516
"/Engine/EngineResources/DefaultVolumeTexture" 3517
"../../../Engine/Content/EngineResources/DefaultVolumeTexture.uasset" 3518
"../../../Engine/Content/EngineResources/DefaultVolumeTexture2D.uasset" 3519
"/Engine/VREditor/TransformGizmo/SM_Sequencer_Node" 3520
"../../../Engine/Content/VREditor/TransformGizmo/SM_Sequencer_Node.uasset" 3521
"../../../Engine/Content/VREditor/TransformGizmo/Main.uasset" 3522
"../../../Engine/Content/VREditor/TransformGizmo/Xray.uasset" 3523
"/Engine/EditorResources/S_Solver" 3524
"../../../Engine/Content/EditorResources/S_Solver.uasset" 3525
"/Engine/EngineDebugMaterials/VolumeToRender" 3526
"../../../Engine/Content/EngineDebugMaterials/VolumeToRender.uasset" 3527
"/Engine/EngineDebugMaterials/M_VolumeRenderSphereTracePP" 3528
"../../../Engine/Content/EngineDebugMaterials/M_VolumeRenderSphereTracePP.uasset" 3529
"../../../Engine/Content/Functions/Engine_MaterialFunctions02/Utility/CameraDirectionVector.uasset" 3530
"/Engine/EditorMeshes/Camera/SM_CraneRig_Base" 3531
"../../../Engine/Content/EditorMeshes/Camera/SM_CraneRig_Base.uasset" 3532
"../../../Engine/Content/EditorMaterials/Camera/MI_CineMat_Rig.uasset" 3533
"../../../Engine/Content/EditorMaterials/Camera/CineMat.uasset" 3534
"/Engine/EditorMeshes/Camera/SM_CraneRig_Arm" 3535
"../../../Engine/Content/EditorMeshes/Camera/SM_CraneRig_Arm.uasset" 3536
"/Engine/EditorMeshes/Camera/SM_CraneRig_Mount" 3537
"../../../Engine/Content/EditorMeshes/Camera/SM_CraneRig_Mount.uasset" 3538
"/Engine/EditorMeshes/Camera/SM_CraneRig_Body" 3539
"../../../Engine/Content/EditorMeshes/Camera/SM_CraneRig_Body.uasset" 3540
"/Engine/EditorMeshes/Camera/SM_RailRig_Track" 3541
"../../../Engine/Content/EditorMeshes/Camera/SM_RailRig_Track.uasset" 3542
"/Engine/EditorMeshes/Camera/SM_RailRig_Mount" 3543
"../../../Engine/Content/EditorMeshes/Camera/SM_RailRig_Mount.uasset" 3544
"/Engine/EditorLandscapeResources/SplineEditorMesh" 3545
"../../../Engine/Content/EditorLandscapeResources/SplineEditorMesh.uasset" 3546
"../../../Engine/Content/EditorLandscapeResources/SplineEditorMeshMat.uasset" 3547
"/Water/Icons/WaterBodyIslandSprite" 3548
"../../Plugins/Experimental/Water/Content/Icons/WaterBodyIslandSprite.uasset" 3549
"/Water/Icons/WaterZoneActorSprite" 3550
"../../Plugins/Experimental/Water/Content/Icons/WaterZoneActorSprite.uasset" 3551
"/HairStrands/Materials/HairDebugMaterial" 3552
"../../Plugins/Runtime/HairStrands/Content/Materials/HairDebugMaterial.uasset" 3553
"../../../Engine/Content/Functions/Engine_MaterialFunctions02/Utility/MakeFloat2.uasset" 3554
"../../../Engine/Content/Functions/Engine_MaterialFunctions02/Utility/MakeFloat3.uasset" 3555
"../../../Engine/Content/EngineMaterials/HairColorMap.uasset" 3556
"../../../Engine/Content/EngineMaterials/HairDebugColor.uasset" 3557
"../../Plugins/Runtime/HairStrands/Content/Materials/HairGroupColors.uasset" 3558
"/HairStrands/Materials/HairDefaultMaterial" 3559
"../../Plugins/Runtime/HairStrands/Content/Materials/HairDefaultMaterial.uasset" 3560
"/HairStrands/Materials/HairCardsDefaultMaterial" 3561
"../../Plugins/Runtime/HairStrands/Content/Materials/HairCardsDefaultMaterial.uasset" 3562
"/HairStrands/Materials/HairMeshesDefaultMaterial" 3563
"../../Plugins/Runtime/HairStrands/Content/Materials/HairMeshesDefaultMaterial.uasset" 3564
"/Engine/BasicShapes/Cube" 3565
"../../../Engine/Content/BasicShapes/Cube.uasset" 3566
"/CameraCalibrationCore/Materials/M_DefaultOddSquare" 3567
"../../Plugins/VirtualProduction/CameraCalibrationCore/Content/Materials/M_DefaultOddSquare.uasset" 3568
"/CameraCalibrationCore/Materials/M_DefaultEvenSquare" 3569
"../../Plugins/VirtualProduction/CameraCalibrationCore/Content/Materials/M_DefaultEvenSquare.uasset" 3570
"/Engine/EngineMaterials/Widget3DPassThrough_Translucent" 3571
"../../../Engine/Content/EngineMaterials/Widget3DPassThrough_Translucent.uasset" 3572
"../../../Engine/Content/EngineMaterials/Widget3DPassThrough.uasset" 3573
"/Engine/EngineMaterials/Widget3DPassThrough_Translucent_OneSided" 3574
"../../../Engine/Content/EngineMaterials/Widget3DPassThrough_Translucent_OneSided.uasset" 3575
"/Engine/EngineMaterials/Widget3DPassThrough_Opaque" 3576
"../../../Engine/Content/EngineMaterials/Widget3DPassThrough_Opaque.uasset" 3577
"/Engine/EngineMaterials/Widget3DPassThrough_Opaque_OneSided" 3578
"../../../Engine/Content/EngineMaterials/Widget3DPassThrough_Opaque_OneSided.uasset" 3579
"/Engine/EngineMaterials/Widget3DPassThrough_Masked" 3580
"../../../Engine/Content/EngineMaterials/Widget3DPassThrough_Masked.uasset" 3581
"/Engine/EngineMaterials/Widget3DPassThrough_Masked_OneSided" 3582
"../../../Engine/Content/EngineMaterials/Widget3DPassThrough_Masked_OneSided.uasset" 3583
"/Engine/VREditor/ViewportInteractionAssetContainerData" 3584
"../../../Engine/Content/VREditor/ViewportInteractionAssetContainerData.uasset" 3585
"../../../Engine/Content/VREditor/SnapGrid/SnapGridMaterial.uasset" 3586
"../../../Engine/Content/VREditor/TransformGizmo/TransformGizmoMaterial_Inst.uasset" 3587
"../../../Engine/Content/VREditor/TransformGizmo/TranslucentTransformGizmoMaterial_Inst.uasset" 3588
"../../../Engine/Content/VREditor/SnapGrid/SnapGridPlaneMesh.uasset" 3589
"../../../Engine/Content/VREditor/Sounds/UI/Drop_Item_From_ContentBrowser.uasset" 3590
"../../../Engine/Content/VREditor/Sounds/UI/Gizmo_Handle_Clicked.uasset" 3591
"../../../Engine/Content/VREditor/Sounds/UI/Object_PickUp.uasset" 3592
"../../../Engine/Content/VREditor/Sounds/UI/Object_Snaps_To_Another_Actor.uasset" 3593
"../../../Engine/Content/VREditor/Sounds/UI/Object_Snaps_To_Grid.uasset" 3594
"../../../Engine/Content/VREditor/Sounds/UI/Scaling_Down.uasset" 3595
"../../../Engine/Content/VREditor/Sounds/UI/Scaling_Up.uasset" 3596
"../../../Engine/Content/VREditor/Sounds/UI/Selection_Changes.uasset" 3597
"../../../Engine/Content/VREditor/TransformGizmo/PlaneTranslationHandle.uasset" 3598
"../../../Engine/Content/VREditor/TransformGizmo/RotationHandleFull.uasset" 3599
"../../../Engine/Content/VREditor/TransformGizmo/RotationHandleIndicator.uasset" 3600
"../../../Engine/Content/VREditor/TransformGizmo/RotationHandleQuarter.uasset" 3601
"../../../Engine/Content/VREditor/TransformGizmo/StartRotationHandleIndicator.uasset" 3602
"../../../Engine/Content/VREditor/TransformGizmo/TransformGizmoFreeRotation.uasset" 3603
"../../../Engine/Content/VREditor/TransformGizmo/TranslateArrowHandle.uasset" 3604
"../../../Engine/Content/VREditor/TransformGizmo/UniformScaleHandle.uasset" 3605
"../../../Engine/Content/Functions/Engine_MaterialFunctions02/Math/Transform3x3Matrix.uasset" 3606
"../../../Engine/Content/Functions/Engine_MaterialFunctions02/SplitComponents.uasset" 3607
"../../../Engine/Content/VREditor/TransformGizmo/TransformGizmoMaterial.uasset" 3608
"../../../Engine/Content/VREditor/TransformGizmo/TranslucentTransformGizmoMaterial.uasset" 3609
"../../../Engine/Content/Functions/Engine_MaterialFunctions02/Utility/BreakOutFloat3Components.uasset" 3610
"../../../Engine/Content/VREditor/LaserPointer/VR_LaserPower_01.uasset" 3611
"/Engine/VREditor/TransformGizmo/BoundingBoxCorner" 3612
"../../../Engine/Content/VREditor/TransformGizmo/BoundingBoxCorner.uasset" 3613
"/Engine/VREditor/TransformGizmo/BoundingBoxEdge" 3614
"../../../Engine/Content/VREditor/TransformGizmo/BoundingBoxEdge.uasset" 3615
"/Engine/ArtTools/RenderToTexture/Meshes/S_1_Unit_Plane" 3616
"../../../Engine/Content/ArtTools/RenderToTexture/Meshes/S_1_Unit_Plane.uasset" 3617
"/Engine/EngineDebugMaterials/M_SimpleUnlitTranslucent" 3618
"../../../Engine/Content/EngineDebugMaterials/M_SimpleUnlitTranslucent.uasset" 3619
"/Engine/EngineFonts/Roboto" 3620
"../../../Engine/Content/EngineFonts/Roboto.uasset" 3621
"../../../Engine/Content/EngineFonts/Faces/DroidSansFallback.uasset" 3622
"../../../Engine/Content/EngineFonts/Faces/RobotoBold.uasset" 3623
"../../../Engine/Content/EngineFonts/Faces/RobotoBoldItalic.uasset" 3624
"../../../Engine/Content/EngineFonts/Faces/RobotoItalic.uasset" 3625
"../../../Engine/Content/EngineFonts/Faces/RobotoLight.uasset" 3626
"../../../Engine/Content/EngineFonts/Faces/RobotoRegular.uasset" 3627
"/Engine/EditorMaterials/ParticleSystems/PSysThumbnail_NoImage" 3628
"../../../Engine/Content/EditorMaterials/ParticleSystems/PSysThumbnail_NoImage.uasset" 3629
"/Engine/EditorMaterials/ParticleSystems/PSysThumbnail_OOD" 3630
"../../../Engine/Content/EditorMaterials/ParticleSystems/PSysThumbnail_OOD.uasset" 3631
"/Engine/EngineResources/LandscapeVisibilityLayerInfo" 3632
"../../../Engine/Content/EngineResources/LandscapeVisibilityLayerInfo.uasset" 3633
"/Water/Meshes/LakeMesh" 3634
"../../Plugins/Experimental/Water/Content/Meshes/LakeMesh.uasset" 3635
"/Water/Meshes/RiverMesh" 3636
"../../Plugins/Experimental/Water/Content/Meshes/RiverMesh.uasset" 3637
"/Water/Icons/WaterBodyExclusionVolumeSprite" 3638
"../../Plugins/Experimental/Water/Content/Icons/WaterBodyExclusionVolumeSprite.uasset" 3639
"/ACLPlugin/ACLAnimBoneCompressionSettings" 3640
"../../Plugins/Animation/ACLPlugin/Content/ACLAnimBoneCompressionSettings.uasset" 3641
"/Engine/Animation/DefaultRecorderBoneCompression" 3642
"../../../Engine/Content/Animation/DefaultRecorderBoneCompression.uasset" 3643
"/ACLPlugin/ACLAnimCurveCompressionSettings" 3644
"../../Plugins/Animation/ACLPlugin/Content/ACLAnimCurveCompressionSettings.uasset" 3645
"/Engine/Animation/DefaultVariableFrameStrippingSettings" 3646
"../../../Engine/Content/Animation/DefaultVariableFrameStrippingSettings.uasset" 3647
"/ControlRig/Controls/ControlRigXRayMaterial" 3648
"../../Plugins/Animation/ControlRig/Content/Controls/ControlRigXRayMaterial.uasset" 3649
"/ControlRig/Controls/DefaultGizmoLibraryNormalized" 3650
"../../Plugins/Animation/ControlRig/Content/Controls/DefaultGizmoLibraryNormalized.uasset" 3651
"/ControlRig/M_Manip" 3652
"../../Plugins/Animation/ControlRig/Content/M_Manip.uasset" 3653
"../../../Engine/Content/Functions/Engine_MaterialFunctions02/WorldPositionOffset/CameraOffset.uasset" 3654
"/AudioWidgets/Resources/ScrubHandleDown_Clamped" 3655
"../../Plugins/Runtime/AudioWidgets/Content/Resources/ScrubHandleDown_Clamped.uasset" 3656
"/Paper2D/MaskedUnlitSpriteMaterial" 3657
"../../Plugins/2D/Paper2D/Content/MaskedUnlitSpriteMaterial.uasset" 3658
"../../Plugins/2D/Paper2D/Content/DefaultSpriteMaterial.uasset" 3659
"../../Plugins/2D/Paper2D/Content/PlaceholderTextures/DummySpriteTexture.uasset" 3660
"/Paper2D/OpaqueUnlitSpriteMaterial" 3661
"../../Plugins/2D/Paper2D/Content/OpaqueUnlitSpriteMaterial.uasset" 3662
"/Paper2D/DefaultPaperTerrainMaterial" 3663
"../../Plugins/2D/Paper2D/Content/DefaultPaperTerrainMaterial.uasset" 3664
"../../Plugins/2D/Paper2D/Content/DummySprite.uasset" 3665
"/SpeedTreeImporter/SpeedTree9/SpeedTreeMaster" 3666
"../../Plugins/Editor/SpeedTreeImporter/Content/SpeedTree9/SpeedTreeMaster.uasset" 3667
"../../../Engine/Content/Functions/Engine_MaterialFunctions02/ObjectLocalBounds.uasset" 3668
"../../../Engine/Content/Functions/Engine_MaterialFunctions02/SafeNormalize.uasset" 3669
"../../../Engine/Content/Functions/Engine_MaterialFunctions02/Utility/VectorLength.uasset" 3670
"../../../Engine/Content/Functions/Engine_MaterialFunctions02/UVs/BoundingBoxBased_0-1_UVW.uasset" 3671
"../../../Engine/Content/Functions/Engine_MaterialFunctions02/WorldPositionOffset/ObjectScale.uasset" 3672
"../../Plugins/Editor/SpeedTreeImporter/Content/SpeedTree9/SpeedTreeBranchMotion.uasset" 3673
"../../Plugins/Editor/SpeedTreeImporter/Content/SpeedTree9/SpeedTreeCameraFacing.uasset" 3674
"../../Plugins/Editor/SpeedTreeImporter/Content/SpeedTree9/SpeedTreeWind.uasset" 3675
"../../Plugins/Editor/SpeedTreeImporter/Content/SpeedTree9/SpeedTreeWindMotion.uasset" 3676
"../../Plugins/Editor/SpeedTreeImporter/Content/SpeedTree9/UnpackDirection.uasset" 3677
"../../Plugins/Editor/SpeedTreeImporter/Content/SpeedTree9/UnpackInteger3.uasset" 3678
"../../Plugins/Editor/SpeedTreeImporter/Content/SpeedTree9/Empty.uasset" 3679
"../../Plugins/Editor/SpeedTreeImporter/Content/SpeedTree9/EmptyNormal.uasset" 3680
"../../Plugins/Editor/SpeedTreeImporter/Content/SpeedTree9/game_wind_noise.uasset" 3681
"/SpeedTreeImporter/SpeedTree9/SpeedTreeBillboardMaster" 3682
"../../Plugins/Editor/SpeedTreeImporter/Content/SpeedTree9/SpeedTreeBillboardMaster.uasset" 3683
"../../Plugins/Editor/SpeedTreeImporter/Content/SpeedTree9/SpeedTreeBillboard.uasset" 3684
"/MediaPlate/SM_MediaPlateScreen" 3685
"../../Plugins/Media/MediaPlate/Content/SM_MediaPlateScreen.uasset" 3686
"/Landmass/Landscape/BlueprintBrushes/Materials/Internal/BrushBounds" 3687
"../../Plugins/Experimental/Landmass/Content/Landscape/BlueprintBrushes/Materials/Internal/BrushBounds.uasset" 3688
"../../../Engine/Content/EditorMaterials/TilingAAGrid.uasset" 3689
"../../../Engine/Content/EditorMaterials/TilingAALineBoxFiltered.uasset" 3690
"../../../Engine/Content/EditorMaterials/TilingAALineIntegral.uasset" 3691
"../../../Engine/Content/Functions/Engine_MaterialFunctions01/ImageAdjustment/SCurve.uasset" 3692
"../../../Engine/Content/Functions/Engine_MaterialFunctions02/WorldPositionOffset/V2/ObjectScale.uasset" 3693
"../../../Engine/Content/Functions/Engine_MaterialFunctions03/Blends/Blend_Screen.uasset" 3694
"../../../Engine/Content/Functions/Engine_MaterialFunctions03/Procedurals/ComputeFilterWidth.uasset" 3695
"../../Plugins/Experimental/Landmass/Content/Landscape/BlueprintBrushes/Materials/BrushMaterials/BasicFunctions/LandmassBrush_ShapeMask.uasset" 3696
"../../Plugins/Experimental/Landmass/Content/Landscape/BlueprintBrushes/MF/Landmass_BrushTilt.uasset" 3697
"../../Plugins/Experimental/Landmass/Content/Landscape/BlueprintBrushes/MF/LandmassBrush_EdgeFalloff.uasset" 3698
"../../Plugins/Experimental/Landmass/Content/Landscape/BlueprintBrushes/MF/LandmassBrush_Noise.uasset" 3699
"../../Plugins/Experimental/Landmass/Content/Landscape/BlueprintBrushes/MF/LandmassBrush_UVs.uasset" 3700
"../../Plugins/Experimental/Landmass/Content/Landscape/BlueprintBrushes/MF/PointSampleLandscapeUVs.uasset" 3701
"../../Plugins/Experimental/Landmass/Content/Landscape/OldPrototype_BP/Mats/MF/UnpackRG8Height.uasset" 3702
"../../Plugins/Experimental/Landmass/Content/Landscape/BlueprintBrushes/MPC/MPC_Landscape.uasset" 3703
"../../../Engine/Content/ArtTools/RenderToTexture/Textures/T_EV_BlankWhite_01.uasset" 3704
"../../../Engine/Content/EngineMaterials/BlendFunc_DefBase.uasset" 3705
"../../../Engine/Content/EngineMaterials/BlendFunc_DefBlend.uasset" 3706
"../../../Engine/Content/EngineResources/Black_Low.uasset" 3707
"/Landmass/Landscape/Meshes/S_SpritePlane" 3708
"../../Plugins/Experimental/Landmass/Content/Landscape/Meshes/S_SpritePlane.uasset" 3709
"/Landmass/Landscape/BlueprintBrushes/Materials/Sprite/M_BrushSprite_01" 3710
"../../Plugins/Experimental/Landmass/Content/Landscape/BlueprintBrushes/Materials/Sprite/M_BrushSprite_01.uasset" 3711
"../../../Engine/Content/Functions/Engine_MaterialFunctions02/WorldPositionOffset/ComponentPivotLocation.uasset" 3712
"../../../Engine/Content/Functions/Engine_MaterialFunctions02/WorldPositionOffset/Sprite.uasset" 3713
"../../../Engine/Content/EditorResources/S_Terrain.uasset" 3714
"/Engine/BasicShapes/BasicShapeMaterial" 3715
"../../../Engine/Content/BasicShapes/BasicShapeMaterial.uasset" 3716
"/Engine/EditorMaterials/Dataflow/DataflowVertexMaterial" 3717
"../../../Engine/Content/EditorMaterials/Dataflow/DataflowVertexMaterial.uasset" 3718
"/Engine/EditorMaterials/Dataflow/DataflowTwoSidedVertexMaterial" 3719
"../../../Engine/Content/EditorMaterials/Dataflow/DataflowTwoSidedVertexMaterial.uasset" 3720
"/Engine/EditorLandscapeResources/LayerVisMaterial" 3721
"../../../Engine/Content/EditorLandscapeResources/LayerVisMaterial.uasset" 3722
"../../../Engine/Content/EditorLandscapeResources/WhiteSquareTexture.uasset" 3723
"/Engine/EditorLandscapeResources/SelectBrushMaterial_Selected" 3724
"../../../Engine/Content/EditorLandscapeResources/SelectBrushMaterial_Selected.uasset" 3725
"../../../Engine/Content/EditorLandscapeResources/SelectBrushMaterial.uasset" 3726
"../../../Engine/Content/Functions/Engine_MaterialFunctions03/Math/WithinRangeFloat2.uasset" 3727
"../../../Engine/Content/EditorLandscapeResources/DefaultAlphaTexture.uasset" 3728
"/Engine/EditorLandscapeResources/SelectBrushMaterial_SelectedRegion" 3729
"../../../Engine/Content/EditorLandscapeResources/SelectBrushMaterial_SelectedRegion.uasset" 3730
"/Engine/EditorLandscapeResources/MaskBrushMaterial_MaskedRegion" 3731
"../../../Engine/Content/EditorLandscapeResources/MaskBrushMaterial_MaskedRegion.uasset" 3732
"../../../Engine/Content/EditorLandscapeResources/MaskBrushMaterial.uasset" 3733
"/Engine/EditorLandscapeResources/ColorMaskBrushMaterial_MaskedRegion" 3734
"../../../Engine/Content/EditorLandscapeResources/ColorMaskBrushMaterial_MaskedRegion.uasset" 3735
"../../../Engine/Content/EditorLandscapeResources/ColorMaskBrushMaterial.uasset" 3736
"/Engine/EditorLandscapeResources/LandscapeDirtyMaterial" 3737
"../../../Engine/Content/EditorLandscapeResources/LandscapeDirtyMaterial.uasset" 3738
"/Engine/EditorLandscapeResources/LandscapeLayerUsageMaterial" 3739
"../../../Engine/Content/EditorLandscapeResources/LandscapeLayerUsageMaterial.uasset" 3740
"../../../Engine/Content/Functions/Engine_MaterialFunctions01/Debug/DebugIntValues.uasset" 3741
"../../../Engine/Content/Functions/Engine_MaterialFunctions01/Texturing/ScaleUVsByCenter.uasset" 3742
"../../../Engine/Content/Functions/Engine_MaterialFunctions02/WorldPositionOffset/LocalPosition.uasset" 3743
"../../../Engine/Content/Functions/Engine_MaterialFunctions01/Texturing/TextureCropping.uasset" 3744
"../../../Engine/Content/Functions/Engine_MaterialFunctions02/ExampleContent/DebugNumberStrip.uasset" 3745
"C:/Users/tarvi/AppData/Local/UnrealEngine/Editor/UInteractiveToolsPresetCollectionAsset_DefaultCollection.json" 3746
"/Engine/EngineMaterials/NaniteHiddenSectionMaterial" 3747
"../../../Engine/Content/EngineMaterials/NaniteHiddenSectionMaterial.uasset" 3748
"/Engine/EngineMaterials/RemoveSurfaceMaterial" 3749
"../../../Engine/Content/EngineMaterials/RemoveSurfaceMaterial.uasset" 3750
"/Engine/EngineDebugMaterials/DebugMeshMaterial" 3751
"../../../Engine/Content/EngineDebugMaterials/DebugMeshMaterial.uasset" 3752
"/Engine/EngineMaterials/EmissiveMeshMaterial" 3753
"../../../Engine/Content/EngineMaterials/EmissiveMeshMaterial.uasset" 3754
"../../../Engine/Content/EngineMaterials/DefaultWhiteGrid_Low.uasset" 3755
"/Engine/EngineMaterials/M_InvalidLightmapSettings" 3756
"../../../Engine/Content/EngineMaterials/M_InvalidLightmapSettings.uasset" 3757
"../../../Engine/Content/EngineMaterials/InvalidLightmapSettings.uasset" 3758
"/Engine/EngineMaterials/GizmoMaterial" 3759
"../../../Engine/Content/EngineMaterials/GizmoMaterial.uasset" 3760
"/Engine/EngineMaterials/PhAT_JointLimitMaterial" 3761
"../../../Engine/Content/EngineMaterials/PhAT_JointLimitMaterial.uasset" 3762
"/Engine/EngineMaterials/FlattenMaterial" 3763
"../../../Engine/Content/EngineMaterials/FlattenMaterial.uasset" 3764
"../../../Engine/Content/EngineMaterials/BaseFlattenDiffuseMap.uasset" 3765
"../../../Engine/Content/EngineMaterials/BaseFlattenEmissiveMap.uasset" 3766
"../../../Engine/Content/EngineMaterials/BaseFlattenGrayscaleMap.uasset" 3767
"../../../Engine/Content/EngineMaterials/BaseFlattenLinearColor.uasset" 3768
"../../../Engine/Content/EngineMaterials/BaseFlattenNormalMap.uasset" 3769
"../../../Engine/Content/Functions/Engine_MaterialFunctions02/PivotPainter2/Black_1x1_EXR_Texture.uasset" 3770
"/Engine/EngineMaterials/FlattenMaterial_VT" 3771
"../../../Engine/Content/EngineMaterials/FlattenMaterial_VT.uasset" 3772
"../../../Engine/Content/EngineMaterials/BaseFlattenDiffuseMap_VT.uasset" 3773
"../../../Engine/Content/EngineMaterials/BaseFlattenEmissiveMap_VT.uasset" 3774
"../../../Engine/Content/EngineMaterials/BaseFlattenGrayscaleMap_VT.uasset" 3775
"../../../Engine/Content/EngineMaterials/BaseFlattenLinearColor_VT.uasset" 3776
"../../../Engine/Content/EngineMaterials/BaseFlattenNormalMap_VT.uasset" 3777
"../../../Engine/Content/EngineMaterials/Black_1x1_EXR_Texture_VT.uasset" 3778
"/Engine/EngineMaterials/FlattenMaterial_WS_Normal_VT" 3779
"../../../Engine/Content/EngineMaterials/FlattenMaterial_WS_Normal_VT.uasset" 3780
"/Engine/EngineMaterials/Good64x64TilingNoiseHighFreq" 3781
"../../../Engine/Content/EngineMaterials/Good64x64TilingNoiseHighFreq.uasset" 3782
"/Engine/EngineMaterials/DefaultBokeh" 3783
"../../../Engine/Content/EngineMaterials/DefaultBokeh.uasset" 3784
"/Engine/EngineMaterials/MiniFont" 3785
"../../../Engine/Content/EngineMaterials/MiniFont.uasset" 3786
"/Engine/EngineMaterials/WeightMapPlaceholderTexture" 3787
"../../../Engine/Content/EngineMaterials/WeightMapPlaceholderTexture.uasset" 3788
"/Engine/EngineMaterials/WeightMapArrayPlaceholderTexture" 3789
"../../../Engine/Content/EngineMaterials/WeightMapArrayPlaceholderTexture.uasset" 3790
"/Engine/EngineMaterials/DefaultWhiteGrid" 3791
"../../../Engine/Content/EngineMaterials/DefaultWhiteGrid.uasset" 3792
"/Engine/EngineMaterials/PreintegratedSkinBRDF" 3793
"../../../Engine/Content/EngineMaterials/PreintegratedSkinBRDF.uasset" 3794
"/Engine/EngineMaterials/LTC/GGX_LTCAmp" 3795
"../../../Engine/Content/EngineMaterials/LTC/GGX_LTCAmp.uasset" 3796
"/Engine/EngineMaterials/LTC/GGX_LTCMat" 3797
"../../../Engine/Content/EngineMaterials/LTC/GGX_LTCMat.uasset" 3798
"/Engine/EngineMaterials/EnergyConservation/GGX_ReflectionEnergy" 3799
"../../../Engine/Content/EngineMaterials/EnergyConservation/GGX_ReflectionEnergy.uasset" 3800
"/Engine/EngineMaterials/EnergyConservation/GGX_TransmissionEnergyArray" 3801
"../../../Engine/Content/EngineMaterials/EnergyConservation/GGX_TransmissionEnergyArray.uasset" 3802
"/Engine/EngineMaterials/EnergyConservation/SheenLegacy_Energy" 3803
"../../../Engine/Content/EngineMaterials/EnergyConservation/SheenLegacy_Energy.uasset" 3804
"/Engine/EngineMaterials/DefaultPhysicalMaterial" 3805
"../../../Engine/Content/EngineMaterials/DefaultPhysicalMaterial.uasset" 3806
"/Engine/EngineMaterials/DefaultDestructiblePhysicalMaterial" 3807
"../../../Engine/Content/EngineMaterials/DefaultDestructiblePhysicalMaterial.uasset" 3808
"/Water/Materials/MPC/MPC_Water" 3809
"../../Plugins/Experimental/Water/Content/Materials/MPC/MPC_Water.uasset" 3810
"C:/Users/tarvi/AppData/Local/UnrealEngine/Editor/ProjectEditorRecords.json" 3811
"/Niagara/ParameterDefinitions/SpriteRenderer" 3812
"../../Plugins/FX/Niagara/Content/ParameterDefinitions/SpriteRenderer.uasset" 3813
"/Niagara/ParameterDefinitions/RibbonRenderer" 3814
"../../Plugins/FX/Niagara/Content/ParameterDefinitions/RibbonRenderer.uasset" 3815
"/Niagara/ParameterDefinitions/MeshRenderer" 3816
"../../Plugins/FX/Niagara/Content/ParameterDefinitions/MeshRenderer.uasset" 3817
"/Niagara/ParameterDefinitions/LightRenderer" 3818
"../../Plugins/FX/Niagara/Content/ParameterDefinitions/LightRenderer.uasset" 3819
"/Niagara/ParameterDefinitions/DecalRenderer" 3820
"../../Plugins/FX/Niagara/Content/ParameterDefinitions/DecalRenderer.uasset" 3821
"/Niagara/ParameterDefinitions/CoreParameters" 3822
"../../Plugins/FX/Niagara/Content/ParameterDefinitions/CoreParameters.uasset" 3823
"/DeformerGraph/Deformers/DG_LinearBlendSkin_Morph_Cloth" 3824
"../../Plugins/Animation/DeformerGraph/Content/Deformers/DG_LinearBlendSkin_Morph_Cloth.uasset" 3825
"../../Plugins/Animation/DeformerGraph/Content/DeformerFunctions/DG_Function_LinearBlendSkin_Morph_Cloth.uasset" 3826
"/DeformerGraph/Deformers/DG_LinearBlendSkin_Morph_Cloth_RecomputeNormals" 3827
"../../Plugins/Animation/DeformerGraph/Content/Deformers/DG_LinearBlendSkin_Morph_Cloth_RecomputeNormals.uasset" 3828
"../../Plugins/Animation/DeformerGraph/Content/DeformerFunctions/DG_Function_ComputeNormalsTangents.uasset" 3829
"../../Plugins/Animation/DeformerGraph/Content/DeformerFunctions/DG_Function_LinearBlendSkin_Morph_Cloth_PositionOnly.uasset" 3830
"/Engine/BasicShapes/Sphere" 3831
"../../../Engine/Content/BasicShapes/Sphere.uasset" 3832
"../../../Engine/Content/EngineMaterials/DefaultMaterial.uasset" 3833
"/Engine/BasicShapes/Cylinder" 3834
"../../../Engine/Content/BasicShapes/Cylinder.uasset" 3835
"/Engine/BasicShapes/Cone" 3836
"../../../Engine/Content/BasicShapes/Cone.uasset" 3837
"/Engine/BasicShapes/Plane" 3838
"../../../Engine/Content/BasicShapes/Plane.uasset" 3839
"../../../Engine/Documentation/Source/Shared/Types/ABrush/ABrush.INT.udn" 3840
"../../../Engine/Content/Internationalization/icudt64l/brkitr/en_US.res" 3841
"../../../Engine/Content/Internationalization/icudt64l/brkitr/en.res" 3842
"../../../Engine/Content/Internationalization/icudt64l/brkitr/root.res" 3843
"../../../Engine/Content/Internationalization/icudt64l/brkitr/char.brk" 3844
"../../../Engine/Content/Internationalization/icudt64l/brkitr/word.brk" 3845
"/Water/Curves/FloatCurve" 3846
"../../Plugins/Experimental/Water/Content/Curves/FloatCurve.uasset" 3847
"/Water/Curves/FloatCurve_WaterBodyIsland" 3848
"../../Plugins/Experimental/Water/Content/Curves/FloatCurve_WaterBodyIsland.uasset" 3849
"/Water/Waves/GerstnerWaves_Lake" 3850
"../../Plugins/Experimental/Water/Content/Waves/GerstnerWaves_Lake.uasset" 3851
"/Water/Waves/GerstnerWaves_Ocean" 3852
"../../Plugins/Experimental/Water/Content/Waves/GerstnerWaves_Ocean.uasset" 3853
"/Water/Icons/WaterSprite" 3854
"../../Plugins/Experimental/Water/Content/Icons/WaterSprite.uasset" 3855
"/Water/Icons/WaterErrorSprite" 3856
"../../Plugins/Experimental/Water/Content/Icons/WaterErrorSprite.uasset" 3857
"/Water/Icons/WaterLandscapeBrushSprite" 3858
"../../Plugins/Experimental/Water/Content/Icons/WaterLandscapeBrushSprite.uasset" 3859
"/Engine/EngineFonts/DroidSansMono" 3860
"../../../Engine/Content/EngineFonts/DroidSansMono.uasset" 3861
"../../../Engine/Content/EngineFonts/Faces/DroidSansMono.uasset" 3862
"/Engine/EditorResources/SequenceRecorder/Countdown" 3863
"../../../Engine/Content/EditorResources/SequenceRecorder/Countdown.uasset" 3864
"/Engine/EditorResources/SequenceRecorder/RecordingIndicator" 3865
"../../../Engine/Content/EditorResources/SequenceRecorder/RecordingIndicator.uasset" 3866
"/Engine/EditorMaterials/PhAT_UnselectedMaterial" 3867
"../../../Engine/Content/EditorMaterials/PhAT_UnselectedMaterial.uasset" 3868
"/Engine/EditorMaterials/PhAT_NoCollisionMaterial" 3869
"../../../Engine/Content/EditorMaterials/PhAT_NoCollisionMaterial.uasset" 3870
"../../../Engine/Plugins/FX/Niagara/Shaders/Private/NiagaraDataInterfaceTexture2DArrayTemplate.ush" 3871
"../../../Engine/Plugins/FX/Niagara/Shaders/Private/NiagaraDataInterfaceActorComponentTemplate.ush" 3872
"../../../Engine/Plugins/FX/Niagara/Shaders/Private/NiagaraDataInterfaceArrayTemplate.ush" 3873
"../../../Engine/Plugins/FX/Niagara/Shaders/Private/NiagaraDataInterfaceArrayRWTemplate.ush" 3874
"../../../Engine/Plugins/FX/Niagara/Shaders/Private/NiagaraDataInterfaceAsyncGpuTrace.ush" 3875
"../../../Engine/Plugins/FX/Niagara/Shaders/Private/NiagaraDataInterfaceAsyncGpuTraceTemplate.ush" 3876
"../../../Engine/Plugins/FX/Niagara/Shaders/Private/NiagaraDataInterfaceCamera.ush" 3877
"../../../Engine/Plugins/Experimental/ChaosNiagara/Shaders/NiagaraDataInterfaceChaosDestruction.ush" 3878
"../../../Engine/Plugins/FX/Niagara/Shaders/Private/NiagaraDataInterfaceCollisionQuery.ush" 3879
"../../../Engine/Plugins/FX/Niagara/Shaders/Private/NiagaraDataInterfaceCollisionQueryTemplate.ush" 3880
"../../../Engine/Plugins/FX/Niagara/Shaders/Private/NiagaraDataInterfaceCurveTemplate.ush" 3881
"../../../Engine/Plugins/FX/Niagara/Shaders/Private/NiagaraDataInterfaceCubeTextureTemplate.ush" 3882
"../../../Engine/Plugins/FX/Niagara/Shaders/Private/DataChannel/NiagaraDataInterfaceDataChannelCommon.ush" 3883
"../../../Engine/Plugins/FX/Niagara/Shaders/Private/DataChannel/NiagaraDataInterfaceDataChannelTemplateCommon.ush" 3884
"../../../Engine/Plugins/FX/Niagara/Shaders/Private/DataChannel/NiagaraDataInterfaceDataChannelTemplateReadCommon.ush" 3885
"../../../Engine/Plugins/FX/Niagara/Shaders/Private/DataChannel/NiagaraDataInterfaceDataChannelTemplate_Read.ush" 3886
"../../../Engine/Plugins/FX/Niagara/Shaders/Private/DataChannel/NiagaraDataInterfaceDataChannelTemplate_Consume.ush" 3887
"../../../Engine/Plugins/FX/Niagara/Shaders/Private/DataChannel/NiagaraDataInterfaceDataChannelTemplateWriteCommon.ush" 3888
"../../../Engine/Plugins/FX/Niagara/Shaders/Private/DataChannel/NiagaraDataInterfaceDataChannelTemplate_Append.ush" 3889
"../../../Engine/Plugins/FX/Niagara/Shaders/Private/NiagaraDataInterfaceDataTableTemplate.ush" 3890
"../../../Engine/Plugins/FX/Niagara/Shaders/Private/NiagaraDataInterfaceDebugDraw.ush" 3891
"../../../Engine/Plugins/FX/Niagara/Shaders/Private/NiagaraDataInterfaceDebugDrawTemplate.ush" 3892
"../../../Engine/Plugins/FX/Niagara/Shaders/Private/NiagaraDataInterfaceDynamicMeshTemplate.ush" 3893
"../../../Engine/Plugins/FX/Niagara/Shaders/Private/NiagaraDataInterfaceEmitterPropertiesTemplate.ush" 3894
"../../../Engine/Plugins/FX/Niagara/Shaders/Private/NiagaraDataInterfaceExportTemplate.ush" 3895
"../../../Engine/Plugins/FX/Niagara/Shaders/Private/NiagaraDataInterfaceGBufferTemplate.ush" 3896
"../../../Engine/Plugins/Experimental/ChaosNiagara/Shaders/NiagaraDataInterfaceGeometryCollection.ush" 3897
"../../../Engine/Plugins/FX/Niagara/Shaders/Private/NiagaraTransformUtils.ush" 3898
"../../../Engine/Plugins/Runtime/HairStrands/Shaders/Private/NiagaraStrandsExternalForce.ush" 3899
"../../../Engine/Plugins/Runtime/HairStrands/Shaders/Private/NiagaraHookeSpringMaterial.ush" 3900
"../../../Engine/Plugins/Runtime/HairStrands/Shaders/Private/NiagaraAngularSpringMaterial.ush" 3901
"../../../Engine/Plugins/Runtime/HairStrands/Shaders/Private/NiagaraConstantVolumeMaterial.ush" 3902
"../../../Engine/Plugins/Runtime/HairStrands/Shaders/Private/NiagaraCosseratRodMaterial.ush" 3903
"../../../Engine/Plugins/Runtime/HairStrands/Shaders/Private/NiagaraStaticCollisionConstraint.ush" 3904
"../../../Engine/Plugins/Runtime/HairStrands/Shaders/Private/NiagaraDataInterfaceHairStrands.ush" 3905
"../../../Engine/Plugins/Runtime/HairStrands/Shaders/Private/NiagaraDataInterfaceHairStrandsTemplate.ush" 3906
"../../../Engine/Plugins/FX/Niagara/Shaders/Private/NiagaraDataInterfaceIntRenderTarget2D.ush" 3907
"../../../Engine/Plugins/FX/Niagara/Shaders/Private/NiagaraDataInterfaceLandscape.ush" 3908
"../../../Engine/Plugins/FX/Niagara/Shaders/Private/NiagaraDataInterfaceMemoryBufferTemplate.ush" 3909
"../../../Engine/Plugins/FX/Niagara/Shaders/Private/NiagaraDataInterfaceMeshRendererInfoTemplate.ush" 3910
"../../../Engine/Plugins/FX/Niagara/Shaders/Private/NiagaraDataInterfaceOcclusion.ush" 3911
"../../../Engine/Plugins/FX/Niagara/Shaders/Private/NiagaraDataInterfacePhysicsAsset.ush" 3912
"../../../Engine/Plugins/Experimental/ChaosNiagara/Shaders/NiagaraDataInterfacePhysicsField.ush" 3913
"../../../Engine/Plugins/FX/Niagara/Shaders/Private/NiagaraDataInterfacePlatformSetTemplate.ush" 3914
"../../../Engine/Plugins/Runtime/HairStrands/Shaders/Private/NiagaraDataInterfaceVelocityGrid.ush" 3915
"../../../Engine/Plugins/Runtime/HairStrands/Shaders/Private/NiagaraDataInterfaceVelocityGridTemplate.ush" 3916
"../../../Engine/Plugins/Runtime/HairStrands/Shaders/Private/NiagaraDataInterfacePressureGrid.ush" 3917
"../../../Engine/Plugins/Runtime/HairStrands/Shaders/Private/NiagaraDataInterfacePressureGridTemplate.ush" 3918
"../../../Engine/Plugins/FX/Niagara/Shaders/Private/NiagaraDataInterfaceRenderTarget2DTemplate.ush" 3919
"../../../Engine/Plugins/FX/Niagara/Shaders/Private/NiagaraDataInterfaceRenderTarget2DArrayTemplate.ush" 3920
"../../../Engine/Plugins/FX/Niagara/Shaders/Private/NiagaraDataInterfaceRenderTargetCubeTemplate.ush" 3921
"../../../Engine/Plugins/FX/Niagara/Shaders/Private/NiagaraDataInterfaceRenderTargetVolumeTemplate.ush" 3922
"../../../Engine/Plugins/FX/Niagara/Shaders/Private/NiagaraDataInterfaceRigidMeshCollisionQuery.ush" 3923
"../../../Engine/Plugins/FX/Niagara/Shaders/Private/NiagaraDistanceFieldQueries.ush" 3924
"../../../Engine/Plugins/FX/Niagara/Shaders/Private/NiagaraDataInterfaceSceneCapture2DTemplate.ush" 3925
"../../../Engine/Plugins/FX/Niagara/Shaders/Private/NiagaraDataInterfaceSimCacheReaderTemplate.ush" 3926
"../../../Engine/Plugins/FX/Niagara/Shaders/Private/NiagaraDataInterfaceSimpleCounterTemplate.ush" 3927
"../../../Engine/Plugins/FX/Niagara/Shaders/Private/NiagaraDataInterfaceSkeletalMesh.ush" 3928
"../../../Engine/Plugins/FX/Niagara/Shaders/Private/NiagaraBaryCentricUtils.ush" 3929
"../../../Engine/Plugins/FX/Niagara/Shaders/Private/NiagaraDataInterfaceSkeletalMeshTemplate.ush" 3930
"../../../Engine/Plugins/FX/Niagara/Shaders/Private/NiagaraDataInterfaceSocketReaderTemplate.ush" 3931
"../../../Engine/Plugins/FX/Niagara/Shaders/Private/NiagaraDataInterfaceSparseVolumeTextureTemplate.ush" 3932
"../../../Engine/Plugins/FX/Niagara/Shaders/Private/NiagaraDataInterfaceSplineTemplate.ush" 3933
"../../../Engine/Plugins/FX/Niagara/Shaders/Private/NiagaraDataInterfaceSpriteRendererInfoTemplate.ush" 3934
"../../../Engine/Plugins/FX/Niagara/Shaders/Private/NiagaraDataInterfaceStaticMeshTemplate.ush" 3935
"../../../Engine/Plugins/FX/Niagara/Shaders/Private/NiagaraDataInterfaceTextureTemplate.ush" 3936
"../../../Engine/Plugins/FX/Niagara/Shaders/Private/NiagaraDataInterfaceVirtualTexture.ush" 3937
"../../../Engine/Plugins/FX/Niagara/Shaders/Private/NiagaraDataInterfaceVirtualTextureTemplate.ush" 3938
"../../../Engine/Plugins/FX/Niagara/Shaders/Private/NiagaraDataInterfaceVolumeCache.ush" 3939
"../../../Engine/Plugins/FX/Niagara/Shaders/Private/NiagaraDataInterfaceVolumeTextureTemplate.ush" 3940
"D:/UNDERWATER_TEST01-5.2-5.6/Intermediate/ShaderAutogen/PCD3D_SM5/AutogenShaderHeaders.ush" 3941
"C:/Users/tarvi/AppData/Local/Temp/UnrealShaderWorkingDir/37D480304BED00B91E6597A81FC0EC5B/0/WorkerOutputOnly.out" 3942
"C:/Users/tarvi/AppData/Local/Temp/UnrealShaderWorkingDir/37D480304BED00B91E6597A81FC0EC5B/1/WorkerOutputOnly.out" 3943
"C:/Users/tarvi/AppData/Local/Temp/UnrealShaderWorkingDir/37D480304BED00B91E6597A81FC0EC5B/3/WorkerOutputOnly.out" 3944
"C:/Users/tarvi/AppData/Local/Temp/UnrealShaderWorkingDir/37D480304BED00B91E6597A81FC0EC5B/4/WorkerOutputOnly.out" 3945
"C:/Users/tarvi/AppData/Local/Temp/UnrealShaderWorkingDir/37D480304BED00B91E6597A81FC0EC5B/5/WorkerOutputOnly.out" 3946
"C:/Users/tarvi/AppData/Local/Temp/UnrealShaderWorkingDir/37D480304BED00B91E6597A81FC0EC5B/6/WorkerOutputOnly.out" 3947
"C:/Users/tarvi/AppData/Local/Temp/UnrealShaderWorkingDir/37D480304BED00B91E6597A81FC0EC5B/7/WorkerOutputOnly.out" 3948
"C:/Users/tarvi/AppData/Local/Temp/UnrealShaderWorkingDir/37D480304BED00B91E6597A81FC0EC5B/8/WorkerOutputOnly.out" 3949
"C:/Users/tarvi/AppData/Local/Temp/UnrealShaderWorkingDir/37D480304BED00B91E6597A81FC0EC5B/9/WorkerOutputOnly.out" 3950
"C:/Users/tarvi/AppData/Local/Temp/UnrealShaderWorkingDir/37D480304BED00B91E6597A81FC0EC5B/10/WorkerOutputOnly.out" 3951
"C:/Users/tarvi/AppData/Local/Temp/UnrealShaderWorkingDir/37D480304BED00B91E6597A81FC0EC5B/12/WorkerOutputOnly.out" 3952
"C:/Users/tarvi/AppData/Local/Temp/UnrealShaderWorkingDir/37D480304BED00B91E6597A81FC0EC5B/2/WorkerOutputOnly.out" 3953
"C:/Users/tarvi/AppData/Local/Temp/UnrealShaderWorkingDir/37D480304BED00B91E6597A81FC0EC5B/11/WorkerOutputOnly.out" 3954
"D:/UNDERWATER_TEST01-5.2-5.6/Content/Game_Systems/Paper2DSystem/BEN_TEST_Swapping.uasset" 3955
"D:/UNDERWATER_TEST01-5.2-5.6/Content/Game_Systems/Paper2DSystem/BEN_TEST_Swapping_Sprite.uasset" 3956
"D:/UNDERWATER_TEST01-5.2-5.6/Content/Game_Systems/Paper2DSystem/BENTESTSAD_SPRITE.uasset" 3957
"D:/UNDERWATER_TEST01-5.2-5.6/Content/Game_Systems/Paper2DSystem/BEN_TEST_Swapping_Flipbook.uasset" 3958
"D:/UNDERWATER_TEST01-5.2-5.6/Content/Game_Systems/Paper2DSystem/FB_BENSADTEST.uasset" 3959
"D:/UNDERWATER_TEST01-5.2-5.6/Content/Game_Systems/Paper2DSystem/BEN_TEST_SAD.uasset" 3960
"D:/UNDERWATER_TEST01-5.2-5.6/Content/Game_Systems/Paper2DSystem/IMG_3625_Sprite.uasset" 3961
"D:/UNDERWATER_TEST01-5.2-5.6/Content/Game_Systems/Paper2DSystem/IMG4.uasset" 3962
"D:/UNDERWATER_TEST01-5.2-5.6/Content/Game_Systems/Paper2DSystem/IMG_3628.uasset" 3963
"D:/UNDERWATER_TEST01-5.2-5.6/Content/Game_Systems/Paper2DSystem/IMG_3626.uasset" 3964
"D:/UNDERWATER_TEST01-5.2-5.6/Content/Game_Systems/Paper2DSystem/IMG_3625.uasset" 3965
"D:/UNDERWATER_TEST01-5.2-5.6/Content/Game_Systems/Paper2DSystem/IMG_3628_Sprite.uasset" 3966
"D:/UNDERWATER_TEST01-5.2-5.6/Content/Game_Systems/Paper2DSystem/IMG_3626_Sprite.uasset" 3967
"D:/UNDERWATER_TEST01-5.2-5.6/Content/Game_Systems/Paper2DSystem/IMG1.uasset" 3968
"D:/UNDERWATER_TEST01-5.2-5.6/Content/Game_Systems/Paper2DSystem/IMG_3629.uasset" 3969
"D:/UNDERWATER_TEST01-5.2-5.6/Content/Game_Systems/Paper2DSystem/IMG_3629_Sprite.uasset" 3970
"D:/UNDERWATER_TEST01-5.2-5.6/Content/Game_Systems/Paper2DSystem/IMG2.uasset" 3971
"D:/UNDERWATER_TEST01-5.2-5.6/Content/Game_Systems/Paper2DSystem/IMG5.uasset" 3972
"../../../Engine/Content/EditorResources/FieldNodes/_Resources/M_FieldRadiusPreview.uasset" 3973
"../../../Engine/Content/EditorResources/FieldNodes/_Resources/MI_FieldRadiusPreview.uasset" 3974
"../../../Engine/Content/EditorResources/FieldNodes/_Resources/SM_FieldArrow.uasset" 3975
"D:/UNDERWATER_TEST01-5.2-5.6/Content/EFlipbooks.uasset" 3976
"D:/UNDERWATER_TEST01-5.2-5.6/Content/Game_Systems/DialogueSystem/fan.uasset" 3977
"D:/UNDERWATER_TEST01-5.2-5.6/Content/Game_Systems/DialogueSystem/Enum_DialogueState.uasset" 3978
"D:/UNDERWATER_TEST01-5.2-5.6/Content/UI_Widget/W_DialogueOption.uasset" 3979
"/Game/EConversation" 3980
"/Game/Game_Systems/DialogueSystem/AC_Dialogue_SeahorseTest" 3981
"../../../../UNDERWATER_TEST01-5.2-5.6/Content/Game_Systems/DialogueSystem/AC_Dialogue_Base.uasset" 3982
"../../../Engine/Content/EditorBlueprintResources/StandardMacros.uasset" 3983
"../../../../UNDERWATER_TEST01-5.2-5.6/Content/Game_Systems/DialogueSystem/BluePrint_Interactable.uasset" 3984
"../../../../UNDERWATER_TEST01-5.2-5.6/Content/UI_Widget/W_Dialogue.uasset" 3985
"../../../../UNDERWATER_TEST01-5.2-5.6/Content/Game_Systems/Paper2DSystem/FB_BENIDLETEST.uasset" 3986
"../../../../UNDERWATER_TEST01-5.2-5.6/Content/Game_Systems/Paper2DSystem/BENTESTIDLE_SPRITE.uasset" 3987
"../../Plugins/2D/Paper2D/Content/TranslucentUnlitSpriteMaterial.uasset" 3988
"../../../../UNDERWATER_TEST01-5.2-5.6/Content/Game_Systems/Paper2DSystem/BEN_TEST_IDLE.uasset" 3989
"/Game/Game_Systems/Paper2DSystem/BEN_TEST_Swapping" 3990
"/Game/Game_Systems/Paper2DSystem/IMG_3625" 3991
"/Game/Game_Systems/Paper2DSystem/IMG_3626" 3992
"/Game/Game_Systems/Paper2DSystem/BEN_TEST_SAD" 3993
"/Game/Game_Systems/Paper2DSystem/BENTESTSAD_SPRITE" 3994
"/Game/Game_Systems/Paper2DSystem/FB_BENSADTEST" 3995
"/Game/Game_Systems/Paper2DSystem/IMG_3628" 3996
"/Game/Game_Systems/Paper2DSystem/IMG_3629" 3997
"/Game/Game_Systems/Paper2DSystem/BEN_TEST_Swapping_Sprite" 3998
"/Game/Game_Systems/Paper2DSystem/IMG_3625_Sprite" 3999
"/Game/Game_Systems/Paper2DSystem/IMG_3626_Sprite" 4000
"/Game/Game_Systems/Paper2DSystem/IMG2" 4001
"/Game/Game_Systems/Paper2DSystem/IMG_3629_Sprite" 4002
"/Game/Game_Systems/Paper2DSystem/IMG_3628_Sprite" 4003
"/Game/Game_Systems/Paper2DSystem/IMG4" 4004
"/Game/Game_Systems/Paper2DSystem/BEN_TEST_Swapping_Flipbook" 4005
"/Game/Game_Systems/Paper2DSystem/IMG1" 4006
"/Game/Game_Systems/Paper2DSystem/IMG5" 4007
"/Game/StarterContent/Props/SM_Chair" 4008
"../../../../UNDERWATER_TEST01-5.2-5.6/Content/StarterContent/Props/Materials/M_Chair.uasset" 4009
"../../../../UNDERWATER_TEST01-5.2-5.6/Content/StarterContent/Textures/T_Chair_M.uasset" 4010
"../../../../UNDERWATER_TEST01-5.2-5.6/Content/StarterContent/Textures/T_Chair_N.uasset" 4011
"/Engine/EditorResources/FieldNodes/_Resources/M_FieldRadiusPreview" 4012
"/Engine/EditorResources/FieldNodes/_Resources/MI_FieldRadiusPreview" 4013
"/Engine/EditorResources/FieldNodes/_Resources/SM_FieldArrow" 4014
"/Game/Game_Systems/Paper2DSystem/NPC_Fish_Child" 4015
"../../Plugins/Developer/Concert/ConcertSync/ConcertSyncClient/Content/HeadMesh.uasset" 4016
"../../../../UNDERWATER_TEST01-5.2-5.6/Content/EConversation.uasset" 4017
"../../../../UNDERWATER_TEST01-5.2-5.6/Content/EPickups.uasset" 4018
"../../../../UNDERWATER_TEST01-5.2-5.6/Content/Game_Systems/Paper2DSystem/IMG.uasset" 4019
"../../../../UNDERWATER_TEST01-5.2-5.6/Content/Game_Systems/Paper2DSystem/IMG3.uasset" 4020
"../../Plugins/Developer/Concert/ConcertSync/ConcertSyncClient/Content/M_Head_Body.uasset" 4021
"../../../../UNDERWATER_TEST01-5.2-5.6/Content/Game_Systems/Paper2DSystem/IMG_3624_Sprite.uasset" 4022
"../../../../UNDERWATER_TEST01-5.2-5.6/Content/Game_Systems/Paper2DSystem/IMG_3627_Sprite.uasset" 4023
"../../Plugins/Developer/Concert/ConcertSync/ConcertSyncClient/Content/Mannequin__normals.uasset" 4024
"../../../../UNDERWATER_TEST01-5.2-5.6/Content/Game_Systems/Paper2DSystem/IMG_3624.uasset" 4025
"../../../../UNDERWATER_TEST01-5.2-5.6/Content/Game_Systems/Paper2DSystem/IMG_3627.uasset" 4026
"D:/UNDERWATER_TEST01-5.2-5.6/Content/Corals/coral_models/coral_normal_/Elkhorn_Coral2.uasset" 4027
"D:/UNDERWATER_TEST01-5.2-5.6/Content/Corals/coral_models/coral_normal_/Lettuce_Leaf_Coral1.uasset" 4028
"D:/UNDERWATER_TEST01-5.2-5.6/Content/Corals/coral_models/coral_normal_/Mushroom_Coral2.uasset" 4029
"D:/UNDERWATER_TEST01-5.2-5.6/Content/Corals/coral_models/coral_normal_/Pink_Tipped_Anemore1.uasset" 4030
"D:/UNDERWATER_TEST01-5.2-5.6/Content/Corals/coral_models/coral_normal_/Lettuce_Leaf_Coral2.uasset" 4031
"D:/UNDERWATER_TEST01-5.2-5.6/Content/Corals/coral_models/coral_normal_/Staghorn_coral2.uasset" 4032
"D:/UNDERWATER_TEST01-5.2-5.6/Content/Corals/coral_models/coral_normal_/Staghorn_coral1.uasset" 4033
"D:/UNDERWATER_TEST01-5.2-5.6/Content/Corals/TEXTURE_coral_level2/Coral_normal_/Elkhorn_coral/Elkhorn_Coral2_aiStandardSurface8_BaseColor.uasset" 4034
"D:/UNDERWATER_TEST01-5.2-5.6/Content/Corals/TEXTURE_coral_level2/Coral_normal_/Elkhorn_coral/h_ec_02.uasset" 4035
"D:/UNDERWATER_TEST01-5.2-5.6/Content/Corals/TEXTURE_coral_level2/Coral_normal_/Elkhorn_coral/Elkhorn_Coral2_aiStandardSurface8_OcclusionRoughnessMetallic.uasset" 4036
"D:/UNDERWATER_TEST01-5.2-5.6/Content/Corals/TEXTURE_coral_level2/Coral_normal_/Elkhorn_coral/Elkhorn_Coral2_aiStandardSurface8_Normal.uasset" 4037
"D:/UNDERWATER_TEST01-5.2-5.6/Content/Corals/TEXTURE_coral_level2/Coral_normal_/Lettuce_leaf_coral/h_llc_01.uasset" 4038
"D:/UNDERWATER_TEST01-5.2-5.6/Content/Corals/TEXTURE_coral_level2/Coral_normal_/Lettuce_leaf_coral/llc_01_aiStandardSurface8_OcclusionRoughnessMetallic.uasset" 4039
"D:/UNDERWATER_TEST01-5.2-5.6/Content/Corals/TEXTURE_coral_level2/Coral_normal_/Lettuce_leaf_coral/llc_02_aiStandardSurface8_BaseColor.uasset" 4040
"D:/UNDERWATER_TEST01-5.2-5.6/Content/Corals/TEXTURE_coral_level2/Coral_normal_/Lettuce_leaf_coral/llc_01_aiStandardSurface8_BaseColor.uasset" 4041
"D:/UNDERWATER_TEST01-5.2-5.6/Content/Corals/TEXTURE_coral_level2/Coral_normal_/Lettuce_leaf_coral/llc_02_aiStandardSurface8_Normal.uasset" 4042
"D:/UNDERWATER_TEST01-5.2-5.6/Content/Corals/TEXTURE_coral_level2/Coral_normal_/Lettuce_leaf_coral/llc_01_aiStandardSurface8_Normal.uasset" 4043
"D:/UNDERWATER_TEST01-5.2-5.6/Content/Corals/TEXTURE_coral_level2/Coral_normal_/Lettuce_leaf_coral/llc_02_aiStandardSurface8_OcclusionRoughnessMetallic.uasset" 4044
"D:/UNDERWATER_TEST01-5.2-5.6/Content/Corals/TEXTURE_coral_level2/Coral_normal_/Lettuce_leaf_coral/h_llc_02.uasset" 4045
"D:/UNDERWATER_TEST01-5.2-5.6/Content/Corals/TEXTURE_coral_level2/Coral_normal_/Lettuce_leaf_coral/llc_02v2_aiStandardSurface8_BaseColor.uasset" 4046
"D:/UNDERWATER_TEST01-5.2-5.6/Content/Corals/TEXTURE_coral_level2/Coral_normal_/Lettuce_leaf_coral/llc_02v2_aiStandardSurface8_Normal.uasset" 4047
"D:/UNDERWATER_TEST01-5.2-5.6/Content/Corals/TEXTURE_coral_level2/Coral_normal_/Lettuce_leaf_coral/llc_02v2_aiStandardSurface8_OcclusionRoughnessMetallic.uasset" 4048
"D:/UNDERWATER_TEST01-5.2-5.6/Content/Corals/TEXTURE_coral_level2/Coral_normal_/Lettuce_leaf_coral/h_llc_02v2.uasset" 4049
"D:/UNDERWATER_TEST01-5.2-5.6/Content/Corals/TEXTURE_coral_level2/Coral_normal_/mushroom_coral/Mushroom_Coral2_aiStandardSurface8_BaseColor.uasset" 4050
"D:/UNDERWATER_TEST01-5.2-5.6/Content/Corals/TEXTURE_coral_level2/Coral_normal_/mushroom_coral/Mushroom_Coral2_aiStandardSurface8_Normal.uasset" 4051
"D:/UNDERWATER_TEST01-5.2-5.6/Content/Corals/TEXTURE_coral_level2/Coral_normal_/mushroom_coral/Mushroom_Coral2_aiStandardSurface8_OcclusionRoughnessMetallic.uasset" 4052
"D:/UNDERWATER_TEST01-5.2-5.6/Content/Corals/TEXTURE_coral_level2/Coral_normal_/mushroom_coral/h_mc_02.uasset" 4053
"D:/UNDERWATER_TEST01-5.2-5.6/Content/Corals/TEXTURE_coral_level2/Coral_normal_/pink_tipped_anemore/Pink_Tipped_Anemore1_aiStandardSurface3_BaseColor.uasset" 4054
"D:/UNDERWATER_TEST01-5.2-5.6/Content/Corals/TEXTURE_coral_level2/Coral_normal_/pink_tipped_anemore/Pink_Tipped_Anemore1_aiStandardSurface3_Normal.uasset" 4055
"D:/UNDERWATER_TEST01-5.2-5.6/Content/Corals/TEXTURE_coral_level2/Coral_normal_/pink_tipped_anemore/Pink_Tipped_Anemore1_aiStandardSurface3_OcclusionRoughnessMetallic.uasset" 4056
"D:/UNDERWATER_TEST01-5.2-5.6/Content/Corals/TEXTURE_coral_level2/Coral_normal_/pink_tipped_anemore/h_pta_01.uasset" 4057
"D:/UNDERWATER_TEST01-5.2-5.6/Content/Corals/TEXTURE_coral_level2/Coral_normal_/pink_tipped_anemore/pta_01_aiStandardSurface1_BaseColor.uasset" 4058
"/Game/Corals/TEXTURE_coral_level2/Coral_normal_/Lettuce_leaf_coral/llc_02v2_aiStandardSurface8_BaseColor" 4059
"/Game/Corals/TEXTURE_coral_level2/Coral_normal_/Lettuce_leaf_coral/h_llc_02" 4060
"/Game/Corals/TEXTURE_coral_level2/Coral_normal_/Lettuce_leaf_coral/h_llc_01" 4061
"/Game/Corals/TEXTURE_coral_level2/Coral_normal_/Elkhorn_coral/h_ec_02" 4062
"/Game/Corals/coral_models/coral_normal_/Staghorn_coral2" 4063
"/Game/Corals/coral_models/coral_normal_/Staghorn_coral1" 4064
"/Game/Corals/coral_models/coral_normal_/Pink_Tipped_Anemore1" 4065
"/Game/Corals/coral_models/coral_normal_/Mushroom_Coral2" 4066
"/Game/Corals/coral_models/coral_normal_/Lettuce_Leaf_Coral2" 4067
"/Game/Corals/coral_models/coral_normal_/Lettuce_Leaf_Coral1" 4068
"/Game/Corals/coral_models/coral_normal_/Elkhorn_Coral2" 4069
"/Game/Corals/TEXTURE_coral_level2/Coral_normal_/pink_tipped_anemore/pta_01_aiStandardSurface1_BaseColor" 4070
"/Game/Corals/TEXTURE_coral_level2/Coral_normal_/Lettuce_leaf_coral/llc_02v2_aiStandardSurface8_Normal" 4071
"../../../../UNDERWATER_TEST01-5.2-5.6/Content/Corals/coral_models/coral_normal_/Staghorn_coral2.uasset" 4072
"../../../../UNDERWATER_TEST01-5.2-5.6/Content/Corals/coral_models/coral_normal_/Staghorn_coral1.uasset" 4073
"/Game/Corals/TEXTURE_coral_level2/Coral_normal_/Lettuce_leaf_coral/llc_02v2_aiStandardSurface8_OcclusionRoughnessMetallic" 4074
"/Game/Corals/TEXTURE_coral_level2/Coral_normal_/Lettuce_leaf_coral/h_llc_02v2" 4075
"/Game/Corals/TEXTURE_coral_level2/Coral_normal_/mushroom_coral/Mushroom_Coral2_aiStandardSurface8_BaseColor" 4076
"/Game/Corals/TEXTURE_coral_level2/Coral_normal_/mushroom_coral/Mushroom_Coral2_aiStandardSurface8_Normal" 4077
"/Game/Corals/TEXTURE_coral_level2/Coral_normal_/mushroom_coral/Mushroom_Coral2_aiStandardSurface8_OcclusionRoughnessMetallic" 4078
"/Game/Corals/TEXTURE_coral_level2/Coral_normal_/mushroom_coral/h_mc_02" 4079
"/Game/Corals/TEXTURE_coral_level2/Coral_normal_/pink_tipped_anemore/Pink_Tipped_Anemore1_aiStandardSurface3_BaseColor" 4080
"../../../../UNDERWATER_TEST01-5.2-5.6/Content/Corals/coral_models/coral_normal_/Pink_Tipped_Anemore1.uasset" 4081
"/Game/Corals/TEXTURE_coral_level2/Coral_normal_/pink_tipped_anemore/Pink_Tipped_Anemore1_aiStandardSurface3_Normal" 4082
"/Game/Corals/TEXTURE_coral_level2/Coral_normal_/pink_tipped_anemore/Pink_Tipped_Anemore1_aiStandardSurface3_OcclusionRoughnessMetallic" 4083
"/Game/Corals/TEXTURE_coral_level2/Coral_normal_/pink_tipped_anemore/h_pta_01" 4084
"D:/UNDERWATER_TEST01-5.2-5.6/Content/Corals/TEXTURE_coral_level2/Coral_normal_/pink_tipped_anemore/pta_01_aiStandardSurface1_OcclusionRoughnessMetallic.uasset" 4085
"D:/UNDERWATER_TEST01-5.2-5.6/Content/Corals/TEXTURE_coral_level2/Coral_normal_/Staghorn_coral/SC_01_aiStandardSurface8_Normal.uasset" 4086
"D:/UNDERWATER_TEST01-5.2-5.6/Content/LANDSCAPE/Ocean/TCom_DebrisStone0006_1_seamless_M2.uasset" 4087
"D:/UNDERWATER_TEST01-5.2-5.6/Content/Corals/TEXTURE_coral_level2/Coral_normal_/Staghorn_coral/H_SC_01V2.uasset" 4088
"D:/UNDERWATER_TEST01-5.2-5.6/Content/Corals/TEXTURE_coral_level2/Coral_normal_/Staghorn_coral/H_SC_01.uasset" 4089
"D:/UNDERWATER_TEST01-5.2-5.6/Content/Corals/TEXTURE_coral_level2/Coral_normal_/Staghorn_coral/SC_01_aiStandardSurface8_BaseColor.uasset" 4090
"D:/UNDERWATER_TEST01-5.2-5.6/Content/Corals/TEXTURE_coral_level2/Coral_normal_/pink_tipped_anemore/pta_01_aiStandardSurface1_Normal.uasset" 4091
"D:/UNDERWATER_TEST01-5.2-5.6/Content/Corals/TEXTURE_coral_level2/Coral_normal_/Staghorn_coral/SC_01_aiStandardSurface8_OcclusionRoughnessMetallic.uasset" 4092
"D:/UNDERWATER_TEST01-5.2-5.6/Content/Corals/TEXTURE_coral_level2/Coral_normal_/pink_tipped_anemore/h_pta_01_pt.uasset" 4093
"D:/UNDERWATER_TEST01-5.2-5.6/Content/LANDSCAPE/Ocean/TCom_DebrisStone0003_1_seamless_M.uasset" 4094
"D:/UNDERWATER_TEST01-5.2-5.6/Content/LANDSCAPE/Ocean/BRICKS_LayerInfo.uasset" 4095
"D:/UNDERWATER_TEST01-5.2-5.6/Content/LANDSCAPE/Ocean/TCom_DebrisStone0006_1_seamless_M2_N.uasset" 4096
"../../../../UNDERWATER_TEST01-5.2-5.6/Content/Corals/coral_models/coral_normal_/Lettuce_Leaf_Coral1.uasset" 4097
"D:/UNDERWATER_TEST01-5.2-5.6/Content/LANDSCAPE/Ocean/TCom_Rock_BoulderMossy_4K_height.uasset" 4098
"D:/UNDERWATER_TEST01-5.2-5.6/Content/LANDSCAPE/Ocean/TCom_SandPebbles0060_1_seamless_L2.uasset" 4099
"../../../../UNDERWATER_TEST01-5.2-5.6/Content/Corals/coral_models/coral_normal_/Elkhorn_Coral2.uasset" 4100
"D:/UNDERWATER_TEST01-5.2-5.6/Content/LANDSCAPE/Ocean/TCom_SandPebbles0060_1_seamless_L2_N.uasset" 4101
"D:/UNDERWATER_TEST01-5.2-5.6/Content/LANDSCAPE/Ocean/TCom_SoilBeach0086_1_seamless_L2.uasset" 4102
"D:/UNDERWATER_TEST01-5.2-5.6/Content/LANDSCAPE/Ocean/TCom_SoilBeach0086_1_seamless_L2_N.uasset" 4103
"D:/UNDERWATER_TEST01-5.2-5.6/Content/LANDSCAPE/Ocean/M_landscape_Ocean.uasset" 4104
"D:/UNDERWATER_TEST01-5.2-5.6/Content/LANDSCAPE/Ocean/SAND2_LayerInfo.uasset" 4105
"D:/UNDERWATER_TEST01-5.2-5.6/Content/LANDSCAPE/Ocean/STONE_LayerInfo.uasset" 4106
"../../../Engine/Content/Functions/Engine_MaterialFunctions01/Volumetrics/SchlickPhase.uasset" 4107
"../../../Engine/Content/Functions/Engine_MaterialFunctions02/ExampleContent/Textures/DebugNumberPeriod.uasset" 4108
"../../../Engine/Content/Functions/Engine_MaterialFunctions02/Utility/DebugScalarValues.uasset" 4109
"../../../Engine/Plugins/Experimental/Water/Content/Materials/PostProcessing/M_UnderWater_PostProcess_Volume.uasset" 4110
"D:/UNDERWATER_TEST01-5.2-5.6/Content/LANDSCAPE/postprocess_backup/level2.uasset" 4111
"D:/UNDERWATER_TEST01-5.2-5.6/Content/Sea_grass/Texture_Seagrass(level2)/healthy_seagrass1/healthy_seagrass1_BaseColor.uasset" 4112
"D:/UNDERWATER_TEST01-5.2-5.6/Content/Sea_grass/Texture_Seagrass(level2)/healthy_seagrass1/healthy_seagrass1_Normal.uasset" 4113
"D:/UNDERWATER_TEST01-5.2-5.6/Content/Sea_grass/Texture_Seagrass(level2)/healthy_seagrass1/healthy_seagrass1_OcclusionRoughnessMetallic.uasset" 4114
"D:/UNDERWATER_TEST01-5.2-5.6/Content/Sea_grass/Texture_Seagrass(level2)/healthy_seagrass1/healthy_seagrass1.uasset" 4115
"D:/UNDERWATER_TEST01-5.2-5.6/Content/Sea_grass/Texture_Seagrass(level2)/healthy_seagrass2/healthy_seagrass2_BaseColor.uasset" 4116
"D:/UNDERWATER_TEST01-5.2-5.6/Content/LANDSCAPE/Ocean/SAND1_LayerInfo.uasset" 4117
"D:/UNDERWATER_TEST01-5.2-5.6/Content/Sea_grass/Texture_Seagrass(level2)/healthy_seagrass2/healthy_seagrass2_Normal.uasset" 4118
"../../../../UNDERWATER_TEST01-5.2-5.6/Content/Corals/coral_models/coral_normal_/Lettuce_Leaf_Coral2.uasset" 4119
"../../../../UNDERWATER_TEST01-5.2-5.6/Content/Corals/coral_models/coral_normal_/Mushroom_Coral2.uasset" 4120
"/Game/Sea_grass/Texture_Seagrass(level2)/healthy_seagrass2/healthy_seagrass2_Normal" 4121
"/Game/Sea_grass/Texture_Seagrass(level2)/healthy_seagrass2/healthy_seagrass2_BaseColor" 4122
"/Game/Sea_grass/Texture_Seagrass(level2)/healthy_seagrass1/healthy_seagrass1" 4123
"/Game/LANDSCAPE/postprocess_backup/level2" 4124
"../../Plugins/Experimental/Water/Content/Materials/Functions/ComputeGerstnerWaves.uasset" 4125
"../../Plugins/Experimental/Water/Content/Materials/Functions/GetWaterTime.uasset" 4126
"../../Plugins/Experimental/Water/Content/Materials/Functions/WaterBodyData.uasset" 4127
"../../../Engine/Content/Functions/Engine_MaterialFunctions01/Texturing/ComputeMipLevel.uasset" 4128
"../../Plugins/Experimental/Water/Content/Materials/Functions/WaveDepthFalloff_Overrides.uasset" 4129
"../../Plugins/Experimental/Water/Content/Materials/Functions/HighQualityTextureFiltering.uasset" 4130
"../../Plugins/Experimental/Water/Content/Materials/Functions/SampleBakedFluidSimulation.uasset" 4131
"../../Plugins/Experimental/Water/Content/Materials/Functions/WaterZoneData.uasset" 4132
"../../Plugins/Experimental/Water/Content/Textures/BlackTexture2DArray.uasset" 4133
"../../Plugins/Experimental/Water/Content/Materials/Functions/ComputeWavesAttenuationFactor.uasset" 4134
"../../Plugins/Experimental/Water/Content/Textures/Black.uasset" 4135
"/Game/LANDSCAPE/Ocean/STONE_LayerInfo" 4136
"/Game/LANDSCAPE/Ocean/SAND2_LayerInfo" 4137
"/Game/LANDSCAPE/Ocean/SAND1_LayerInfo" 4138
"/Game/LANDSCAPE/Ocean/M_landscape_Ocean" 4139
"/Game/LANDSCAPE/Ocean/BRICKS_LayerInfo" 4140
"/Game/Corals/TEXTURE_coral_level2/Coral_normal_/Staghorn_coral/H_SC_01V2" 4141
"/Game/Corals/TEXTURE_coral_level2/Coral_normal_/Staghorn_coral/H_SC_01" 4142
"/Game/Corals/TEXTURE_coral_level2/Coral_normal_/pink_tipped_anemore/h_pta_01_pt" 4143
"D:/UNDERWATER_TEST01-5.2-5.6/Content/Sea_grass/Texture_Seagrass(level2)/healthy_seagrass4/healthy_seagrass4_OcclusionRoughnessMetallic.uasset" 4144
"D:/UNDERWATER_TEST01-5.2-5.6/Content/Sea_grass/third_cache/seagrass01.uasset" 4145
"D:/UNDERWATER_TEST01-5.2-5.6/Content/Sea_grass/Texture_Seagrass(level2)/healthy_seagrass5/healthy_seagrass5_Normal.uasset" 4146
"D:/UNDERWATER_TEST01-5.2-5.6/Content/Sea_grass/Texture_Seagrass(level2)/healthy_seagrass4/healthy_seagrass4_BaseColor.uasset" 4147
"D:/UNDERWATER_TEST01-5.2-5.6/Content/Sea_grass/Texture_Seagrass(level2)/healthy_seagrass5/healthy_seagrass5.uasset" 4148
"D:/UNDERWATER_TEST01-5.2-5.6/Content/Sea_grass/Texture_Seagrass(level2)/healthy_seagrass5/healthy_seagrass5_OcclusionRoughnessMetallic.uasset" 4149
"D:/UNDERWATER_TEST01-5.2-5.6/Content/Shark/shark_ue5_PhysicsAsset.uasset" 4150
"D:/UNDERWATER_TEST01-5.2-5.6/Content/Sea_grass/Texture_Seagrass(level2)/healthy_seagrass2/healthy_seagrass2_OcclusionRoughnessMetallic.uasset" 4151
"D:/UNDERWATER_TEST01-5.2-5.6/Content/Sea_grass/third_cache/seagrass04.uasset" 4152
"D:/UNDERWATER_TEST01-5.2-5.6/Content/Shark/shark_ue5_Skeleton.uasset" 4153
"D:/UNDERWATER_TEST01-5.2-5.6/Content/Sea_grass/third_cache/seagrass05.uasset" 4154
"D:/UNDERWATER_TEST01-5.2-5.6/Content/Sea_grass/Texture_Seagrass(level2)/healthy_seagrass5/healthy_seagrass5_BaseColor.uasset" 4155
"D:/UNDERWATER_TEST01-5.2-5.6/Content/Sea_grass/Texture_Seagrass(level2)/healthy_seagrass4/healthy_seagrass4.uasset" 4156
"D:/UNDERWATER_TEST01-5.2-5.6/Content/Sea_grass/Texture_Seagrass(level2)/healthy_seagrass2/healthy_seagrass2.uasset" 4157
"D:/UNDERWATER_TEST01-5.2-5.6/Content/Sea_grass/Texture_Seagrass(level2)/healthy_seagrass4/healthy_seagrass4_Normal.uasset" 4158
"D:/UNDERWATER_TEST01-5.2-5.6/Content/Sea_grass/third_cache/seagrass02.uasset" 4159
"D:/UNDERWATER_TEST01-5.2-5.6/Content/Shark/bake_normal.uasset" 4160
"D:/UNDERWATER_TEST01-5.2-5.6/Content/Shark/standardSurface1.uasset" 4161
"D:/UNDERWATER_TEST01-5.2-5.6/Content/Shark/shark_ue5.uasset" 4162
"D:/UNDERWATER_TEST01-5.2-5.6/Content/Submarine/BlueBuding10.uasset" 4163
"D:/UNDERWATER_TEST01-5.2-5.6/Content/Submarine/BlueBuding10BlueBuding1Zhongmo.uasset" 4164
"D:/UNDERWATER_TEST01-5.2-5.6/Content/Submarine/BlueBuding11.uasset" 4165
"D:/UNDERWATER_TEST01-5.2-5.6/Content/Submarine/BlueBuding12.uasset" 4166
"D:/UNDERWATER_TEST01-5.2-5.6/Content/Submarine/BlueBuding13.uasset" 4167
"D:/UNDERWATER_TEST01-5.2-5.6/Content/Submarine/BlueBuding14.uasset" 4168
"D:/UNDERWATER_TEST01-5.2-5.6/Content/Submarine/BlueBuding15.uasset" 4169
"D:/UNDERWATER_TEST01-5.2-5.6/Content/Submarine/BlueBuding17.uasset" 4170
"D:/UNDERWATER_TEST01-5.2-5.6/Content/Submarine/BlueBuding18.uasset" 4171
"D:/UNDERWATER_TEST01-5.2-5.6/Content/Submarine/BlueBuding19.uasset" 4172
"D:/UNDERWATER_TEST01-5.2-5.6/Content/Submarine/BlueBuding2.uasset" 4173
"D:/UNDERWATER_TEST01-5.2-5.6/Content/Submarine/BlueBuding20.uasset" 4174
"D:/UNDERWATER_TEST01-5.2-5.6/Content/Submarine/BlueBuding21.uasset" 4175
"../../../Engine/Plugins/Experimental/Water/Shaders/Private/GerstnerWaveFunctions.ush" 4176
"../../../Engine/Plugins/Experimental/Water/Shaders/Private/WaterDataFunctions.ush" 4177
"/Game/Submarine/BlueBuding21" 4178
"../../../../UNDERWATER_TEST01-5.2-5.6/Content/Submarine/Painted_Purple.uasset" 4179
"../../Plugins/Interchange/Assets/Content/Functions/MF_PhongToMetalRoughness.uasset" 4180
"/Game/Submarine/BlueBuding20" 4181
"../../../../UNDERWATER_TEST01-5.2-5.6/Content/Submarine/Painted_Blue.uasset" 4182
"/Game/Submarine/BlueBuding2" 4183
"/Game/Submarine/BlueBuding19" 4184
"/Game/Submarine/BlueBuding18" 4185
"/Game/Submarine/BlueBuding17" 4186
"/Game/Submarine/BlueBuding15" 4187
"/Game/Submarine/BlueBuding14" 4188
"/Game/Submarine/BlueBuding13" 4189
"/Game/Submarine/BlueBuding12" 4190
"/Game/Submarine/BlueBuding11" 4191
"/Game/Submarine/BlueBuding10BlueBuding1Zhongmo" 4192
"/Game/Submarine/BlueBuding10" 4193
"/Game/Shark/shark_ue5" 4194
"../../../../UNDERWATER_TEST01-5.2-5.6/Content/Submarine/BlueBuding15.uasset" 4195
"../../../../UNDERWATER_TEST01-5.2-5.6/Content/Submarine/BlueBuding18.uasset" 4196
"../../../../UNDERWATER_TEST01-5.2-5.6/Content/Submarine/BlueBuding2.uasset" 4197
"../../../../UNDERWATER_TEST01-5.2-5.6/Content/Submarine/BlueBuding21.uasset" 4198
"../../../../UNDERWATER_TEST01-5.2-5.6/Content/Submarine/BlueBuding17.uasset" 4199
"../../../../UNDERWATER_TEST01-5.2-5.6/Content/Submarine/BlueBuding19.uasset" 4200
"../../../../UNDERWATER_TEST01-5.2-5.6/Content/Submarine/BlueBuding13.uasset" 4201
"../../../../UNDERWATER_TEST01-5.2-5.6/Content/Submarine/BlueBuding20.uasset" 4202
"../../../../UNDERWATER_TEST01-5.2-5.6/Content/Submarine/BlueBuding14.uasset" 4203
"/Game/Sea_grass/third_cache/seagrass05" 4204
"/Game/Sea_grass/third_cache/seagrass04" 4205
"/Game/Sea_grass/third_cache/seagrass02" 4206
"/Game/Sea_grass/third_cache/seagrass01" 4207
"/Game/Sea_grass/Texture_Seagrass(level2)/healthy_seagrass5/healthy_seagrass5" 4208
"/Game/Sea_grass/Texture_Seagrass(level2)/healthy_seagrass4/healthy_seagrass4" 4209
"/Game/Sea_grass/Texture_Seagrass(level2)/healthy_seagrass2/healthy_seagrass2" 4210
"D:/UNDERWATER_TEST01-5.2-5.6/Content/Submarine/BlueBuding29.uasset" 4211
"D:/UNDERWATER_TEST01-5.2-5.6/Content/Submarine/BlueBuding7.uasset" 4212
"D:/UNDERWATER_TEST01-5.2-5.6/Content/Submarine/BlueBuding26.uasset" 4213
"D:/UNDERWATER_TEST01-5.2-5.6/Content/Submarine/BlueBuding5.uasset" 4214
"D:/UNDERWATER_TEST01-5.2-5.6/Content/Submarine/BlueBuding8.uasset" 4215
"D:/UNDERWATER_TEST01-5.2-5.6/Content/Submarine/Door.uasset" 4216
"D:/UNDERWATER_TEST01-5.2-5.6/Content/Submarine/BlueBuding6.uasset" 4217
"D:/UNDERWATER_TEST01-5.2-5.6/Content/Submarine/BlueBuding3.uasset" 4218
"D:/UNDERWATER_TEST01-5.2-5.6/Content/Submarine/BlueBuding9.uasset" 4219
"D:/UNDERWATER_TEST01-5.2-5.6/Content/Submarine/DoorFrame.uasset" 4220
"D:/UNDERWATER_TEST01-5.2-5.6/Content/Submarine/Handle.uasset" 4221
"D:/UNDERWATER_TEST01-5.2-5.6/Content/Submarine/HuangseBuding2.uasset" 4222
"D:/UNDERWATER_TEST01-5.2-5.6/Content/Submarine/BlueBuding4.uasset" 4223
"D:/UNDERWATER_TEST01-5.2-5.6/Content/Submarine/HuangseBuding3.uasset" 4224
"D:/UNDERWATER_TEST01-5.2-5.6/Content/Submarine/Moss.uasset" 4225
"D:/UNDERWATER_TEST01-5.2-5.6/Content/Submarine/moss1.uasset" 4226
"D:/UNDERWATER_TEST01-5.2-5.6/Content/Submarine/Mud_7.uasset" 4227
"D:/UNDERWATER_TEST01-5.2-5.6/Content/Submarine/Mud_6.uasset" 4228
"D:/UNDERWATER_TEST01-5.2-5.6/Content/Submarine/Mud_5.uasset" 4229
"D:/UNDERWATER_TEST01-5.2-5.6/Content/Submarine/Mud_4.uasset" 4230
"D:/UNDERWATER_TEST01-5.2-5.6/Content/Submarine/Mud_3.uasset" 4231
"D:/UNDERWATER_TEST01-5.2-5.6/Content/Submarine/Mud.uasset" 4232
"D:/UNDERWATER_TEST01-5.2-5.6/Content/Submarine/Mud_2.uasset" 4233
"D:/UNDERWATER_TEST01-5.2-5.6/Content/Submarine/polySurface29.uasset" 4234
"D:/UNDERWATER_TEST01-5.2-5.6/Content/Submarine/polySurface3.uasset" 4235
"D:/UNDERWATER_TEST01-5.2-5.6/Content/Submarine/polySurface30.uasset" 4236
"D:/UNDERWATER_TEST01-5.2-5.6/Content/Submarine/polySurface5.uasset" 4237
"D:/UNDERWATER_TEST01-5.2-5.6/Content/Submarine/polySurface6.uasset" 4238
"D:/UNDERWATER_TEST01-5.2-5.6/Content/Submarine/polySurface7.uasset" 4239
"D:/UNDERWATER_TEST01-5.2-5.6/Content/Submarine/polySurface8.uasset" 4240
"D:/UNDERWATER_TEST01-5.2-5.6/Content/Submarine/Metal_Yellow.uasset" 4241
"D:/UNDERWATER_TEST01-5.2-5.6/Content/Submarine/polySurface9.uasset" 4242
"../../../../UNDERWATER_TEST01-5.2-5.6/Content/Submarine/BlueBuding11.uasset" 4243
"../../../../UNDERWATER_TEST01-5.2-5.6/Content/Submarine/BlueBuding10.uasset" 4244
"../../../../UNDERWATER_TEST01-5.2-5.6/Content/Submarine/BlueBuding10BlueBuding1Zhongmo.uasset" 4245
"../../../../UNDERWATER_TEST01-5.2-5.6/Content/Submarine/BlueBuding12.uasset" 4246
"/Game/Submarine/polySurface9" 4247
"../../../../UNDERWATER_TEST01-5.2-5.6/Content/Submarine/Silver.uasset" 4248
"/Game/Submarine/polySurface8" 4249
"../../../../UNDERWATER_TEST01-5.2-5.6/Content/Submarine/Transparent_Window.uasset" 4250
"/Game/Submarine/polySurface7" 4251
"../../../../UNDERWATER_TEST01-5.2-5.6/Content/Submarine/Orange_Metal.uasset" 4252
"/Game/Submarine/polySurface6" 4253
"/Game/Submarine/polySurface5" 4254
"/Game/Submarine/polySurface30" 4255
"/Game/Submarine/polySurface3" 4256
"/Game/Submarine/polySurface29" 4257
"/Game/Submarine/Mud_2" 4258
"/Game/Submarine/Mud_3" 4259
"/Game/Submarine/Mud_4" 4260
"/Game/Submarine/Mud_5" 4261
"/Game/Submarine/Mud_6" 4262
"/Game/Submarine/Mud_7" 4263
"/Game/Submarine/moss1" 4264
"/Game/Submarine/HuangseBuding3" 4265
"/Game/Submarine/HuangseBuding2" 4266
"/Game/Submarine/Handle" 4267
"/Game/Submarine/DoorFrame" 4268
"/Game/Submarine/Door" 4269
"../../../../UNDERWATER_TEST01-5.2-5.6/Content/Submarine/Wood.uasset" 4270
"/Game/Submarine/BlueBuding9" 4271
"/Game/Submarine/BlueBuding8" 4272
"/Game/Submarine/BlueBuding7" 4273
"/Game/Submarine/BlueBuding6" 4274
"/Game/Submarine/BlueBuding5" 4275
"/Game/Submarine/BlueBuding4" 4276
"/Game/Submarine/BlueBuding3" 4277
"/Game/Submarine/BlueBuding29" 4278
"/Game/Submarine/BlueBuding26" 4279
"D:/UNDERWATER_TEST01-5.2-5.6/Content/Submarine/Rope10.uasset" 4280
"D:/UNDERWATER_TEST01-5.2-5.6/Content/Submarine/Rope2.uasset" 4281
"D:/UNDERWATER_TEST01-5.2-5.6/Content/Submarine/Rope4.uasset" 4282
"D:/UNDERWATER_TEST01-5.2-5.6/Content/Submarine/Rope9.uasset" 4283
"D:/UNDERWATER_TEST01-5.2-5.6/Content/Submarine/Star1.uasset" 4284
"D:/UNDERWATER_TEST01-5.2-5.6/Content/Submarine/Star3.uasset" 4285
"D:/UNDERWATER_TEST01-5.2-5.6/Content/Submarine/Rope3.uasset" 4286
"D:/UNDERWATER_TEST01-5.2-5.6/Content/Submarine/Rope8.uasset" 4287
"D:/UNDERWATER_TEST01-5.2-5.6/Content/Submarine/Star2.uasset" 4288
"D:/UNDERWATER_TEST01-5.2-5.6/Content/Submarine/standardSurface2.uasset" 4289
"D:/UNDERWATER_TEST01-5.2-5.6/Content/Submarine/Rope11.uasset" 4290
"D:/UNDERWATER_TEST01-5.2-5.6/Content/Submarine/Painted_Red.uasset" 4291
"D:/UNDERWATER_TEST01-5.2-5.6/Content/Submarine/Star4.uasset" 4292
"D:/UNDERWATER_TEST01-5.2-5.6/Content/Submarine/Stick.uasset" 4293
"D:/UNDERWATER_TEST01-5.2-5.6/Content/Submarine/Stone1.uasset" 4294
"D:/UNDERWATER_TEST01-5.2-5.6/Content/Submarine/Stone2.uasset" 4295
"D:/UNDERWATER_TEST01-5.2-5.6/Content/Submarine/Stone3.uasset" 4296
"D:/UNDERWATER_TEST01-5.2-5.6/Content/Submarine/Stone4.uasset" 4297
"D:/UNDERWATER_TEST01-5.2-5.6/Content/Submarine/Submarine_Mainbody3.uasset" 4298
"D:/UNDERWATER_TEST01-5.2-5.6/Content/Submarine/Stone5.uasset" 4299
"D:/UNDERWATER_TEST01-5.2-5.6/Content/Submarine/Submarine_Mainbody2.uasset" 4300
"D:/UNDERWATER_TEST01-5.2-5.6/Content/Submarine/Stone6.uasset" 4301
"D:/UNDERWATER_TEST01-5.2-5.6/Content/Submarine/Submarine_Mainbody4.uasset" 4302
"D:/UNDERWATER_TEST01-5.2-5.6/Content/Submarine/Submarine_Top5.uasset" 4303
"D:/UNDERWATER_TEST01-5.2-5.6/Content/Submarine/Submarine_Top6.uasset" 4304
"D:/UNDERWATER_TEST01-5.2-5.6/Content/Submarine/Submarine_Top7.uasset" 4305
"D:/UNDERWATER_TEST01-5.2-5.6/Content/Submarine/Swimmingpart1.uasset" 4306
"D:/UNDERWATER_TEST01-5.2-5.6/Content/Submarine/blinn11SG1.uasset" 4307
"D:/UNDERWATER_TEST01-5.2-5.6/Content/Submarine/Swimmingpart3.uasset" 4308
"D:/UNDERWATER_TEST01-5.2-5.6/Content/Submarine/Swimmingpart4.uasset" 4309
"D:/UNDERWATER_TEST01-5.2-5.6/Content/Submarine/Painted_Black.uasset" 4310
"D:/UNDERWATER_TEST01-5.2-5.6/Content/Submarine/Swimmingpart2SwimmingpartGaomo.uasset" 4311
"../../../../UNDERWATER_TEST01-5.2-5.6/Content/Submarine/polySurface9.uasset" 4312
"../../../../UNDERWATER_TEST01-5.2-5.6/Content/Submarine/polySurface6.uasset" 4313
"../../../../UNDERWATER_TEST01-5.2-5.6/Content/Submarine/polySurface5.uasset" 4314
"../../../../UNDERWATER_TEST01-5.2-5.6/Content/Submarine/polySurface8.uasset" 4315
"../../../../UNDERWATER_TEST01-5.2-5.6/Content/Submarine/polySurface7.uasset" 4316
"../../../../UNDERWATER_TEST01-5.2-5.6/Content/Submarine/polySurface3.uasset" 4317
"../../../../UNDERWATER_TEST01-5.2-5.6/Content/Submarine/polySurface29.uasset" 4318
"../../../../UNDERWATER_TEST01-5.2-5.6/Content/Submarine/polySurface30.uasset" 4319
"../../../../UNDERWATER_TEST01-5.2-5.6/Content/Submarine/Mud_2.uasset" 4320
"/Game/Submarine/blinn11SG1" 4321
"/Game/Submarine/Swimmingpart1" 4322
"/Game/Submarine/Submarine_Top7" 4323
"/Game/Submarine/Submarine_Top6" 4324
"/Game/Submarine/Submarine_Top5" 4325
"/Game/Submarine/Submarine_Mainbody4" 4326
"/Game/Submarine/Submarine_Mainbody3" 4327
"/Game/Submarine/Submarine_Mainbody2" 4328
"/Game/Submarine/Stone5" 4329
"/Game/Submarine/Stone4" 4330
"/Game/Submarine/Stone3" 4331
"/Game/Submarine/Stone2" 4332
"/Game/Submarine/Stone1" 4333
"/Game/Submarine/Stick" 4334
"/Game/Submarine/Star4" 4335
"/Game/Submarine/Swimmingpart4" 4336
"/Game/Submarine/Swimmingpart3" 4337
"/Game/Submarine/Swimmingpart2SwimmingpartGaomo" 4338
"/Game/Submarine/Star3" 4339
"/Game/Submarine/Star2" 4340
"/Game/Submarine/Star1" 4341
"/Game/Submarine/Rope9" 4342
"/Game/Submarine/Rope8" 4343
"/Game/Submarine/Rope4" 4344
"../../../../UNDERWATER_TEST01-5.2-5.6/Content/Submarine/Mud_3.uasset" 4345
"/Game/Submarine/Rope3" 4346
"/Game/Submarine/Rope2" 4347
"/Game/Submarine/Rope11" 4348
"/Game/Submarine/Rope10" 4349
"D:/UNDERWATER_TEST01-5.2-5.6/Content/Submarine/Swimmingpart5.uasset" 4350
"D:/UNDERWATER_TEST01-5.2-5.6/Content/Submarine/Tizi_10.uasset" 4351
"D:/UNDERWATER_TEST01-5.2-5.6/Content/Submarine/WoodenPartB.uasset" 4352
"D:/UNDERWATER_TEST01-5.2-5.6/Content/Submarine/Tizi_11.uasset" 4353
"D:/UNDERWATER_TEST01-5.2-5.6/Content/Submarine/WoodenPartC2.uasset" 4354
"D:/UNDERWATER_TEST01-5.2-5.6/Content/Submarine/Tizi_9.uasset" 4355
"D:/UNDERWATER_TEST01-5.2-5.6/Content/Submarine/Wooden_House1.uasset" 4356
"D:/UNDERWATER_TEST01-5.2-5.6/Content/Submarine/Wooden_House10.uasset" 4357
"D:/UNDERWATER_TEST01-5.2-5.6/Content/Submarine/WoodenPartC3.uasset" 4358
"D:/UNDERWATER_TEST01-5.2-5.6/Content/Submarine/Tizi_8.uasset" 4359
"D:/UNDERWATER_TEST01-5.2-5.6/Content/Submarine/Wooden_House2.uasset" 4360
"D:/UNDERWATER_TEST01-5.2-5.6/Content/Submarine/Wooden_House3.uasset" 4361
"D:/UNDERWATER_TEST01-5.2-5.6/Content/Submarine/Wooden_House4.uasset" 4362
"D:/UNDERWATER_TEST01-5.2-5.6/Content/Submarine/Wooden_House6.uasset" 4363
"D:/UNDERWATER_TEST01-5.2-5.6/Content/Submarine/Wooden_House5.uasset" 4364
"D:/UNDERWATER_TEST01-5.2-5.6/Content/Submarine/Wooden_House7.uasset" 4365
"D:/UNDERWATER_TEST01-5.2-5.6/Content/Submarine/Wooden_House8.uasset" 4366
"D:/UNDERWATER_TEST01-5.2-5.6/Content/Submarine/Wooden_House9.uasset" 4367
"D:/UNDERWATER_TEST01-5.2-5.6/Content/Submarine/Wooden_Part_A1.uasset" 4368
"D:/UNDERWATER_TEST01-5.2-5.6/Content/Submarine/Wooden_Part_A2.uasset" 4369
"D:/UNDERWATER_TEST01-5.2-5.6/Content/Submarine/Wooden_Part_A3.uasset" 4370
"D:/UNDERWATER_TEST01-5.2-5.6/Content/Submarine/Wooden_Part_A5.uasset" 4371
"D:/UNDERWATER_TEST01-5.2-5.6/Content/Submarine/Wooden_Part_A7.uasset" 4372
"D:/UNDERWATER_TEST01-5.2-5.6/Content/Submarine/Wooden_Part_A8.uasset" 4373
"../../../Engine/Plugins/Experimental/Water/Content/Materials/WaterInfo/DrawWaterInfo.uasset" 4374
"../../../Engine/Content/Functions/Engine_MaterialFunctions01/Units/Km-to-Cm.uasset" 4375
"../../../Engine/Content/EngineSky/VolumetricClouds/VT_Lightning.uasset" 4376
"../../../Engine/Content/Functions/Engine_MaterialFunctions02/Utility/MakeFloat4.uasset" 4377
"../../../Engine/Content/Functions/Engine_MaterialFunctions02/Utility/BreakOutFloat4Components.uasset" 4378
"../../../Engine/Content/EngineSky/VolumetricClouds/m_SimpleVolumetricCloud.uasset" 4379
"../../../Engine/Content/EngineSky/VolumetricClouds/T_CloudMask.uasset" 4380
"../../../Engine/Content/EngineSky/VolumetricClouds/T_CloudPattern.uasset" 4381
"../../../../UNDERWATER_TEST01-5.2-5.6/Content/Submarine/Mud_4.uasset" 4382
"../../../../UNDERWATER_TEST01-5.2-5.6/Content/Submarine/Mud_5.uasset" 4383
"../../../../UNDERWATER_TEST01-5.2-5.6/Content/Submarine/Mud_6.uasset" 4384
"../../../../UNDERWATER_TEST01-5.2-5.6/Content/Submarine/moss1.uasset" 4385
"../../../../UNDERWATER_TEST01-5.2-5.6/Content/Submarine/Mud_7.uasset" 4386
"../../../../UNDERWATER_TEST01-5.2-5.6/Content/Submarine/HuangseBuding3.uasset" 4387
"../../../../UNDERWATER_TEST01-5.2-5.6/Content/Submarine/HuangseBuding2.uasset" 4388
"../../../../UNDERWATER_TEST01-5.2-5.6/Content/Submarine/Handle.uasset" 4389
"../../../../UNDERWATER_TEST01-5.2-5.6/Content/Submarine/Door.uasset" 4390
"../../../../UNDERWATER_TEST01-5.2-5.6/Content/Submarine/DoorFrame.uasset" 4391
"../../../../UNDERWATER_TEST01-5.2-5.6/Content/Submarine/BlueBuding9.uasset" 4392
"../../../../UNDERWATER_TEST01-5.2-5.6/Content/Submarine/BlueBuding7.uasset" 4393
"../../../../UNDERWATER_TEST01-5.2-5.6/Content/Submarine/BlueBuding6.uasset" 4394
"../../../../UNDERWATER_TEST01-5.2-5.6/Content/Submarine/BlueBuding5.uasset" 4395
"../../../../UNDERWATER_TEST01-5.2-5.6/Content/Submarine/BlueBuding8.uasset" 4396
"../../../../UNDERWATER_TEST01-5.2-5.6/Content/Submarine/BlueBuding4.uasset" 4397
"../../../../UNDERWATER_TEST01-5.2-5.6/Content/Submarine/BlueBuding3.uasset" 4398
"../../../../UNDERWATER_TEST01-5.2-5.6/Content/Submarine/BlueBuding29.uasset" 4399
"../../../../UNDERWATER_TEST01-5.2-5.6/Content/Submarine/Swimmingpart1.uasset" 4400
"../../../../UNDERWATER_TEST01-5.2-5.6/Content/Submarine/BlueBuding26.uasset" 4401
"../../../../UNDERWATER_TEST01-5.2-5.6/Content/Submarine/Submarine_Top7.uasset" 4402
"../../../../UNDERWATER_TEST01-5.2-5.6/Content/Submarine/Submarine_Top6.uasset" 4403
"../../../../UNDERWATER_TEST01-5.2-5.6/Content/Submarine/Submarine_Top5.uasset" 4404
"../../../../UNDERWATER_TEST01-5.2-5.6/Content/Submarine/Submarine_Mainbody4.uasset" 4405
"../../../../UNDERWATER_TEST01-5.2-5.6/Content/Submarine/Submarine_Mainbody3.uasset" 4406
"../../../../UNDERWATER_TEST01-5.2-5.6/Content/Submarine/Submarine_Mainbody2.uasset" 4407
"../../../../UNDERWATER_TEST01-5.2-5.6/Content/Submarine/Stone5.uasset" 4408
"../../../../UNDERWATER_TEST01-5.2-5.6/Content/Submarine/Stone4.uasset" 4409
"../../../../UNDERWATER_TEST01-5.2-5.6/Content/Submarine/Stone1.uasset" 4410
"../../../../UNDERWATER_TEST01-5.2-5.6/Content/Submarine/Stick.uasset" 4411
"../../../../UNDERWATER_TEST01-5.2-5.6/Content/Submarine/Stone3.uasset" 4412
"../../../../UNDERWATER_TEST01-5.2-5.6/Content/Submarine/Swimmingpart4.uasset" 4413
"../../../../UNDERWATER_TEST01-5.2-5.6/Content/Submarine/Star4.uasset" 4414
"../../../../UNDERWATER_TEST01-5.2-5.6/Content/Submarine/Swimmingpart3.uasset" 4415
"../../../../UNDERWATER_TEST01-5.2-5.6/Content/Submarine/Stone2.uasset" 4416
"../../../../UNDERWATER_TEST01-5.2-5.6/Content/Submarine/Star3.uasset" 4417
"../../../../UNDERWATER_TEST01-5.2-5.6/Content/Submarine/Swimmingpart2SwimmingpartGaomo.uasset" 4418
"../../../../UNDERWATER_TEST01-5.2-5.6/Content/Submarine/Rope9.uasset" 4419
"../../../../UNDERWATER_TEST01-5.2-5.6/Content/Submarine/Star2.uasset" 4420
"../../../../UNDERWATER_TEST01-5.2-5.6/Content/Submarine/Star1.uasset" 4421
"../../../../UNDERWATER_TEST01-5.2-5.6/Content/Submarine/Rope8.uasset" 4422
"../../../../UNDERWATER_TEST01-5.2-5.6/Content/Submarine/Rope4.uasset" 4423
"../../../../UNDERWATER_TEST01-5.2-5.6/Content/Submarine/Rope3.uasset" 4424
"../../../../UNDERWATER_TEST01-5.2-5.6/Content/Submarine/Rope2.uasset" 4425
"../../../../UNDERWATER_TEST01-5.2-5.6/Content/Submarine/Rope10.uasset" 4426
"../../../../UNDERWATER_TEST01-5.2-5.6/Content/Submarine/Rope11.uasset" 4427
"/Engine/EngineSky/VolumetricClouds/T_CloudMask" 4428
"/Engine/EngineSky/VolumetricClouds/m_SimpleVolumetricCloud" 4429
"/Water/Materials/WaterInfo/DrawWaterInfo" 4430
"/Game/Submarine/Wooden_Part_A8" 4431
"/Engine/EngineSky/VolumetricClouds/T_CloudPattern" 4432
"../../../../UNDERWATER_TEST01-5.2-5.6/Content/Submarine/Wooden_Part_A8.uasset" 4433
"/Game/Submarine/Wooden_Part_A7" 4434
"/Game/Submarine/Wooden_Part_A5" 4435
"/Game/Submarine/Wooden_Part_A3" 4436
"/Game/Submarine/Wooden_Part_A2" 4437
"/Game/Submarine/Wooden_Part_A1" 4438
"/Game/Submarine/Wooden_House9" 4439
"/Game/Submarine/Wooden_House8" 4440
"/Game/Submarine/Wooden_House7" 4441
"/Game/Submarine/Wooden_House6" 4442
"/Game/Submarine/Wooden_House5" 4443
"/Game/Submarine/Wooden_House4" 4444
"/Game/Submarine/Wooden_House3" 4445
"/Game/Submarine/Wooden_House2" 4446
"/Game/Submarine/Wooden_House10" 4447
"/Game/Submarine/Wooden_House1" 4448
"/Game/Submarine/WoodenPartC3" 4449
"/Game/Submarine/WoodenPartC2" 4450
"/Game/Submarine/WoodenPartB" 4451
"/Game/Submarine/Tizi_8" 4452
"/Game/Submarine/Tizi_9" 4453
"/Game/Submarine/Tizi_10" 4454
"/Game/Submarine/Tizi_11" 4455
"/Game/Submarine/Swimmingpart5" 4456
"../../../Engine/Content/EngineSky/VolumetricClouds/VT_PerlinWorley_Balanced.uasset" 4457
"../../../Engine/Content/EngineSky/VolumetricClouds/T_Profile_08.uasset" 4458
"../../../Engine/Content/EngineSky/VolumetricClouds/m_SimpleVolumetricCloud_Inst.uasset" 4459
"../../../Engine/Content/Functions/Engine_MaterialFunctions02/ExampleContent/Textures/water_d.uasset" 4460
"../../../Engine/Content/Functions/Engine_MaterialFunctions02/ExampleContent/Textures/water_n.uasset" 4461
"../../../Engine/Plugins/Experimental/Water/Content/Materials/WaterSurface/Water_Material_Inst.uasset" 4462
"../../../Engine/Plugins/Experimental/Water/Content/Materials/WaterSurface/Water_Material_Ocean.uasset" 4463
"../../../Engine/Plugins/Experimental/Water/Content/FluidSimulation/WaveFoam/FoamRT.uasset" 4464
"../../../Engine/Content/EngineSky/VolumetricClouds/T_NoiseShape.uasset" 4465
"../../../Engine/Content/EngineSky/VolumetricClouds/T_VolumeNoiseShape128.uasset" 4466
"../../../Engine/Content/Functions/Engine_MaterialFunctions03/Procedurals/NormalFromHeightmap.uasset" 4467
"../../../Engine/Plugins/Experimental/Water/Content/Materials/Layers/BeachFoam.uasset" 4468
"../../../Engine/Plugins/Experimental/Water/Content/Caustics/Materials/Functions/GetDistortionUV.uasset" 4469
"../../../Engine/Plugins/Experimental/Water/Content/Materials/Functions/WorldNormalBehindWater.uasset" 4470
"../../../Engine/Plugins/Experimental/Water/Content/Materials/Functions/WorldPositionBehindWater.uasset" 4471
"../../../Engine/Plugins/Experimental/Water/Content/Caustics/Materials/Functions/WaterCaustics_GerstnerWaves.uasset" 4472
"../../../Engine/Plugins/Experimental/Water/Content/Materials/Functions/ClipDynamicBounds.uasset" 4473
"../../../Engine/Plugins/Experimental/Water/Content/FluidSimulation/Materials/Functions/Fluidsim_WorldPosition_to_UV.uasset" 4474
"../../../Engine/Content/Functions/Engine_MaterialFunctions01/Gradient/LinearGradient.uasset" 4475
"../../../Engine/Content/Functions/Engine_MaterialFunctions01/ImageAdjustment/CheapContrast.uasset" 4476
"../../../Engine/Content/Functions/Engine_MaterialFunctions02/Texturing/HeightLerp.uasset" 4477
"../../../Engine/Content/Functions/Engine_MaterialFunctions01/Gradient/BoxMask-2D.uasset" 4478
"../../../Engine/Plugins/Experimental/Water/Content/Textures/Foam/T_WaterFlow_01_Foam_Tiled.uasset" 4479
"../../../Engine/Plugins/Experimental/Water/Content/Textures/Foam/T_WaterFlow_01_Foam_Tiled_N.uasset" 4480
"../../../Engine/Plugins/Experimental/Water/Content/FluidSimulation/WaveFoam/WaterDistanceField.uasset" 4481
"../../../Engine/Content/Functions/Engine_MaterialFunctions01/Opacity/AlphaOffset.uasset" 4482
"../../../Engine/Plugins/Experimental/Water/Content/Materials/Functions/SampleFluidSimulation.uasset" 4483
"../../../Engine/Plugins/Experimental/Water/Content/Materials/Layers/WaterAttributes.uasset" 4484
"../../../Engine/Plugins/Experimental/Water/Content/Materials/Functions/SetWaveAttributes.uasset" 4485
"../../../Engine/Plugins/Experimental/Water/Content/Materials/Functions/WaterCoefficientMask.uasset" 4486
"../../../Engine/Plugins/Experimental/Water/Content/Materials/Functions/WaterHeightMappingVS.uasset" 4487
"../../../Engine/Plugins/Experimental/Water/Content/Materials/Functions/WaterOpacityMaskFromDepth.uasset" 4488
"../../../../UNDERWATER_TEST01-5.2-5.6/Content/Submarine/Wooden_House9.uasset" 4489
"../../../../UNDERWATER_TEST01-5.2-5.6/Content/Submarine/Wooden_House8.uasset" 4490
"../../../../UNDERWATER_TEST01-5.2-5.6/Content/Submarine/Wooden_Part_A5.uasset" 4491
"../../../../UNDERWATER_TEST01-5.2-5.6/Content/Submarine/Wooden_Part_A1.uasset" 4492
"../../../../UNDERWATER_TEST01-5.2-5.6/Content/Submarine/Wooden_House7.uasset" 4493
"../../../../UNDERWATER_TEST01-5.2-5.6/Content/Submarine/Wooden_Part_A2.uasset" 4494
"../../../../UNDERWATER_TEST01-5.2-5.6/Content/Submarine/Wooden_Part_A3.uasset" 4495
"../../../../UNDERWATER_TEST01-5.2-5.6/Content/Submarine/Wooden_Part_A7.uasset" 4496
"../../../../UNDERWATER_TEST01-5.2-5.6/Content/Submarine/Wooden_House6.uasset" 4497
"../../../../UNDERWATER_TEST01-5.2-5.6/Content/Submarine/Wooden_House4.uasset" 4498
"../../../../UNDERWATER_TEST01-5.2-5.6/Content/Submarine/Wooden_House3.uasset" 4499
"../../../../UNDERWATER_TEST01-5.2-5.6/Content/Submarine/Wooden_House5.uasset" 4500
"../../../../UNDERWATER_TEST01-5.2-5.6/Content/Submarine/Wooden_House2.uasset" 4501
"../../../../UNDERWATER_TEST01-5.2-5.6/Content/Submarine/Wooden_House10.uasset" 4502
"../../../../UNDERWATER_TEST01-5.2-5.6/Content/Submarine/Wooden_House1.uasset" 4503
"../../../../UNDERWATER_TEST01-5.2-5.6/Content/Submarine/WoodenPartC2.uasset" 4504
"../../../../UNDERWATER_TEST01-5.2-5.6/Content/Submarine/WoodenPartC3.uasset" 4505
"../../../../UNDERWATER_TEST01-5.2-5.6/Content/Submarine/WoodenPartB.uasset" 4506
"../../../../UNDERWATER_TEST01-5.2-5.6/Content/Submarine/Tizi_9.uasset" 4507
"../../../../UNDERWATER_TEST01-5.2-5.6/Content/Submarine/Tizi_11.uasset" 4508
"../../../../UNDERWATER_TEST01-5.2-5.6/Content/Submarine/Tizi_10.uasset" 4509
"../../../../UNDERWATER_TEST01-5.2-5.6/Content/Submarine/Swimmingpart5.uasset" 4510
"../../../../UNDERWATER_TEST01-5.2-5.6/Content/Submarine/Tizi_8.uasset" 4511
"/Water/Materials/Layers/WaterAttributes" 4512
"/Water/Materials/Functions/SampleFluidSimulation" 4513
"../../../Engine/Content/Functions/Engine_MaterialFunctions02/Math/TimeWithSpeedVariable.uasset" 4514
"../../../Engine/Content/Functions/Engine_MaterialFunctions02/Texturing/Flowmaps.uasset" 4515
"../../../Engine/Content/Functions/Engine_MaterialFunctions02/Math/AddComponents.uasset" 4516
"../../../Engine/Content/Functions/Engine_MaterialFunctions02/Math/MakeVectorsOrthogonal.uasset" 4517
"../../../Engine/Content/Functions/Engine_MaterialFunctions02/Utility/BlendAngleCorrectedNormals.uasset" 4518
"../../../Engine/Content/Functions/Engine_MaterialFunctions02/Utility/LinearSine.uasset" 4519
"../../../Engine/Content/EngineMaterials/DefaultNormal.uasset" 4520
"../../../Engine/Content/Functions/Engine_MaterialFunctions02/ExampleContent/Textures/LowResBlurredNoise.uasset" 4521
"/Water/Materials/Functions/WaterOpacityMaskFromDepth" 4522
"/Water/Materials/Functions/WaterHeightMappingVS" 4523
"/Water/Materials/Functions/WaterCoefficientMask" 4524
"/Water/Materials/Functions/SetWaveAttributes" 4525
"/Water/Materials/Functions/ClipDynamicBounds" 4526
"/Water/Caustics/Materials/Functions/WaterCaustics_GerstnerWaves" 4527
"/Water/Materials/Layers/BeachFoam" 4528
"/Water/Materials/WaterSurface/Water_Material_Ocean" 4529
"../../Plugins/Experimental/Water/Content/Textures/Normals/T_Water_TilingNormal_With_Height_02_Softened.uasset" 4530
"../../Plugins/Experimental/Water/Content/Materials/WaterSurface/Water_Material.uasset" 4531
"../../Plugins/Experimental/Water/Content/Materials/Functions/Water_Underside.uasset" 4532
"../../Plugins/Experimental/Water/Content/Materials/Functions/WaterRiverFlowmaps.uasset" 4533
"../../Plugins/Experimental/Water/Content/Materials/Functions/WaterTextureSurface.uasset" 4534
"../../Plugins/Experimental/Water/Content/Materials/Functions/WaveVelocityMask.uasset" 4535
"../../../Engine/Content/Functions/Engine_MaterialFunctions01/Coordinates/WorldPosition-XY.uasset" 4536
"../../../Engine/Content/Functions/Engine_MaterialFunctions01/Texturing/FlattenNormal.uasset" 4537
"../../Plugins/Experimental/Water/Content/Textures/Flowmaps/RiverFlowmap_Diffuse.uasset" 4538
"../../Plugins/Experimental/Water/Content/Textures/Flowmaps/RiverFlowmap_Normal.uasset" 4539
"../../Plugins/Experimental/Water/Content/Materials/Functions/WaterTextureWaves.uasset" 4540
"/Engine/EngineSky/VolumetricClouds/m_SimpleVolumetricCloud_Inst" 4541
"../../../Engine/Plugins/Experimental/Water/Content/Materials/HLOD/HLODWater.uasset" 4542
"../../../Engine/Content/EngineSky/T_Sky_Blue.uasset" 4543
"../../../Engine/Plugins/Experimental/Water/Content/Materials/WaterSurface/Water_FarMesh.uasset" 4544
"../../../Engine/Content/EngineSky/M_SimpleSkyDome.uasset" 4545
"../../../Engine/Content/EngineSky/M_Sky_Panning_Clouds2.uasset" 4546
"D:/UNDERWATER_TEST01-5.2-5.6/Content/FirstPersonArms/Animations/FP_Rifle_Falling.uasset" 4547
"../../../Engine/Content/EngineSky/T_Sky_Stars.uasset" 4548
"D:/UNDERWATER_TEST01-5.2-5.6/Content/FirstPersonArms/Animations/FP_Jump.uasset" 4549
"D:/UNDERWATER_TEST01-5.2-5.6/Content/FirstPersonArms/Animations/FP_Rifle_Jump.uasset" 4550
"../../../Engine/Content/EngineSky/T_Sky_Clouds_M.uasset" 4551
"D:/UNDERWATER_TEST01-5.2-5.6/Content/FirstPersonArms/Animations/FP_Falling.uasset" 4552
"D:/UNDERWATER_TEST01-5.2-5.6/Content/FirstPersonArms/Animations/FP_Rifle_Land.uasset" 4553
"D:/UNDERWATER_TEST01-5.2-5.6/Content/FirstPersonArms/Animations/FP_Rifle_Idle.uasset" 4554
"D:/UNDERWATER_TEST01-5.2-5.6/Content/FirstPersonArms/Animations/FP_Land.uasset" 4555
"D:/UNDERWATER_TEST01-5.2-5.6/Content/FirstPersonArms/Animations/FP_Idle.uasset" 4556
"../../../Engine/Content/EngineSky/SM_SkySphere.uasset" 4557
"../../../Engine/Content/Animation/DefaultAnimBoneCompressionSettings.uasset" 4558
"D:/UNDERWATER_TEST01-5.2-5.6/Content/FirstPersonArms/Animations/FP_Rifle_Run.uasset" 4559
"../../../Engine/Content/Animation/DefaultAnimCurveCompressionSettings.uasset" 4560
"D:/UNDERWATER_TEST01-5.2-5.6/Content/FirstPersonArms/Animations/FP_Run_Fwd.uasset" 4561
"D:/UNDERWATER_TEST01-5.2-5.6/Content/FirstPersonArms/Animations/FirstPerson_AnimBP.uasset" 4562
"D:/UNDERWATER_TEST01-5.2-5.6/Content/FirstPersonArms/Character/Materials/MaterialLayers/T_ML_Rubber_Blue_01_D.uasset" 4563
"D:/UNDERWATER_TEST01-5.2-5.6/Content/FirstPersonArms/Character/Materials/MaterialLayers/T_ML_Rubber_Blue_01_N.uasset" 4564
"D:/UNDERWATER_TEST01-5.2-5.6/Content/FirstPersonArms/Character/Materials/MaterialLayers/ML_GlossyBlack_Latex_UE4.uasset" 4565
"D:/UNDERWATER_TEST01-5.2-5.6/Content/FirstPersonArms/Character/Materials/MaterialLayers/ML_Plastic_Shiny_Beige.uasset" 4566
"D:/UNDERWATER_TEST01-5.2-5.6/Content/FirstPersonArms/Character/Textures/UE4_LOGO_CARD.uasset" 4567
"D:/UNDERWATER_TEST01-5.2-5.6/Content/FirstPersonArms/Character/Materials/MaterialLayers/ML_Plastic_Shiny_Beige_LOGO.uasset" 4568
"D:/UNDERWATER_TEST01-5.2-5.6/Content/FirstPersonArms/Character/Materials/MaterialLayers/T_ML_Aluminum01.uasset" 4569
"D:/UNDERWATER_TEST01-5.2-5.6/Content/FirstPersonArms/Character/Materials/MaterialLayers/T_ML_Aluminum01_N.uasset" 4570
"D:/UNDERWATER_TEST01-5.2-5.6/Content/FirstPersonArms/Character/Materials/MaterialLayers/ML_SoftMetal_UE4.uasset" 4571
"D:/UNDERWATER_TEST01-5.2-5.6/Content/FirstPersonArms/Character/Textures/UE4_Mannequin_MAT_MASKA.uasset" 4572
"D:/UNDERWATER_TEST01-5.2-5.6/Content/FirstPersonArms/Character/Textures/UE4_Mannequin__normals.uasset" 4573
"/Game/FirstPersonArms/Character/Materials/MaterialLayers/ML_Plastic_Shiny_Beige" 4574
"/Game/FirstPersonArms/Character/Textures/UE4_LOGO_CARD" 4575
"/Game/FirstPersonArms/Character/Materials/MaterialLayers/ML_Plastic_Shiny_Beige_LOGO" 4576
"/Game/FirstPersonArms/Character/Materials/MaterialLayers/T_ML_Aluminum01" 4577
"/Game/FirstPersonArms/Character/Textures/UE4_Mannequin_MAT_MASKA" 4578
"/Game/FirstPersonArms/Character/Textures/UE4_Mannequin__normals" 4579
"/Game/FirstPersonArms/Character/Materials/MaterialLayers/T_ML_Rubber_Blue_01_D" 4580
"../../../Engine/Content/Functions/MaterialLayerFunctions/MatLayerBlend_NormalBlend.uasset" 4581
"D:/UNDERWATER_TEST01-5.2-5.6/Content/FirstPersonArms/Character/Mesh/SK_Mannequin_Arms.uasset" 4582
"D:/UNDERWATER_TEST01-5.2-5.6/Content/FirstPersonArms/Character/Mesh/SK_Mannequin_Arms_Skeleton.uasset" 4583
"../../../Engine/Content/Functions/MaterialLayerFunctions/MatLayerBlend_Simple.uasset" 4584
"D:/UNDERWATER_TEST01-5.2-5.6/Content/FirstPersonArms/Character/Mesh/SK_Mannequin_Arms_PhysicsAsset.uasset" 4585
"D:/UNDERWATER_TEST01-5.2-5.6/Content/FirstPersonArms/Character/Materials/M_UE4Man_Body.uasset" 4586
"/Game/FirstPersonArms/Character/Materials/MaterialLayers/T_ML_Rubber_Blue_01_N" 4587
"/Game/FirstPersonArms/Character/Materials/MaterialLayers/ML_GlossyBlack_Latex_UE4" 4588
"/Game/FirstPersonArms/Character/Materials/MaterialLayers/T_ML_Aluminum01_N" 4589
"/Game/FirstPersonArms/Character/Materials/MaterialLayers/ML_SoftMetal_UE4" 4590
"D:/UNDERWATER_TEST01-5.2-5.6/Content/FirstPerson/Input/Actions/IA_Look.uasset" 4591
"/Game/FirstPersonArms/Character/Mesh/SK_Mannequin_Arms_Skeleton" 4592
"D:/UNDERWATER_TEST01-5.2-5.6/Content/FirstPerson/Input/Actions/IA_Jump.uasset" 4593
"D:/UNDERWATER_TEST01-5.2-5.6/Content/FirstPerson/Input/Actions/IA_Move.uasset" 4594
"D:/UNDERWATER_TEST01-5.2-5.6/Content/FirstPerson/Input/Actions/IA_Interact.uasset" 4595
"D:/UNDERWATER_TEST01-5.2-5.6/Content/FirstPerson/Input/IMC_Default.uasset" 4596
"D:/UNDERWATER_TEST01-5.2-5.6/Content/Corals/coral_models/coral_disorders_/Staghorn_coral3_4_d.uasset" 4597
"/Engine/EngineSky/M_Sky_Panning_Clouds2" 4598
"/Game/FirstPersonArms/Animations/FP_Rifle_Land" 4599
"/Engine/EngineSky/M_SimpleSkyDome" 4600
"/Water/Materials/HLOD/HLODWater" 4601
"/Game/FirstPersonArms/Animations/FP_Falling" 4602
"/Engine/EngineSky/SM_SkySphere" 4603
"/Game/FirstPersonArms/Animations/FP_Rifle_Jump" 4604
"/Game/FirstPersonArms/Animations/FP_Rifle_Idle" 4605
"/Game/FirstPersonArms/Animations/FP_Rifle_Falling" 4606
"/Game/FirstPersonArms/Animations/FP_Land" 4607
"/Game/FirstPersonArms/Animations/FP_Jump" 4608
"/Game/FirstPersonArms/Animations/FP_Idle" 4609
"/Game/FirstPersonArms/Character/Mesh/SK_Mannequin_Arms" 4610
"../../../../UNDERWATER_TEST01-5.2-5.6/Content/FirstPersonArms/Character/Mesh/SK_Mannequin_Arms.uasset" 4611
"/Game/FirstPersonArms/Animations/FP_Rifle_Run" 4612
"/Game/FirstPersonArms/Animations/FP_Run_Fwd" 4613
"/Game/FirstPersonArms/Animations/FirstPerson_AnimBP" 4614
"../../../../UNDERWATER_TEST01-5.2-5.6/Content/FirstPerson/Blueprints/BP_FirstPersonCharacter.uasset" 4615
"../../../../UNDERWATER_TEST01-5.2-5.6/Content/Game_Systems/Component/BPC_Interact.uasset" 4616
"../../../../UNDERWATER_TEST01-5.2-5.6/Content/FirstPerson/Blueprints/BP_Pickup.uasset" 4617
"../../../Engine/Content/EditorMeshes/AnimTreeEd_PreviewFloor.uasset" 4618
"../../../Engine/Content/VREditor/Devices/Vive/VivePreControllerMesh.uasset" 4619
"../../../../UNDERWATER_TEST01-5.2-5.6/Content/StarterContent/Props/SM_CornerFrame.uasset" 4620
"../../../../UNDERWATER_TEST01-5.2-5.6/Content/StarterContent/Props/SM_Couch.uasset" 4621
"../../../Engine/Content/VREditor/Devices/Vive/VivePreControllerMaterial_Inst.uasset" 4622
"../../../../UNDERWATER_TEST01-5.2-5.6/Content/StarterContent/Props/Materials/M_Frame.uasset" 4623
"../../../Engine/Content/VREditor/Devices/Vive/VivePreControllerMaterial.uasset" 4624
"../../../../UNDERWATER_TEST01-5.2-5.6/Content/StarterContent/Textures/T_Frame_M.uasset" 4625
"../../../../UNDERWATER_TEST01-5.2-5.6/Content/StarterContent/Textures/T_Frame_N.uasset" 4626
"../../../Engine/Content/VREditor/Devices/Vive/T_VivePreController_EM.uasset" 4627
"../../../Engine/Content/VREditor/Devices/Vive/VivePreController_MasksA.uasset" 4628
"../../../Engine/Content/VREditor/Devices/Vive/VivePreController_MasksB.uasset" 4629
"../../../Engine/Content/VREditor/Devices/Vive/VivePreControllerDiffuse.uasset" 4630
"../../../Engine/Content/VREditor/Devices/Vive/VivePreControllerSpec.uasset" 4631
"../../../../UNDERWATER_TEST01-5.2-5.6/Content/Corals/coral_models/coral_disorders_/Staghorn_coral3_4_d.uasset" 4632
"C:/Users/tarvi/AppData/Local/Temp/UnrealShaderWorkingDir/37D480304BED00B91E6597A81FC0EC5B/13/WorkerOutputOnly.out" 4633
"C:/Users/tarvi/AppData/Local/Temp/UnrealShaderWorkingDir/37D480304BED00B91E6597A81FC0EC5B/16/WorkerOutputOnly.out" 4634
"C:/Users/tarvi/AppData/Local/Temp/UnrealShaderWorkingDir/37D480304BED00B91E6597A81FC0EC5B/14/WorkerOutputOnly.out" 4635
"C:/Users/tarvi/AppData/Local/Temp/UnrealShaderWorkingDir/37D480304BED00B91E6597A81FC0EC5B/15/WorkerOutputOnly.out" 4636
"../../../Engine/Plugins/2D/Paper2D/Content/TranslucentUnlitSpriteMaterial.uasset" 4637
"../../../../UNDERWATER_TEST01-5.2-5.6/Content/FirstPersonArms/Character/Mesh/SK_Mannequin_Arms_Skeleton.uasset" 4638
"/Paper2D/TranslucentUnlitSpriteMaterial" 4639
"/Engine/Functions/MaterialLayerFunctions/MatLayerBlend_NormalBlend" 4640
"/Engine/Functions/MaterialLayerFunctions/MatLayerBlend_Simple" 4641
"/Game/FirstPersonArms/Character/Materials/M_UE4Man_Body" 4642
"../../../../UNDERWATER_TEST01-5.2-5.6/Content/FirstPersonArms/Character/Materials/MaterialLayers/ML_GlossyBlack_Latex_UE4.uasset" 4643
"../../../../UNDERWATER_TEST01-5.2-5.6/Content/FirstPersonArms/Character/Materials/MaterialLayers/ML_Plastic_Shiny_Beige.uasset" 4644
"../../../../UNDERWATER_TEST01-5.2-5.6/Content/FirstPersonArms/Character/Materials/MaterialLayers/ML_Plastic_Shiny_Beige_LOGO.uasset" 4645
"../../../../UNDERWATER_TEST01-5.2-5.6/Content/FirstPersonArms/Character/Materials/MaterialLayers/ML_SoftMetal_UE4.uasset" 4646
"../../../../UNDERWATER_TEST01-5.2-5.6/Content/FirstPersonArms/Character/Textures/UE4_Mannequin__normals.uasset" 4647
"../../../../UNDERWATER_TEST01-5.2-5.6/Content/FirstPersonArms/Character/Textures/UE4_Mannequin_MAT_MASKA.uasset" 4648
"../../../../UNDERWATER_TEST01-5.2-5.6/Content/FirstPersonArms/Character/Materials/MaterialLayers/T_ML_Rubber_Blue_01_D.uasset" 4649
"../../../../UNDERWATER_TEST01-5.2-5.6/Content/FirstPersonArms/Character/Materials/MaterialLayers/T_ML_Rubber_Blue_01_N.uasset" 4650
"../../../../UNDERWATER_TEST01-5.2-5.6/Content/FirstPersonArms/Character/Textures/UE4_LOGO_CARD.uasset" 4651
"../../../../UNDERWATER_TEST01-5.2-5.6/Content/FirstPersonArms/Character/Materials/MaterialLayers/T_ML_Aluminum01.uasset" 4652
"../../../../UNDERWATER_TEST01-5.2-5.6/Content/FirstPersonArms/Character/Materials/MaterialLayers/T_ML_Aluminum01_N.uasset" 4653
"/Game/FirstPersonArms/Character/Mesh/SK_Mannequin_Arms_PhysicsAsset" 4654
"/Game/Corals/coral_models/coral_disorders_/Staghorn_coral3_4_d" 4655
"/Game/FirstPerson/Input/Actions/IA_Jump" 4656
"/Game/FirstPerson/Input/Actions/IA_Look" 4657
"/Game/FirstPerson/Input/Actions/IA_Move" 4658
"/Game/FirstPerson/Input/Actions/IA_Interact" 4659
"/Game/FirstPerson/Input/IMC_Default" 4660
"D:/UNDERWATER_TEST01-5.2-5.6/Content/FirstPerson/Blueprints/BP_Pickup.uasset" 4661
"D:/UNDERWATER_TEST01-5.2-5.6/Content/Game_Systems/Component/BPC_Interact.uasset" 4662
"D:/UNDERWATER_TEST01-5.2-5.6/Content/Game_Systems/DialogueSystem/BluePrint_Interactable.uasset" 4663
"D:/UNDERWATER_TEST01-5.2-5.6/Content/EPickups.uasset" 4664
"../../../Engine/Plugins/Interchange/Assets/Content/Functions/MF_PhongToMetalRoughness.uasset" 4665
"D:/UNDERWATER_TEST01-5.2-5.6/Content/Submarine/Transparent_Window.uasset" 4666
"D:/UNDERWATER_TEST01-5.2-5.6/Content/Submarine/Front_Window.uasset" 4667
"D:/UNDERWATER_TEST01-5.2-5.6/Content/NewBlueprint.uasset" 4668
"D:/UNDERWATER_TEST01-5.2-5.6/Content/FirstPerson/Blueprints/BP_FirstPersonGameMode.uasset" 4669
"/Game/Submarine/Front_Window" 4670
"/Game/FirstPerson/Blueprints/BP_FirstPersonCharacter" 4671
"../../../../UNDERWATER_TEST01-5.2-5.6/Content/Submarine/Front_Window.uasset" 4672
"/Game/NewBlueprint" 4673
"../../../../UNDERWATER_TEST01-5.2-5.6/Content/FirstPersonArms/Animations/FirstPerson_AnimBP.uasset" 4674
"../../../../UNDERWATER_TEST01-5.2-5.6/Content/FirstPerson/Input/Actions/IA_Interact.uasset" 4675
"../../../../UNDERWATER_TEST01-5.2-5.6/Content/FirstPerson/Input/Actions/IA_Jump.uasset" 4676
"../../../../UNDERWATER_TEST01-5.2-5.6/Content/FirstPerson/Input/Actions/IA_Look.uasset" 4677
"../../../../UNDERWATER_TEST01-5.2-5.6/Content/FirstPerson/Input/Actions/IA_Move.uasset" 4678
"../../../../UNDERWATER_TEST01-5.2-5.6/Content/FirstPerson/Input/IMC_Default.uasset" 4679
"../../../../UNDERWATER_TEST01-5.2-5.6/Content/FirstPersonArms/Animations/FP_Falling.uasset" 4680
"../../../../UNDERWATER_TEST01-5.2-5.6/Content/FirstPersonArms/Animations/FP_Idle.uasset" 4681
"../../../../UNDERWATER_TEST01-5.2-5.6/Content/FirstPersonArms/Animations/FP_Jump.uasset" 4682
"../../../../UNDERWATER_TEST01-5.2-5.6/Content/FirstPersonArms/Animations/FP_Land.uasset" 4683
"../../../../UNDERWATER_TEST01-5.2-5.6/Content/FirstPersonArms/Animations/FP_Rifle_Falling.uasset" 4684
"../../../../UNDERWATER_TEST01-5.2-5.6/Content/FirstPersonArms/Animations/FP_Rifle_Idle.uasset" 4685
"../../../../UNDERWATER_TEST01-5.2-5.6/Content/FirstPersonArms/Animations/FP_Rifle_Jump.uasset" 4686
"../../../../UNDERWATER_TEST01-5.2-5.6/Content/FirstPersonArms/Animations/FP_Rifle_Land.uasset" 4687
"../../../../UNDERWATER_TEST01-5.2-5.6/Content/FirstPersonArms/Animations/FP_Rifle_Run.uasset" 4688
"../../../../UNDERWATER_TEST01-5.2-5.6/Content/FirstPersonArms/Animations/FP_Run_Fwd.uasset" 4689
"../../../../UNDERWATER_TEST01-5.2-5.6/Content/FirstPersonArms/Character/Mesh/SK_Mannequin_Arms_PhysicsAsset.uasset" 4690
"/Game/FirstPerson/Blueprints/BP_FirstPersonGameMode" 4691
"/Game/UNDERWATER_SETTING/Underwater_Setting" 4692
"../../../../UNDERWATER_TEST01-5.2-5.6/Content/Game_Systems/Paper2DSystem/NPC_Fish_Child.uasset" 4693
"../../../../UNDERWATER_TEST01-5.2-5.6/Content/Game_Systems/DialogueSystem/AC_Dialogue_Child.uasset" 4694
"../../../../UNDERWATER_TEST01-5.2-5.6/Content/Game_Systems/DialogueSystem/AC_Dialogue_SeahorseTest.uasset" 4695
"../../../../UNDERWATER_TEST01-5.2-5.6/Content/Sea_grass/third_cache/seagrass01.uasset" 4696
"../../../../UNDERWATER_TEST01-5.2-5.6/Content/Sea_grass/third_cache/seagrass02.uasset" 4697
"../../../../UNDERWATER_TEST01-5.2-5.6/Content/Sea_grass/third_cache/seagrass04.uasset" 4698
"../../../../UNDERWATER_TEST01-5.2-5.6/Content/Sea_grass/third_cache/seagrass05.uasset" 4699
"../../../../UNDERWATER_TEST01-5.2-5.6/Content/LANDSCAPE/Ocean/BRICKS_LayerInfo.uasset" 4700
"../../../../UNDERWATER_TEST01-5.2-5.6/Content/LANDSCAPE/Ocean/SAND1_LayerInfo.uasset" 4701
"../../../../UNDERWATER_TEST01-5.2-5.6/Content/LANDSCAPE/Ocean/SAND2_LayerInfo.uasset" 4702
"../../../../UNDERWATER_TEST01-5.2-5.6/Content/LANDSCAPE/Ocean/STONE_LayerInfo.uasset" 4703
"../../../../UNDERWATER_TEST01-5.2-5.6/Content/Sea_grass/Texture_Seagrass(level2)/healthy_seagrass1/healthy_seagrass1.uasset" 4704
"../../../../UNDERWATER_TEST01-5.2-5.6/Content/Sea_grass/Texture_Seagrass(level2)/healthy_seagrass2/healthy_seagrass2.uasset" 4705
"../../../../UNDERWATER_TEST01-5.2-5.6/Content/Sea_grass/Texture_Seagrass(level2)/healthy_seagrass4/healthy_seagrass4.uasset" 4706
"../../../../UNDERWATER_TEST01-5.2-5.6/Content/Sea_grass/Texture_Seagrass(level2)/healthy_seagrass5/healthy_seagrass5.uasset" 4707
"../../Plugins/Experimental/Water/Content/Materials/WaterInfo/DrawWaterInfo.uasset" 4708
"../../../../UNDERWATER_TEST01-5.2-5.6/Content/LANDSCAPE/postprocess_backup/level2.uasset" 4709
"../../Plugins/Experimental/Water/Content/Materials/HLOD/HLODWater.uasset" 4710
"../../../../UNDERWATER_TEST01-5.2-5.6/Content/Shark/shark_ue5.uasset" 4711
"../../../../UNDERWATER_TEST01-5.2-5.6/Content/Game_Systems/Paper2DSystem/NPC_Fish_Base.uasset" 4712
"../../../../UNDERWATER_TEST01-5.2-5.6/Content/EFlipbooks.uasset" 4713
"../../../../UNDERWATER_TEST01-5.2-5.6/Content/Game_Systems/Paper2DSystem/BEN_TEST_Swapping_Flipbook.uasset" 4714
"../../../../UNDERWATER_TEST01-5.2-5.6/Content/Game_Systems/Paper2DSystem/FB_BENSADTEST.uasset" 4715
"../../../../UNDERWATER_TEST01-5.2-5.6/Content/Game_Systems/Paper2DSystem/IMG1.uasset" 4716
"../../../../UNDERWATER_TEST01-5.2-5.6/Content/Game_Systems/Paper2DSystem/IMG2.uasset" 4717
"../../../../UNDERWATER_TEST01-5.2-5.6/Content/Game_Systems/Paper2DSystem/IMG4.uasset" 4718
"../../../../UNDERWATER_TEST01-5.2-5.6/Content/Game_Systems/Paper2DSystem/IMG5.uasset" 4719
"../../../../UNDERWATER_TEST01-5.2-5.6/Content/StarterContent/Props/SM_Chair.uasset" 4720
"../../../../UNDERWATER_TEST01-5.2-5.6/Content/Game_Systems/DialogueSystem/Enum_DialogueState.uasset" 4721
"../../../../UNDERWATER_TEST01-5.2-5.6/Content/Game_Systems/DialogueSystem/fan.uasset" 4722
"../../../../UNDERWATER_TEST01-5.2-5.6/Content/Sea_grass/Texture_Seagrass(level2)/healthy_seagrass1/healthy_seagrass1_BaseColor.uasset" 4723
"../../../../UNDERWATER_TEST01-5.2-5.6/Content/Sea_grass/Texture_Seagrass(level2)/healthy_seagrass1/healthy_seagrass1_Normal.uasset" 4724
"../../../../UNDERWATER_TEST01-5.2-5.6/Content/Sea_grass/Texture_Seagrass(level2)/healthy_seagrass1/healthy_seagrass1_OcclusionRoughnessMetallic.uasset" 4725
"../../../../UNDERWATER_TEST01-5.2-5.6/Content/Sea_grass/Texture_Seagrass(level2)/healthy_seagrass2/healthy_seagrass2_BaseColor.uasset" 4726
"../../../../UNDERWATER_TEST01-5.2-5.6/Content/Sea_grass/Texture_Seagrass(level2)/healthy_seagrass2/healthy_seagrass2_Normal.uasset" 4727
"../../../../UNDERWATER_TEST01-5.2-5.6/Content/Sea_grass/Texture_Seagrass(level2)/healthy_seagrass2/healthy_seagrass2_OcclusionRoughnessMetallic.uasset" 4728
"../../../../UNDERWATER_TEST01-5.2-5.6/Content/Sea_grass/Texture_Seagrass(level2)/healthy_seagrass4/healthy_seagrass4_BaseColor.uasset" 4729
"../../../../UNDERWATER_TEST01-5.2-5.6/Content/Sea_grass/Texture_Seagrass(level2)/healthy_seagrass4/healthy_seagrass4_Normal.uasset" 4730
"../../../../UNDERWATER_TEST01-5.2-5.6/Content/Sea_grass/Texture_Seagrass(level2)/healthy_seagrass4/healthy_seagrass4_OcclusionRoughnessMetallic.uasset" 4731
"../../../../UNDERWATER_TEST01-5.2-5.6/Content/Sea_grass/Texture_Seagrass(level2)/healthy_seagrass5/healthy_seagrass5_BaseColor.uasset" 4732
"../../../../UNDERWATER_TEST01-5.2-5.6/Content/Sea_grass/Texture_Seagrass(level2)/healthy_seagrass5/healthy_seagrass5_Normal.uasset" 4733
"../../../../UNDERWATER_TEST01-5.2-5.6/Content/Sea_grass/Texture_Seagrass(level2)/healthy_seagrass5/healthy_seagrass5_OcclusionRoughnessMetallic.uasset" 4734
"../../../../UNDERWATER_TEST01-5.2-5.6/Content/Shark/standardSurface1.uasset" 4735
"../../../../UNDERWATER_TEST01-5.2-5.6/Content/Shark/shark_ue5_PhysicsAsset.uasset" 4736
"../../../../UNDERWATER_TEST01-5.2-5.6/Content/Shark/shark_ue5_Skeleton.uasset" 4737
"../../../../UNDERWATER_TEST01-5.2-5.6/Content/Submarine/Metal_Yellow.uasset" 4738
"../../../../UNDERWATER_TEST01-5.2-5.6/Content/Submarine/Moss.uasset" 4739
"../../../../UNDERWATER_TEST01-5.2-5.6/Content/Submarine/Mud.uasset" 4740
"../../../../UNDERWATER_TEST01-5.2-5.6/Content/Submarine/standardSurface2.uasset" 4741
"../../../../UNDERWATER_TEST01-5.2-5.6/Content/Submarine/Painted_Red.uasset" 4742
"../../../../UNDERWATER_TEST01-5.2-5.6/Content/Submarine/Stone6.uasset" 4743
"../../../../UNDERWATER_TEST01-5.2-5.6/Content/Submarine/Painted_Black.uasset" 4744
"../../../../UNDERWATER_TEST01-5.2-5.6/Content/Submarine/blinn11SG1.uasset" 4745
"../../../../UNDERWATER_TEST01-5.2-5.6/Content/ENames.uasset" 4746
"../../../../UNDERWATER_TEST01-5.2-5.6/Content/Game_Systems/Paper2DSystem/BEN_TEST_Swapping_Sprite.uasset" 4747
"../../../../UNDERWATER_TEST01-5.2-5.6/Content/Game_Systems/Paper2DSystem/BENTESTSAD_SPRITE.uasset" 4748
"../../../../UNDERWATER_TEST01-5.2-5.6/Content/Game_Systems/Paper2DSystem/IMG_3625_Sprite.uasset" 4749
"../../../../UNDERWATER_TEST01-5.2-5.6/Content/Game_Systems/Paper2DSystem/IMG_3626_Sprite.uasset" 4750
"../../../../UNDERWATER_TEST01-5.2-5.6/Content/Game_Systems/Paper2DSystem/IMG_3628_Sprite.uasset" 4751
"../../../../UNDERWATER_TEST01-5.2-5.6/Content/Game_Systems/Paper2DSystem/IMG_3629_Sprite.uasset" 4752
"../../../../UNDERWATER_TEST01-5.2-5.6/Content/UI_Widget/W_DialogueOption.uasset" 4753
"../../../../UNDERWATER_TEST01-5.2-5.6/Content/Shark/bake_normal.uasset" 4754
"../../../../UNDERWATER_TEST01-5.2-5.6/Content/Game_Systems/Paper2DSystem/BEN_TEST_Swapping.uasset" 4755
"../../../../UNDERWATER_TEST01-5.2-5.6/Content/Game_Systems/Paper2DSystem/BEN_TEST_SAD.uasset" 4756
"../../../../UNDERWATER_TEST01-5.2-5.6/Content/Game_Systems/Paper2DSystem/IMG_3625.uasset" 4757
"../../../../UNDERWATER_TEST01-5.2-5.6/Content/Game_Systems/Paper2DSystem/IMG_3626.uasset" 4758
"../../../../UNDERWATER_TEST01-5.2-5.6/Content/Game_Systems/Paper2DSystem/IMG_3628.uasset" 4759
"../../../../UNDERWATER_TEST01-5.2-5.6/Content/Game_Systems/Paper2DSystem/IMG_3629.uasset" 4760
"../../../../UNDERWATER_TEST01-5.2-5.6/Content/UNDERWATER_SETTING/Underwater_Setting.umap" 4761
"../../../Engine/Content/EngineSounds/Submixes/MasterSubmixDefault.uasset" 4762
"../../../Engine/Content/EngineSounds/Submixes/MasterEQSubmixDefault.uasset" 4763
"../../../Engine/Plugins/Interchange/Assets/Content/gltf/MaterialFunctions/MF_SpecularAnisotropy.uasset" 4764
"../../../Engine/Content/EngineSounds/Submixes/MasterReverbSubmixDefault.uasset" 4765
"../../../Engine/Content/EngineSounds/Submixes/MasterEQEffectPreset.uasset" 4766
"../../../Engine/Plugins/Interchange/Assets/Content/gltf/MaterialFunctions/MF_Normals.uasset" 4767
"../../../Engine/Plugins/Interchange/Assets/Content/gltf/Textures/T_Generic_N.uasset" 4768
"../../../Engine/Plugins/Interchange/Assets/Content/gltf/MaterialBodies/MF_ClearCoat_Body.uasset" 4769
"../../../Engine/Plugins/Interchange/Assets/Content/gltf/MaterialFunctions/MF_ScaleNormal.uasset" 4770
"../../../Engine/Plugins/Interchange/Assets/Content/gltf/MaterialFunctions/MF_Clearcoat.uasset" 4771
"../../../Engine/Plugins/Interchange/Assets/Content/gltf/MaterialFunctions/MF_Specular.uasset" 4772
"../../../Engine/Plugins/Interchange/Assets/Content/gltf/Textures/T_Anisotropy_Direction_Linear.uasset" 4773
"../../../Engine/Plugins/Interchange/Assets/Content/gltf/MaterialFunctions/MF_Emissive.uasset" 4774
"../../../Engine/Plugins/Interchange/Assets/Content/gltf/MaterialFunctions/MF_RotateNormals_TS.uasset" 4775
"../../../Engine/Plugins/Interchange/Assets/Content/gltf/MaterialFunctions/MF_Occlusion.uasset" 4776
"../../../Engine/Plugins/Interchange/Assets/Content/gltf/MaterialFunctions/MF_Iridescence.uasset" 4777
"../../../Engine/Plugins/Interchange/Assets/Content/gltf/Textures/T_White_Linear.uasset" 4778
"../../../Engine/Content/EngineSounds/Submixes/MasterReverbEffectPreset.uasset" 4779
"../../../Engine/Plugins/Interchange/Assets/Content/Functions/MF_IridescenceNoLUT.uasset" 4780
"../../../Engine/Plugins/Interchange/Assets/Content/gltf/MaterialFunctions/MF_MetallicRoughness.uasset" 4781
"../../../Engine/Plugins/Interchange/Assets/Content/gltf/MaterialFunctions/MF_TransformUVs.uasset" 4782
"../../../Engine/Plugins/Interchange/Assets/Content/gltf/MaterialFunctions/MF_RotateV2.uasset" 4783
"../../../Engine/Plugins/Interchange/Assets/Content/gltf/MaterialFunctions/MF_IOR.uasset" 4784
"../../../Engine/Plugins/Interchange/Assets/Content/gltf/Textures/T_White_srgb.uasset" 4785
"../../../Engine/Plugins/Interchange/Assets/Content/gltf/MaterialFunctions/MF_BaseColor.uasset" 4786
"../../../Engine/Plugins/Interchange/Assets/Content/Functions/MF_Iridescence.uasset" 4787
"../../../Engine/Plugins/Interchange/Assets/Content/gltf/M_ClearCoat.uasset" 4788
"../../../Engine/Plugins/Interchange/Assets/Content/Utilities/New_LUT.uasset" 4789
"../../../Engine/Plugins/Interchange/Assets/Content/gltf/MaterialInstances/MI_ClearCoat_Mask.uasset" 4790
"../../../Engine/Plugins/Interchange/Assets/Content/gltf/MaterialInstances/MI_ClearCoat_Opaque.uasset" 4791
"../../../Engine/Plugins/Interchange/Assets/Content/gltf/MaterialInstances/MI_ClearCoat_Blend.uasset" 4792
"../../../Engine/Content/Functions/Engine_MaterialFunctions03/Math/RemapValueRange.uasset" 4793
"/InterchangeAssets/gltf/MaterialFunctions/MF_IOR" 4794
"/InterchangeAssets/gltf/MaterialFunctions/MF_Iridescence" 4795
"/InterchangeAssets/gltf/MaterialFunctions/MF_MetallicRoughness" 4796
"/InterchangeAssets/gltf/MaterialFunctions/MF_Normals" 4797
"/InterchangeAssets/gltf/MaterialFunctions/MF_BaseColor" 4798
"/InterchangeAssets/gltf/MaterialFunctions/MF_Occlusion" 4799
"/InterchangeAssets/gltf/MaterialFunctions/MF_Specular" 4800
"/InterchangeAssets/gltf/MaterialFunctions/MF_SpecularAnisotropy" 4801
"/InterchangeAssets/gltf/MaterialFunctions/MF_Emissive" 4802
"/InterchangeAssets/gltf/MaterialBodies/MF_ClearCoat_Body" 4803
"/Engine/EngineSounds/Submixes/MasterReverbSubmixDefault" 4804
"/Engine/Functions/Engine_MaterialFunctions03/Math/RemapValueRange" 4805
"/InterchangeAssets/Functions/MF_Iridescence" 4806
"/InterchangeAssets/gltf/M_ClearCoat" 4807
"/InterchangeAssets/gltf/MaterialInstances/MI_ClearCoat_Opaque" 4808
"/InterchangeAssets/gltf/MaterialInstances/MI_ClearCoat_Mask" 4809
"/InterchangeAssets/gltf/MaterialInstances/MI_ClearCoat_Blend" 4810
"../../../Engine/Plugins/Interchange/Assets/Content/gltf/MaterialFunctions/MF_Sheen.uasset" 4811
"../../../Engine/Plugins/Interchange/Assets/Content/gltf/M_Sheen.uasset" 4812
"../../../Engine/Plugins/Interchange/Assets/Content/gltf/MaterialInstances/MI_Default_Mask_DS.uasset" 4813
"../../../Engine/Plugins/Interchange/Assets/Content/gltf/M_Default.uasset" 4814
"../../../Engine/Plugins/Interchange/Assets/Content/gltf/MaterialInstances/MI_Default_Blend_DS.uasset" 4815
"../../../Engine/Plugins/Interchange/Assets/Content/gltf/MaterialInstances/MI_Sheen_Opaque.uasset" 4816
"../../../Engine/Plugins/Interchange/Assets/Content/gltf/MaterialBodies/MF_Sheen_Body.uasset" 4817
"../../../Engine/Plugins/Interchange/Assets/Content/gltf/MaterialInstances/MI_ClearCoat_Blend_DS.uasset" 4818
"../../../Engine/Plugins/Interchange/Assets/Content/gltf/MaterialFunctions/MF_Transmission.uasset" 4819
"../../../Engine/Plugins/Interchange/Assets/Content/gltf/MaterialBodies/MF_Default_Body.uasset" 4820
"../../../Engine/Plugins/Interchange/Assets/Content/gltf/MaterialInstances/MI_Sheen_Blend_DS.uasset" 4821
"../../../Engine/Plugins/Interchange/Assets/Content/gltf/MaterialFunctions/MF_Temporal_Blur.uasset" 4822
"../../../Engine/Plugins/Interchange/Assets/Content/gltf/MaterialFunctions/MF_Fresnel_DS.uasset" 4823
"../../../Engine/Plugins/Interchange/Assets/Content/gltf/MaterialBodies/MF_Transmission_Body.uasset" 4824
"../../../Engine/Content/Functions/Engine_MaterialFunctions02/Texturing/ScreenAlignedPixelToPixelUVs.uasset" 4825
"../../../Engine/Plugins/Interchange/Assets/Content/gltf/MaterialInstances/MI_Sheen_Blend.uasset" 4826
"../../../Engine/Plugins/Interchange/Assets/Content/gltf/MaterialFunctions/MF_PerceivedBrightness.uasset" 4827
"../../../Engine/Plugins/Interchange/Assets/Content/gltf/MaterialInstances/MI_Sheen_Mask_DS.uasset" 4828
"../../../Engine/Plugins/Interchange/Assets/Content/gltf/MaterialInstances/MI_Default_Mask.uasset" 4829
"../../../Engine/Plugins/Interchange/Assets/Content/gltf/MaterialFunctions/MF_MaxComponentValue.uasset" 4830
"../../../Engine/Plugins/Interchange/Assets/Content/gltf/MaterialInstances/MI_Sheen_Opaque_DS.uasset" 4831
"../../../Engine/Plugins/Interchange/Assets/Shaders/ThinFilmFunctions.usf" 4832
"../../../Engine/Plugins/Interchange/Assets/Content/gltf/MaterialInstances/MI_Transmission_DS.uasset" 4833
"../../../Engine/Plugins/Interchange/Assets/Content/gltf/MaterialInstances/MI_Transmission.uasset" 4834
"../../../Engine/Plugins/Interchange/Assets/Content/gltf/MaterialFunctions/MF_SpecGlossToMetalRoughness.uasset" 4835
"/InterchangeAssets/gltf/MaterialFunctions/MF_PerceivedBrightness" 4836
"/InterchangeAssets/gltf/MaterialFunctions/MF_Fresnel_DS" 4837
"/InterchangeAssets/gltf/MaterialFunctions/MF_Transmission" 4838
"/InterchangeAssets/gltf/MaterialInstances/MI_Sheen_Blend_DS" 4839
"../../../Engine/Plugins/Interchange/Assets/Content/gltf/MaterialFunctions/MF_DiffuseSpecGloss.uasset" 4840
"/InterchangeAssets/gltf/MaterialInstances/MI_Sheen_Mask_DS" 4841
"../../../Engine/Plugins/Interchange/Assets/Content/gltf/MaterialInstances/MI_Sheen_Mask.uasset" 4842
"/InterchangeAssets/gltf/MaterialInstances/MI_Sheen_Opaque_DS" 4843
"/InterchangeAssets/gltf/MaterialInstances/MI_Sheen_Blend" 4844
"/InterchangeAssets/gltf/MaterialInstances/MI_Sheen_Opaque" 4845
"/InterchangeAssets/gltf/MaterialInstances/MI_Default_Blend_DS" 4846
"/InterchangeAssets/gltf/MaterialInstances/MI_Default_Mask_DS" 4847
"/InterchangeAssets/gltf/MaterialInstances/MI_Default_Mask" 4848
"/InterchangeAssets/gltf/MaterialInstances/MI_ClearCoat_Blend_DS" 4849
"/InterchangeAssets/gltf/MaterialFunctions/MF_DiffuseSpecGloss" 4850
"/InterchangeAssets/gltf/MaterialFunctions/MF_MaxComponentValue" 4851
"/InterchangeAssets/gltf/MaterialInstances/MI_Sheen_Mask" 4852
"/InterchangeAssets/gltf/MaterialFunctions/MF_SpecGlossToMetalRoughness" 4853
"/Engine/Functions/Engine_MaterialFunctions02/Texturing/ScreenAlignedPixelToPixelUVs" 4854
"/InterchangeAssets/gltf/MaterialBodies/MF_Transmission_Body" 4855
"../../../Engine/Plugins/Interchange/Assets/Content/gltf/MaterialInstances/MI_Default_Blend.uasset" 4856
"/InterchangeAssets/gltf/MaterialInstances/MI_Default_Blend" 4857
"../../../Engine/Plugins/Interchange/Assets/Content/gltf/MaterialBodies/MF_SpecularGlossiness_Body.uasset" 4858
"../../../Engine/Plugins/Interchange/Assets/Content/gltf/MaterialInstances/MI_Default_Opaque.uasset" 4859
"../../../Engine/Plugins/Interchange/Assets/Content/gltf/MaterialInstances/MI_ClearCoat_Mask_DS.uasset" 4860
"../../../Engine/Plugins/Interchange/Assets/Content/gltf/MaterialInstances/MI_SpecularGlossiness_Mask.uasset" 4861
"../../../Engine/Plugins/Interchange/Assets/Content/gltf/MaterialInstances/MI_SpecularGlossiness_Opaque.uasset" 4862
"../../../Engine/Plugins/Interchange/Assets/Content/gltf/MaterialInstances/MI_Default_Opaque_DS.uasset" 4863
"../../../Engine/Plugins/Interchange/Assets/Content/gltf/MaterialBodies/MF_Unlit_Body.uasset" 4864
"../../../Engine/Plugins/Interchange/Assets/Content/gltf/M_Transmission.uasset" 4865
"../../../Engine/Plugins/Interchange/Assets/Content/gltf/MaterialInstances/MI_ClearCoat_Opaque_DS.uasset" 4866
"../../../Engine/Plugins/Interchange/Assets/Content/gltf/M_SpecularGlossiness.uasset" 4867
"../../../Engine/Plugins/Interchange/Assets/Content/Functions/MX_TransmissionSurface.uasset" 4868
"../../../Engine/Plugins/Interchange/Assets/Content/Functions/MX_Transmission.uasset" 4869
"../../../Engine/Plugins/Interchange/Assets/Content/gltf/MaterialInstances/MI_Unlit_Opaque.uasset" 4870
"../../../Engine/Plugins/Interchange/Assets/Content/Functions/MX_OpenPBR_Translucent.uasset" 4871
"../../../Engine/Plugins/Interchange/Assets/Content/Functions/MX_StandardSurface.uasset" 4872
"../../../Engine/Plugins/Interchange/Assets/Content/gltf/MaterialInstances/MI_Unlit_Mask.uasset" 4873
"../../../Engine/Content/Functions/Engine_MaterialFunctions01/Volumetrics/BeersLaw.uasset" 4874
"../../../Engine/Plugins/Interchange/Assets/Content/gltf/MaterialInstances/MI_SpecularGlossiness_Opaque_DS.uasset" 4875
"../../../Engine/Plugins/Interchange/Assets/Content/gltf/MaterialInstances/MI_SpecularGlossiness_Mask_DS.uasset" 4876
"../../../Engine/Plugins/Interchange/Assets/Content/gltf/MaterialInstances/MI_SpecularGlossiness_Blend.uasset" 4877
"../../../Engine/Content/ArtTools/RenderToTexture/Textures/127grey.uasset" 4878
"../../../Engine/Plugins/Interchange/Assets/Content/gltf/MaterialInstances/MI_SpecularGlossiness_Blend_DS.uasset" 4879
"../../../Engine/Plugins/Interchange/Assets/Content/Functions/MF_OrenNayerView.uasset" 4880
"../../../Engine/Plugins/Interchange/Assets/Content/gltf/MaterialInstances/MI_Unlit_Blend.uasset" 4881
"../../../Engine/Content/Functions/Substrate/MF_SchlickInternal.uasset" 4882
"../../../Engine/Plugins/Interchange/Assets/Content/gltf/MaterialInstances/MI_Unlit_Blend_DS.uasset" 4883
"../../../Engine/Plugins/Interchange/Assets/Content/gltf/MaterialInstances/MI_Unlit_Opaque_DS.uasset" 4884
"../../../Engine/Plugins/Interchange/Assets/Content/gltf/MaterialInstances/MI_Unlit_Mask_DS.uasset" 4885
"../../../Engine/Plugins/MovieScene/MovieRenderPipeline/Content/Blueprints/Graph/T_MovieGraph_TransparencyBG.uasset" 4886
"../../../Engine/Plugins/Interchange/Assets/Content/gltf/M_Unlit.uasset" 4887
"/InterchangeAssets/gltf/MaterialInstances/MI_Unlit_Blend" 4888
"/InterchangeAssets/gltf/MaterialInstances/MI_Unlit_Mask" 4889
"/MovieRenderPipeline/Blueprints/Graph/T_MovieGraph_TransparencyBG" 4890
"/InterchangeAssets/gltf/MaterialInstances/MI_Transmission_DS" 4891
"/InterchangeAssets/gltf/MaterialInstances/MI_Transmission" 4892
"/InterchangeAssets/gltf/MaterialInstances/MI_Unlit_Blend_DS" 4893
"/InterchangeAssets/gltf/MaterialInstances/MI_Unlit_Mask_DS" 4894
"/InterchangeAssets/gltf/MaterialInstances/MI_Unlit_Opaque_DS" 4895
"/InterchangeAssets/Functions/MX_OpenPBR_Translucent" 4896
"/InterchangeAssets/gltf/MaterialInstances/MI_Unlit_Opaque" 4897
"/InterchangeAssets/gltf/MaterialInstances/MI_SpecularGlossiness_Blend_DS" 4898
"/InterchangeAssets/gltf/MaterialInstances/MI_SpecularGlossiness_Mask_DS" 4899
"/InterchangeAssets/gltf/MaterialInstances/MI_SpecularGlossiness_Opaque_DS" 4900
"/InterchangeAssets/gltf/MaterialInstances/MI_SpecularGlossiness_Blend" 4901
"/InterchangeAssets/gltf/MaterialInstances/MI_Default_Opaque_DS" 4902
"/Engine/ArtTools/RenderToTexture/Textures/127grey" 4903
"/InterchangeAssets/gltf/MaterialInstances/MI_SpecularGlossiness_Mask" 4904
"/InterchangeAssets/gltf/MaterialInstances/MI_Default_Opaque" 4905
"/InterchangeAssets/gltf/MaterialInstances/MI_SpecularGlossiness_Opaque" 4906
"/InterchangeAssets/gltf/MaterialInstances/MI_ClearCoat_Mask_DS" 4907
"/InterchangeAssets/gltf/MaterialInstances/MI_ClearCoat_Opaque_DS" 4908
"../../../Engine/Plugins/MovieScene/MovieRenderPipeline/Content/Blueprints/M_MoviePipelineRenderPreview.uasset" 4909
"../../../Engine/Plugins/Interchange/Assets/Content/Functions/MX_OpenPBR_Opaque.uasset" 4910
"../../../Engine/Plugins/MovieScene/MovieRenderPipeline/Content/Blueprints/Graph/UI_MovieGraphImagePreview.uasset" 4911
"../../../Engine/Plugins/Animation/ControlRig/Content/Controls/ControlRig_Arrow_1mm.uasset" 4912
"../../../Engine/Plugins/Animation/ControlRig/Content/Controls/ControlRig_Arrow2_3mm.uasset" 4913
"../../../Engine/Plugins/Animation/ControlRig/Content/Controls/ControlRig_Arrow_solid.uasset" 4914
"../../../Engine/Plugins/MovieScene/MovieRenderPipeline/Content/Blueprints/UI_MovieRenderPipelineInfoTableRow.uasset" 4915
"../../../Engine/Plugins/MovieScene/MovieRenderPipeline/Content/Blueprints/UI_MovieGraphPipelineScreenOverlay.uasset" 4916
"../../../Engine/Plugins/MovieScene/MovieRenderPipeline/Content/Blueprints/UI_MovieRenderPipelineScreenOverlay.uasset" 4917
"../../../Engine/Plugins/Animation/ControlRig/Content/Controls/ControlRig_Arrow2_1mm.uasset" 4918
"../../../Engine/Plugins/Animation/ControlRig/Content/Controls/ControlRig_Arrow4_3mm.uasset" 4919
"../../../Engine/Plugins/Animation/ControlRig/Content/Controls/ControlRig_Arrow2_solid.uasset" 4920
"../../../Engine/Plugins/Animation/ControlRig/Content/Controls/ControlRig_Arrow4_1mm.uasset" 4921
"../../../Engine/Plugins/Animation/ControlRig/Content/Controls/ControlRig_Arrow4_solid.uasset" 4922
"../../../Engine/Plugins/Animation/ControlRig/Content/Controls/ControlRig_Box_solid.uasset" 4923
"../../../Engine/Plugins/Animation/ControlRig/Content/Controls/ControlRig_Circle_1mm.uasset" 4924
"../../../Engine/Plugins/Animation/ControlRig/Content/Controls/ControlRig_Circle_solid.uasset" 4925
"../../../Engine/Plugins/Animation/ControlRig/Content/Controls/ControlRig_Circle_3mm.uasset" 4926
"../../../Engine/Plugins/Animation/ControlRig/Content/Controls/ControlRig_Sphere_solid.uasset" 4927
"../../../Engine/Plugins/Animation/ControlRig/Content/Controls/ControlRig_Box_3mm.uasset" 4928
"../../../Engine/Plugins/Animation/ControlRig/Content/Controls/ControlRig_Hexagon_solid.uasset" 4929
"../../../Engine/Plugins/Animation/ControlRig/Content/Controls/ControlRig_HalfCircle_solid.uasset" 4930
"../../../Engine/Plugins/Animation/ControlRig/Content/Controls/ControlRig_HalfCircle_3mm.uasset" 4931
"../../../Engine/Plugins/Animation/ControlRig/Content/Controls/ControlRig_HalfCircle_1mm.uasset" 4932
"../../../Engine/Plugins/Animation/ControlRig/Content/Controls/ControlRig_Diamond_solid.uasset" 4933
"../../../Engine/Plugins/Animation/ControlRig/Content/Controls/ControlRig_Hexagon_1mm.uasset" 4934
"../../../Engine/Plugins/Animation/ControlRig/Content/Controls/ControlRig_Diamond_3mm.uasset" 4935
"../../../Engine/Plugins/Animation/ControlRig/Content/Controls/ControlRig_Arrow_3mm.uasset" 4936
"../../../Engine/Plugins/Animation/ControlRig/Content/Controls/ControlRig_Diamond_1mm.uasset" 4937
"/ControlRig/Controls/ControlRig_Hexagon_solid" 4938
"/ControlRig/Controls/ControlRig_Hexagon_1mm" 4939
"/ControlRig/Controls/ControlRig_HalfCircle_solid" 4940
"/ControlRig/Controls/ControlRig_HalfCircle_3mm" 4941
"/ControlRig/Controls/ControlRig_HalfCircle_1mm" 4942
"/ControlRig/Controls/ControlRig_Diamond_solid" 4943
"/ControlRig/Controls/ControlRig_Diamond_3mm" 4944
"/ControlRig/Controls/ControlRig_Diamond_1mm" 4945
"/ControlRig/Controls/ControlRig_Circle_solid" 4946
"/ControlRig/Controls/ControlRig_Circle_3mm" 4947
"/ControlRig/Controls/ControlRig_Circle_1mm" 4948
"../../../Engine/Plugins/Animation/ControlRig/Content/Controls/ControlRig_Hexagon_3mm.uasset" 4949
"/ControlRig/Controls/ControlRig_Box_solid" 4950
"/ControlRig/Controls/ControlRig_Box_3mm" 4951
"/ControlRig/Controls/ControlRig_Arrow_solid" 4952
"/ControlRig/Controls/ControlRig_Arrow_3mm" 4953
"/ControlRig/Controls/ControlRig_Arrow_1mm" 4954
"/ControlRig/Controls/ControlRig_Arrow4_solid" 4955
"/ControlRig/Controls/ControlRig_Arrow4_3mm" 4956
"/ControlRig/Controls/ControlRig_Arrow4_1mm" 4957
"/ControlRig/Controls/ControlRig_Arrow2_solid" 4958
"/ControlRig/Controls/ControlRig_Arrow2_3mm" 4959
"/ControlRig/Controls/ControlRig_Arrow2_1mm" 4960
"/ControlRig/Controls/ControlRig_Sphere_solid" 4961
"/InterchangeAssets/Functions/MX_OpenPBR_Opaque" 4962
"../../../Engine/Plugins/Animation/ControlRig/Content/Controls/ControlRig_Box_1mm.uasset" 4963
"/MovieRenderPipeline/Blueprints/UI_MovieRenderPipelineScreenOverlay" 4964
"/MovieRenderPipeline/Blueprints/UI_MovieGraphPipelineScreenOverlay" 4965
"/ControlRig/Controls/ControlRig_Hexagon_3mm" 4966
"/ControlRig/Controls/ControlRig_Box_1mm" 4967
"../../../Engine/Plugins/Animation/ControlRig/Content/Controls/ControlRig_Octagon_solid.uasset" 4968
"../../../Engine/Plugins/Animation/ControlRig/Content/Controls/ControlRig_QuarterCircle_1mm.uasset" 4969
"../../../Engine/Plugins/Animation/ControlRig/Content/Controls/ControlRig_QuarterCircle_3mm.uasset" 4970
"../../../Engine/Plugins/Animation/ControlRig/Content/Controls/ControlRig_Octagon_3mm.uasset" 4971
"../../../Engine/Plugins/Animation/ControlRig/Content/Controls/ControlRig_Pyramid_3mm.uasset" 4972
"../../../Engine/Plugins/Animation/ControlRig/Content/Controls/ControlRig_QuarterCircle_solid.uasset" 4973
"../../../Engine/Plugins/Animation/ControlRig/Content/Controls/ControlRig_Octagon_1mm.uasset" 4974
"../../../Engine/Plugins/Animation/ControlRig/Content/Controls/ControlRig_Pyramid_solid.uasset" 4975
"../../../Engine/Plugins/Animation/ControlRig/Content/Controls/ControlRig_Pyramid_1mm.uasset" 4976
"../../../Engine/Plugins/Animation/ControlRig/Content/Controls/ControlRig_Sphere_1mm.uasset" 4977
"../../../Engine/Plugins/Animation/ControlRig/Content/Controls/ControlRig_RoundedSquare_solid.uasset" 4978
"../../../Engine/Plugins/Animation/ControlRig/Content/Controls/ControlRig_RoundedTriangle_1mm.uasset" 4979
"../../../Engine/Plugins/Animation/ControlRig/Content/Controls/ControlRig_RoundedTriangle_3mm.uasset" 4980
"../../../Engine/Plugins/Animation/ControlRig/Content/Controls/ControlRig_RoundedTriangle_solid.uasset" 4981
"../../../Engine/Plugins/Animation/ControlRig/Content/Controls/ControlRig_RoundedSquare_1mm.uasset" 4982
"../../../Engine/Plugins/Animation/ControlRig/Content/Controls/ControlRig_Square_1mm.uasset" 4983
"../../../Engine/Plugins/Animation/ControlRig/Content/Controls/ControlRig_Square_solid.uasset" 4984
"../../../Engine/Plugins/Animation/ControlRig/Content/Controls/ControlRig_Sphere_3mm.uasset" 4985
"../../../Engine/Plugins/Animation/ControlRig/Content/Controls/ControlRig_Star4_1mm.uasset" 4986
"../../../Engine/Plugins/Animation/ControlRig/Content/Controls/ControlRig_RoundedSquare_3mm.uasset" 4987
"../../../Engine/Plugins/Animation/ControlRig/Content/Controls/ControlRig_Triangle_1mm.uasset" 4988
"../../../Engine/Plugins/Animation/ControlRig/Content/Controls/ControlRig_Square_3mm.uasset" 4989
"../../../Engine/Plugins/Animation/ControlRig/Content/Controls/ControlRig_Wedge_3mm.uasset" 4990
"../../../Engine/Plugins/Animation/ControlRig/Content/Controls/ControlRig_Wedge_1mm.uasset" 4991
"../../../Engine/Plugins/Animation/ControlRig/Content/Controls/ControlRig_Triangle_solid.uasset" 4992
"../../../Engine/Plugins/Animation/ControlRig/Content/Controls/ControlRig_Triangle_3mm.uasset" 4993
"../../../Engine/Plugins/Animation/ControlRig/Content/Controls/ControlRig_Wedge_solid.uasset" 4994
"../../../Engine/Content/Maps/Entry_BuiltData.uasset" 4995
"../../../Engine/Plugins/Animation/ControlRig/Content/Controls/ControlRig_Star4_solid.uasset" 4996
"../../../Engine/Plugins/Animation/ControlRig/Content/Controls/ControlRig_Star4_3mm.uasset" 4997
"../../../Engine/Content/Maps/Entry.umap" 4998
"/Engine/Maps/Entry_BuiltData" 4999
"/ControlRig/Controls/ControlRig_Wedge_solid" 5000
"/ControlRig/Controls/ControlRig_Wedge_3mm" 5001
"/ControlRig/Controls/ControlRig_Wedge_1mm" 5002
"/ControlRig/Controls/ControlRig_Triangle_solid" 5003
"/ControlRig/Controls/ControlRig_Triangle_3mm" 5004
"/ControlRig/Controls/ControlRig_Triangle_1mm" 5005
"/ControlRig/Controls/ControlRig_Star4_solid" 5006
"/ControlRig/Controls/ControlRig_Star4_3mm" 5007
"/ControlRig/Controls/ControlRig_Star4_1mm" 5008
"/ControlRig/Controls/ControlRig_Square_solid" 5009
"/ControlRig/Controls/ControlRig_Square_3mm" 5010
"/ControlRig/Controls/ControlRig_Square_1mm" 5011
"/Engine/Maps/Entry" 5012
"/ControlRig/Controls/ControlRig_Sphere_3mm" 5013
"/ControlRig/Controls/ControlRig_Sphere_1mm" 5014
"/ControlRig/Controls/ControlRig_RoundedTriangle_solid" 5015
"/ControlRig/Controls/ControlRig_RoundedTriangle_3mm" 5016
"/ControlRig/Controls/ControlRig_RoundedTriangle_1mm" 5017
"/ControlRig/Controls/ControlRig_RoundedSquare_solid" 5018
"/ControlRig/Controls/ControlRig_RoundedSquare_3mm" 5019
"/ControlRig/Controls/ControlRig_RoundedSquare_1mm" 5020
"/ControlRig/Controls/ControlRig_QuarterCircle_solid" 5021
"/ControlRig/Controls/ControlRig_QuarterCircle_3mm" 5022
"/ControlRig/Controls/ControlRig_QuarterCircle_1mm" 5023
"/ControlRig/Controls/ControlRig_Pyramid_solid" 5024
"/ControlRig/Controls/ControlRig_Pyramid_3mm" 5025
"/ControlRig/Controls/ControlRig_Pyramid_1mm" 5026
"/ControlRig/Controls/ControlRig_Octagon_solid" 5027
"/ControlRig/Controls/ControlRig_Octagon_3mm" 5028
"/ControlRig/Controls/ControlRig_Octagon_1mm" 5029
"../../../Engine/Content/EditorSounds/GamePreview/EjectFromPlayer.uasset" 5030
"../../../Engine/Content/EditorSounds/GamePreview/EjectFromPlayer_Cue.uasset" 5031
"../../../Engine/Content/EditorMaterials/PreviewShadowIndicator.uasset" 5032
"../../../Engine/Content/EditorMaterials/PreviewShadowIndicatorMaterial.uasset" 5033
"../../../Engine/Plugins/MovieScene/MovieRenderPipeline/Content/Blueprints/Graph/DefaultGraphBurnIn.uasset" 5034
"../../../Engine/Plugins/MovieScene/MovieRenderPipeline/Content/Materials/MovieRenderQueue_WorldDepth.uasset" 5035
"../../../Engine/Content/EngineMaterials/Substrate/GLints/dict_16_192_64_0p5_0p02_0000_0008.uasset" 5036
"../../../Engine/Content/EngineMaterials/Substrate/GLints/dict_16_192_64_0p5_0p02_0000_0009.uasset" 5037
"../../../Engine/Content/EngineMaterials/Substrate/GLints/dict_16_192_64_0p5_0p02_0000_0006.uasset" 5038
"../../../Engine/Content/EngineMaterials/Substrate/GLints/dict_16_192_64_0p5_0p02_0000_0007.uasset" 5039
"../../../Engine/Content/EngineMaterials/Substrate/GLints/dict_16_192_64_0p5_0p02_0000_0004.uasset" 5040
"../../../Engine/Content/EngineMaterials/Substrate/GLints/dict_16_192_64_0p5_0p02_0000_0003.uasset" 5041
"../../../Engine/Content/EngineMaterials/Substrate/GLints/dict_16_192_64_0p5_0p02_0000_0001.uasset" 5042
"../../../Engine/Content/EngineMaterials/Substrate/GLints/dict_16_192_64_0p5_0p02_0000_0014.uasset" 5043
"../../../Engine/Content/EngineMaterials/Substrate/GLints/dict_16_192_64_0p5_0p02_0000_0010.uasset" 5044
"../../../Engine/Content/EngineMaterials/Substrate/GLints/dict_16_192_64_0p5_0p02_0000_0013.uasset" 5045
"../../../Engine/Content/EngineMaterials/Substrate/GLints/dict_16_192_64_0p5_0p02_0000_0011.uasset" 5046
"../../../Engine/Content/EngineMaterials/Substrate/GLints/dict_16_192_64_0p5_0p02_0001_0000.uasset" 5047
"../../../Engine/Content/EngineMaterials/Substrate/GLints/dict_16_192_64_0p5_0p02_0001_0001.uasset" 5048
"../../../Engine/Content/EngineMaterials/Substrate/GLints/dict_16_192_64_0p5_0p02_0001_0005.uasset" 5049
"../../../Engine/Content/EngineMaterials/Substrate/GLints/dict_16_192_64_0p5_0p02_0001_0004.uasset" 5050
"../../../Engine/Content/EngineMaterials/Substrate/GLints/dict_16_192_64_0p5_0p02_0001_0003.uasset" 5051
"../../../Engine/Content/EngineMaterials/Substrate/GLints/dict_16_192_64_0p5_0p02_0001_0006.uasset" 5052
"../../../Engine/Content/EngineMaterials/Substrate/GLints/dict_16_192_64_0p5_0p02_0000_0015.uasset" 5053
"../../../Engine/Content/EngineMaterials/Substrate/GLints/dict_16_192_64_0p5_0p02_0001_0002.uasset" 5054
"../../../Engine/Content/EngineMaterials/Substrate/GLints/dict_16_192_64_0p5_0p02_0000_0012.uasset" 5055
"../../../Engine/Plugins/MovieScene/MovieRenderPipeline/Content/Blueprints/DefaultBurnIn.uasset" 5056
"../../../Engine/Content/EngineMaterials/Substrate/GLints/dict_16_192_64_0p5_0p02_0000_0005.uasset" 5057
"../../../Engine/Content/EngineMaterials/Substrate/GLints/dict_16_192_64_0p5_0p02_0000_0002.uasset" 5058
"../../../Engine/Content/EngineMaterials/Substrate/GLints/dict_16_192_64_0p5_0p02_0000_0000.uasset" 5059
"/Engine/EngineMaterials/Substrate/GLints/dict_16_192_64_0p5_0p02_0001_0004" 5060
"/Engine/EngineMaterials/Substrate/GLints/dict_16_192_64_0p5_0p02_0001_0003" 5061
"/Engine/EngineMaterials/Substrate/GLints/dict_16_192_64_0p5_0p02_0001_0002" 5062
"/Engine/EngineMaterials/Substrate/GLints/dict_16_192_64_0p5_0p02_0001_0001" 5063
"/Engine/EngineMaterials/Substrate/GLints/dict_16_192_64_0p5_0p02_0001_0000" 5064
"/Engine/EngineMaterials/Substrate/GLints/dict_16_192_64_0p5_0p02_0000_0015" 5065
"/Engine/EngineMaterials/Substrate/GLints/dict_16_192_64_0p5_0p02_0000_0014" 5066
"/Engine/EngineMaterials/Substrate/GLints/dict_16_192_64_0p5_0p02_0000_0013" 5067
"/Engine/EngineMaterials/Substrate/GLints/dict_16_192_64_0p5_0p02_0000_0012" 5068
"/Engine/EngineMaterials/Substrate/GLints/dict_16_192_64_0p5_0p02_0000_0011" 5069
"/Engine/EngineMaterials/Substrate/GLints/dict_16_192_64_0p5_0p02_0000_0010" 5070
"/Engine/EngineMaterials/Substrate/GLints/dict_16_192_64_0p5_0p02_0000_0009" 5071
"/Engine/EngineMaterials/Substrate/GLints/dict_16_192_64_0p5_0p02_0000_0008" 5072
"/Engine/EngineMaterials/Substrate/GLints/dict_16_192_64_0p5_0p02_0000_0007" 5073
"/Engine/EngineMaterials/Substrate/GLints/dict_16_192_64_0p5_0p02_0000_0006" 5074
"/Engine/EngineMaterials/Substrate/GLints/dict_16_192_64_0p5_0p02_0000_0005" 5075
"/Engine/EngineMaterials/Substrate/GLints/dict_16_192_64_0p5_0p02_0000_0004" 5076
"/Engine/EngineMaterials/Substrate/GLints/dict_16_192_64_0p5_0p02_0000_0003" 5077
"/Engine/EngineMaterials/Substrate/GLints/dict_16_192_64_0p5_0p02_0000_0002" 5078
"/Engine/EngineMaterials/Substrate/GLints/dict_16_192_64_0p5_0p02_0000_0001" 5079
"/Engine/EngineMaterials/Substrate/GLints/dict_16_192_64_0p5_0p02_0000_0000" 5080
"/Engine/EditorMaterials/PreviewShadowIndicatorMaterial" 5081
"/MovieRenderPipeline/Materials/MovieRenderQueue_WorldDepth" 5082
"/Engine/EditorSounds/GamePreview/EjectFromPlayer_Cue" 5083
"/MovieRenderPipeline/Blueprints/Graph/DefaultGraphBurnIn" 5084
"/MovieRenderPipeline/Blueprints/DefaultBurnIn" 5085
"/Engine/EngineMaterials/Substrate/GLints/dict_16_192_64_0p5_0p02_0001_0006" 5086
"/Engine/EngineMaterials/Substrate/GLints/dict_16_192_64_0p5_0p02_0001_0005" 5087
"../../../Engine/Content/EngineMaterials/Substrate/GLints/dict_16_192_64_0p5_0p02_0001_0007.uasset" 5088
"../../../Engine/Content/EngineMaterials/Substrate/GLints/dict_16_192_64_0p5_0p02_0002_0001.uasset" 5089
"../../../Engine/Content/EngineMaterials/Substrate/GLints/dict_16_192_64_0p5_0p02_0001_0013.uasset" 5090
"../../../Engine/Content/EngineMaterials/Substrate/GLints/dict_16_192_64_0p5_0p02_0002_0000.uasset" 5091
"../../../Engine/Content/EngineMaterials/Substrate/GLints/dict_16_192_64_0p5_0p02_0002_0002.uasset" 5092
"../../../Engine/Content/EngineMaterials/Substrate/GLints/dict_16_192_64_0p5_0p02_0001_0010.uasset" 5093
"../../../Engine/Content/EngineMaterials/Substrate/GLints/dict_16_192_64_0p5_0p02_0001_0015.uasset" 5094
"../../../Engine/Content/EngineMaterials/Substrate/GLints/dict_16_192_64_0p5_0p02_0002_0003.uasset" 5095
"../../../Engine/Content/EngineMaterials/Substrate/GLints/dict_16_192_64_0p5_0p02_0001_0011.uasset" 5096
"../../../Engine/Content/EngineMaterials/Substrate/GLints/dict_16_192_64_0p5_0p02_0001_0008.uasset" 5097
"../../../Engine/Content/EngineMaterials/Substrate/GLints/dict_16_192_64_0p5_0p02_0001_0012.uasset" 5098
"../../../Engine/Content/EngineMaterials/Substrate/GLints/dict_16_192_64_0p5_0p02_0002_0012.uasset" 5099
"../../../Engine/Content/EngineMaterials/Substrate/GLints/dict_16_192_64_0p5_0p02_0002_0010.uasset" 5100
"../../../Engine/Content/EngineMaterials/Substrate/GLints/dict_16_192_64_0p5_0p02_0002_0004.uasset" 5101
"../../../Engine/Content/EngineMaterials/Substrate/GLints/dict_16_192_64_0p5_0p02_0002_0011.uasset" 5102
"../../../Engine/Content/EngineMaterials/Substrate/GLints/dict_16_192_64_0p5_0p02_0002_0014.uasset" 5103
"../../../Engine/Content/EngineMaterials/Substrate/GLints/dict_16_192_64_0p5_0p02_0001_0009.uasset" 5104
"../../../Engine/Content/EngineMaterials/Substrate/GLints/dict_16_192_64_0p5_0p02_0002_0015.uasset" 5105
"../../../Engine/Content/EngineMaterials/Substrate/GLints/dict_16_192_64_0p5_0p02_0002_0009.uasset" 5106
"../../../Engine/Content/EngineMaterials/Substrate/GLints/dict_16_192_64_0p5_0p02_0002_0005.uasset" 5107
"../../../Engine/Content/EngineMaterials/Substrate/GLints/dict_16_192_64_0p5_0p02_0001_0014.uasset" 5108
"../../../Engine/Content/EngineMaterials/Substrate/GLints/dict_16_192_64_0p5_0p02_0002_0007.uasset" 5109
"../../../Engine/Content/EngineMaterials/Substrate/GLints/dict_16_192_64_0p5_0p02_0002_0006.uasset" 5110
"../../../Engine/Content/EngineMaterials/Substrate/GLints/dict_16_192_64_0p5_0p02_0002_0008.uasset" 5111
"../../../Engine/Content/EngineMaterials/Substrate/GLints/dict_16_192_64_0p5_0p02_0003_0000.uasset" 5112
"../../../Engine/Content/EngineMaterials/Substrate/GLints/dict_16_192_64_0p5_0p02_0003_0005.uasset" 5113
"../../../Engine/Content/EngineMaterials/Substrate/GLints/dict_16_192_64_0p5_0p02_0002_0013.uasset" 5114
"../../../Engine/Content/EngineMaterials/Substrate/GLints/dict_16_192_64_0p5_0p02_0003_0003.uasset" 5115
"../../../Engine/Content/EngineMaterials/Substrate/GLints/dict_16_192_64_0p5_0p02_0003_0001.uasset" 5116
"../../../Engine/Content/EngineMaterials/Substrate/GLints/dict_16_192_64_0p5_0p02_0003_0006.uasset" 5117
"../../../Engine/Content/EngineMaterials/Substrate/GLints/dict_16_192_64_0p5_0p02_0003_0004.uasset" 5118
"../../../Engine/Content/EngineMaterials/Substrate/GLints/dict_16_192_64_0p5_0p02_0003_0002.uasset" 5119
"/Engine/EngineMaterials/Substrate/GLints/dict_16_192_64_0p5_0p02_0003_0006" 5120
"/Engine/EngineMaterials/Substrate/GLints/dict_16_192_64_0p5_0p02_0003_0005" 5121
"/Engine/EngineMaterials/Substrate/GLints/dict_16_192_64_0p5_0p02_0003_0004" 5122
"/Engine/EngineMaterials/Substrate/GLints/dict_16_192_64_0p5_0p02_0003_0003" 5123
"/Engine/EngineMaterials/Substrate/GLints/dict_16_192_64_0p5_0p02_0003_0002" 5124
"/Engine/EngineMaterials/Substrate/GLints/dict_16_192_64_0p5_0p02_0003_0001" 5125
"/Engine/EngineMaterials/Substrate/GLints/dict_16_192_64_0p5_0p02_0003_0000" 5126
"/Engine/EngineMaterials/Substrate/GLints/dict_16_192_64_0p5_0p02_0002_0015" 5127
"/Engine/EngineMaterials/Substrate/GLints/dict_16_192_64_0p5_0p02_0002_0014" 5128
"/Engine/EngineMaterials/Substrate/GLints/dict_16_192_64_0p5_0p02_0002_0013" 5129
"/Engine/EngineMaterials/Substrate/GLints/dict_16_192_64_0p5_0p02_0002_0012" 5130
"/Engine/EngineMaterials/Substrate/GLints/dict_16_192_64_0p5_0p02_0002_0011" 5131
"/Engine/EngineMaterials/Substrate/GLints/dict_16_192_64_0p5_0p02_0002_0010" 5132
"/Engine/EngineMaterials/Substrate/GLints/dict_16_192_64_0p5_0p02_0002_0009" 5133
"/Engine/EngineMaterials/Substrate/GLints/dict_16_192_64_0p5_0p02_0002_0008" 5134
"/Engine/EngineMaterials/Substrate/GLints/dict_16_192_64_0p5_0p02_0002_0007" 5135
"/Engine/EngineMaterials/Substrate/GLints/dict_16_192_64_0p5_0p02_0002_0006" 5136
"/Engine/EngineMaterials/Substrate/GLints/dict_16_192_64_0p5_0p02_0002_0005" 5137
"/Engine/EngineMaterials/Substrate/GLints/dict_16_192_64_0p5_0p02_0002_0004" 5138
"/Engine/EngineMaterials/Substrate/GLints/dict_16_192_64_0p5_0p02_0002_0003" 5139
"/Engine/EngineMaterials/Substrate/GLints/dict_16_192_64_0p5_0p02_0002_0002" 5140
"/Engine/EngineMaterials/Substrate/GLints/dict_16_192_64_0p5_0p02_0002_0001" 5141
"/Engine/EngineMaterials/Substrate/GLints/dict_16_192_64_0p5_0p02_0002_0000" 5142
"/Engine/EngineMaterials/Substrate/GLints/dict_16_192_64_0p5_0p02_0001_0015" 5143
"/Engine/EngineMaterials/Substrate/GLints/dict_16_192_64_0p5_0p02_0001_0014" 5144
"/Engine/EngineMaterials/Substrate/GLints/dict_16_192_64_0p5_0p02_0001_0013" 5145
"/Engine/EngineMaterials/Substrate/GLints/dict_16_192_64_0p5_0p02_0001_0012" 5146
"/Engine/EngineMaterials/Substrate/GLints/dict_16_192_64_0p5_0p02_0001_0011" 5147
"/Engine/EngineMaterials/Substrate/GLints/dict_16_192_64_0p5_0p02_0001_0010" 5148
"/Engine/EngineMaterials/Substrate/GLints/dict_16_192_64_0p5_0p02_0001_0009" 5149
"/Engine/EngineMaterials/Substrate/GLints/dict_16_192_64_0p5_0p02_0001_0008" 5150
"/Engine/EngineMaterials/Substrate/GLints/dict_16_192_64_0p5_0p02_0001_0007" 5151
"../../../Engine/Content/EngineMaterials/Substrate/GLints/dict_16_192_64_0p5_0p02_0003_0011.uasset" 5152
"../../../Engine/Content/EngineMaterials/Substrate/GLints/dict_16_192_64_0p5_0p02_0003_0013.uasset" 5153
"../../../Engine/Content/EngineMaterials/Substrate/GLints/dict_16_192_64_0p5_0p02_0003_0014.uasset" 5154
"../../../Engine/Content/EngineMaterials/Substrate/GLints/dict_16_192_64_0p5_0p02_0004_0003.uasset" 5155
"../../../Engine/Content/EngineMaterials/Substrate/GLints/dict_16_192_64_0p5_0p02_0004_0008.uasset" 5156
"../../../Engine/Content/EngineMaterials/Substrate/GLints/dict_16_192_64_0p5_0p02_0004_0006.uasset" 5157
"../../../Engine/Content/EngineMaterials/Substrate/GLints/dict_16_192_64_0p5_0p02_0003_0009.uasset" 5158
"../../../Engine/Content/EngineMaterials/Substrate/GLints/dict_16_192_64_0p5_0p02_0004_0000.uasset" 5159
"../../../Engine/Content/EngineMaterials/Substrate/GLints/dict_16_192_64_0p5_0p02_0003_0012.uasset" 5160
"../../../Engine/Content/EngineMaterials/Substrate/GLints/dict_16_192_64_0p5_0p02_0003_0010.uasset" 5161
"../../../Engine/Content/EngineMaterials/Substrate/GLints/dict_16_192_64_0p5_0p02_0004_0001.uasset" 5162
"../../../Engine/Content/EngineMaterials/Substrate/GLints/dict_16_192_64_0p5_0p02_0004_0007.uasset" 5163
"../../../Engine/Content/EngineMaterials/Substrate/GLints/dict_16_192_64_0p5_0p02_0004_0005.uasset" 5164
"../../../Engine/Content/EngineMaterials/Substrate/GLints/dict_16_192_64_0p5_0p02_0003_0015.uasset" 5165
"../../../Engine/Content/EngineMaterials/Substrate/GLints/dict_16_192_64_0p5_0p02_0004_0015.uasset" 5166
"../../../Engine/Content/EngineMaterials/Substrate/GLints/dict_16_192_64_0p5_0p02_0004_0010.uasset" 5167
"../../../Engine/Content/EngineMaterials/Substrate/GLints/dict_16_192_64_0p5_0p02_0004_0011.uasset" 5168
"../../../Engine/Content/EngineMaterials/Substrate/GLints/dict_16_192_64_0p5_0p02_0004_0012.uasset" 5169
"../../../Engine/Content/EngineMaterials/Substrate/GLints/dict_16_192_64_0p5_0p02_0004_0009.uasset" 5170
"../../../Engine/Content/EngineMaterials/Substrate/GLints/dict_16_192_64_0p5_0p02_0005_0001.uasset" 5171
"../../../Engine/Content/EngineMaterials/Substrate/GLints/dict_16_192_64_0p5_0p02_0004_0013.uasset" 5172
"../../../Engine/Content/EngineMaterials/Substrate/GLints/dict_16_192_64_0p5_0p02_0005_0003.uasset" 5173
"../../../Engine/Content/EngineMaterials/Substrate/GLints/dict_16_192_64_0p5_0p02_0005_0000.uasset" 5174
"../../../Engine/Content/EngineMaterials/Substrate/GLints/dict_16_192_64_0p5_0p02_0004_0014.uasset" 5175
"../../../Engine/Content/EngineMaterials/Substrate/GLints/dict_16_192_64_0p5_0p02_0005_0002.uasset" 5176
"../../../Engine/Content/EngineMaterials/Substrate/GLints/dict_16_192_64_0p5_0p02_0005_0006.uasset" 5177
"../../../Engine/Content/EngineMaterials/Substrate/GLints/dict_16_192_64_0p5_0p02_0005_0005.uasset" 5178
"../../../Engine/Content/EngineMaterials/Substrate/GLints/dict_16_192_64_0p5_0p02_0005_0004.uasset" 5179
"../../../Engine/Content/EngineMaterials/Substrate/GLints/dict_16_192_64_0p5_0p02_0004_0002.uasset" 5180
"../../../Engine/Content/EngineMaterials/Substrate/GLints/dict_16_192_64_0p5_0p02_0003_0007.uasset" 5181
"../../../Engine/Content/EngineMaterials/Substrate/GLints/dict_16_192_64_0p5_0p02_0003_0008.uasset" 5182
"../../../Engine/Content/EngineMaterials/Substrate/GLints/dict_16_192_64_0p5_0p02_0004_0004.uasset" 5183
"../../../Engine/Plugins/Animation/DeformerGraph/Shaders/Private/DataInterfaceCustomComputeKernel.ush" 5184
"../../../Engine/Plugins/Animation/DeformerGraph/Shaders/Private/DataInterfaceCloth.ush" 5185
"../../../Engine/Plugins/Animation/DeformerGraph/Shaders/Private/DataInterfaceSkinnedMeshRead.ush" 5186
"../../../Engine/Plugins/Animation/DeformerGraph/Shaders/Private/DataInterfaceSkeleton.ush" 5187
"../../../Engine/Plugins/Animation/DeformerGraph/Shaders/Private/DataInterfaceSkeletonCommon.ush" 5188
"../../../Engine/Plugins/Animation/DeformerGraph/Shaders/Private/DataInterfaceMorphTarget.ush" 5189
"../../../Engine/Plugins/Animation/DeformerGraph/Shaders/Private/DataInterfaceSkinnedMeshWrite.ush" 5190
"../../../Engine/Plugins/Animation/DeformerGraph/Shaders/Private/DataInterfaceRawBuffer.ush" 5191
"../../../Engine/Plugins/Runtime/ComputeFramework/Shaders/Private/BufferAlias.ush" 5192
"../../../Engine/Plugins/Animation/DeformerGraph/Shaders/Private/DataInterfaceSkinnedMesh.ush" 5193
"../../../Engine/Plugins/Animation/DeformerGraph/Shaders/Private/DataInterfaceHalfEdge.ush" 5194
"/Engine/EngineMaterials/Substrate/GLints/dict_16_192_64_0p5_0p02_0005_0006" 5195
"/Engine/EngineMaterials/Substrate/GLints/dict_16_192_64_0p5_0p02_0005_0005" 5196
"/Engine/EngineMaterials/Substrate/GLints/dict_16_192_64_0p5_0p02_0005_0004" 5197
"/Engine/EngineMaterials/Substrate/GLints/dict_16_192_64_0p5_0p02_0005_0003" 5198
"/Engine/EngineMaterials/Substrate/GLints/dict_16_192_64_0p5_0p02_0005_0002" 5199
"/Engine/EngineMaterials/Substrate/GLints/dict_16_192_64_0p5_0p02_0005_0001" 5200
"/Engine/EngineMaterials/Substrate/GLints/dict_16_192_64_0p5_0p02_0005_0000" 5201
"/Engine/EngineMaterials/Substrate/GLints/dict_16_192_64_0p5_0p02_0004_0015" 5202
"/Engine/EngineMaterials/Substrate/GLints/dict_16_192_64_0p5_0p02_0004_0014" 5203
"/Engine/EngineMaterials/Substrate/GLints/dict_16_192_64_0p5_0p02_0004_0013" 5204
"/Engine/EngineMaterials/Substrate/GLints/dict_16_192_64_0p5_0p02_0004_0012" 5205
"/Engine/EngineMaterials/Substrate/GLints/dict_16_192_64_0p5_0p02_0004_0011" 5206
"/Engine/EngineMaterials/Substrate/GLints/dict_16_192_64_0p5_0p02_0004_0010" 5207
"/Engine/EngineMaterials/Substrate/GLints/dict_16_192_64_0p5_0p02_0004_0009" 5208
"/Engine/EngineMaterials/Substrate/GLints/dict_16_192_64_0p5_0p02_0004_0008" 5209
"/Engine/EngineMaterials/Substrate/GLints/dict_16_192_64_0p5_0p02_0004_0007" 5210
"/Engine/EngineMaterials/Substrate/GLints/dict_16_192_64_0p5_0p02_0004_0006" 5211
"/Engine/EngineMaterials/Substrate/GLints/dict_16_192_64_0p5_0p02_0004_0005" 5212
"/Engine/EngineMaterials/Substrate/GLints/dict_16_192_64_0p5_0p02_0004_0004" 5213
"/Engine/EngineMaterials/Substrate/GLints/dict_16_192_64_0p5_0p02_0004_0003" 5214
"/Engine/EngineMaterials/Substrate/GLints/dict_16_192_64_0p5_0p02_0004_0002" 5215
"/Engine/EngineMaterials/Substrate/GLints/dict_16_192_64_0p5_0p02_0004_0001" 5216
"/Engine/EngineMaterials/Substrate/GLints/dict_16_192_64_0p5_0p02_0004_0000" 5217
"/Engine/EngineMaterials/Substrate/GLints/dict_16_192_64_0p5_0p02_0003_0015" 5218
"/Engine/EngineMaterials/Substrate/GLints/dict_16_192_64_0p5_0p02_0003_0014" 5219
"/Engine/EngineMaterials/Substrate/GLints/dict_16_192_64_0p5_0p02_0003_0013" 5220
"/Engine/EngineMaterials/Substrate/GLints/dict_16_192_64_0p5_0p02_0003_0012" 5221
"/Engine/EngineMaterials/Substrate/GLints/dict_16_192_64_0p5_0p02_0003_0011" 5222
"/Engine/EngineMaterials/Substrate/GLints/dict_16_192_64_0p5_0p02_0003_0010" 5223
"/Engine/EngineMaterials/Substrate/GLints/dict_16_192_64_0p5_0p02_0003_0009" 5224
"/Engine/EngineMaterials/Substrate/GLints/dict_16_192_64_0p5_0p02_0003_0008" 5225
"/Engine/EngineMaterials/Substrate/GLints/dict_16_192_64_0p5_0p02_0003_0007" 5226
"../../../Engine/Content/EngineMaterials/Substrate/GLints/dict_16_192_64_0p5_0p02_0005_0014.uasset" 5227
"../../../Engine/Content/EngineMaterials/Substrate/GLints/dict_16_192_64_0p5_0p02_0005_0008.uasset" 5228
"../../../Engine/Content/EngineMaterials/Substrate/GLints/dict_16_192_64_0p5_0p02_0006_0001.uasset" 5229
"../../../Engine/Content/EngineMaterials/Substrate/GLints/dict_16_192_64_0p5_0p02_0005_0015.uasset" 5230
"../../../Engine/Content/EngineMaterials/Substrate/GLints/dict_16_192_64_0p5_0p02_0005_0007.uasset" 5231
"../../../Engine/Content/EngineMaterials/Substrate/GLints/dict_16_192_64_0p5_0p02_0005_0009.uasset" 5232
"../../../Engine/Content/EngineMaterials/Substrate/GLints/dict_16_192_64_0p5_0p02_0005_0012.uasset" 5233
"../../../Engine/Content/EngineMaterials/Substrate/GLints/dict_16_192_64_0p5_0p02_0005_0013.uasset" 5234
"../../../Engine/Content/EngineMaterials/Substrate/GLints/dict_16_192_64_0p5_0p02_0005_0010.uasset" 5235
"../../../Engine/Content/EngineMaterials/Substrate/GLints/dict_16_192_64_0p5_0p02_0005_0011.uasset" 5236
"../../../Engine/Content/EngineMaterials/Substrate/GLints/dict_16_192_64_0p5_0p02_0006_0003.uasset" 5237
"../../../Engine/Content/EngineMaterials/Substrate/GLints/dict_16_192_64_0p5_0p02_0006_0002.uasset" 5238
"../../../Engine/Content/EngineMaterials/Substrate/GLints/dict_16_192_64_0p5_0p02_0006_0000.uasset" 5239
"../../../Engine/Content/EngineMaterials/Substrate/GLints/dict_16_192_64_0p5_0p02_0006_0006.uasset" 5240
"../../../Engine/Content/EngineMaterials/Substrate/GLints/dict_16_192_64_0p5_0p02_0006_0004.uasset" 5241
"../../../Engine/Content/EngineMaterials/Substrate/GLints/dict_16_192_64_0p5_0p02_0006_0005.uasset" 5242
"../../../Engine/Content/EngineMaterials/Substrate/GLints/dict_16_192_64_0p5_0p02_0006_0007.uasset" 5243
"../../../Engine/Content/EngineMaterials/Substrate/GLints/dict_16_192_64_0p5_0p02_0006_0011.uasset" 5244
"../../../Engine/Content/EngineMaterials/Substrate/GLints/dict_16_192_64_0p5_0p02_0006_0012.uasset" 5245
"../../../Engine/Content/EngineMaterials/Substrate/GLints/dict_16_192_64_0p5_0p02_0006_0008.uasset" 5246
"../../../Engine/Content/EngineMaterials/Substrate/GLints/dict_16_192_64_0p5_0p02_0006_0009.uasset" 5247
"../../../Engine/Content/EngineMaterials/Substrate/GLints/dict_16_192_64_0p5_0p02_0007_0002.uasset" 5248
"../../../Engine/Content/EngineMaterials/Substrate/GLints/dict_16_192_64_0p5_0p02_0006_0014.uasset" 5249
"../../../Engine/Content/EngineMaterials/Substrate/GLints/dict_16_192_64_0p5_0p02_0006_0015.uasset" 5250
"../../../Engine/Content/EngineMaterials/Substrate/GLints/dict_16_192_64_0p5_0p02_0006_0010.uasset" 5251
"../../../Engine/Content/EngineMaterials/Substrate/GLints/dict_16_192_64_0p5_0p02_0006_0013.uasset" 5252
"../../../Engine/Content/EngineMaterials/Substrate/GLints/dict_16_192_64_0p5_0p02_0007_0001.uasset" 5253
"../../../Engine/Content/EngineMaterials/Substrate/GLints/dict_16_192_64_0p5_0p02_0007_0000.uasset" 5254
"../../../Engine/Content/EngineMaterials/Substrate/GLints/dict_16_192_64_0p5_0p02_0007_0004.uasset" 5255
"../../../Engine/Content/EngineMaterials/Substrate/GLints/dict_16_192_64_0p5_0p02_0007_0005.uasset" 5256
"../../../Engine/Content/EngineMaterials/Substrate/GLints/dict_16_192_64_0p5_0p02_0007_0003.uasset" 5257
"../../../Engine/Content/EngineMaterials/Substrate/GLints/dict_16_192_64_0p5_0p02_0007_0006.uasset" 5258
"/Engine/EngineMaterials/Substrate/GLints/dict_16_192_64_0p5_0p02_0007_0006" 5259
"/Engine/EngineMaterials/Substrate/GLints/dict_16_192_64_0p5_0p02_0007_0005" 5260
"/Engine/EngineMaterials/Substrate/GLints/dict_16_192_64_0p5_0p02_0007_0004" 5261
"/Engine/EngineMaterials/Substrate/GLints/dict_16_192_64_0p5_0p02_0007_0003" 5262
"/Engine/EngineMaterials/Substrate/GLints/dict_16_192_64_0p5_0p02_0007_0002" 5263
"/Engine/EngineMaterials/Substrate/GLints/dict_16_192_64_0p5_0p02_0007_0001" 5264
"/Engine/EngineMaterials/Substrate/GLints/dict_16_192_64_0p5_0p02_0007_0000" 5265
"/Engine/EngineMaterials/Substrate/GLints/dict_16_192_64_0p5_0p02_0006_0015" 5266
"/Engine/EngineMaterials/Substrate/GLints/dict_16_192_64_0p5_0p02_0006_0014" 5267
"/Engine/EngineMaterials/Substrate/GLints/dict_16_192_64_0p5_0p02_0006_0013" 5268
"/Engine/EngineMaterials/Substrate/GLints/dict_16_192_64_0p5_0p02_0006_0012" 5269
"/Engine/EngineMaterials/Substrate/GLints/dict_16_192_64_0p5_0p02_0006_0011" 5270
"/Engine/EngineMaterials/Substrate/GLints/dict_16_192_64_0p5_0p02_0006_0010" 5271
"/Engine/EngineMaterials/Substrate/GLints/dict_16_192_64_0p5_0p02_0006_0009" 5272
"/Engine/EngineMaterials/Substrate/GLints/dict_16_192_64_0p5_0p02_0006_0008" 5273
"/Engine/EngineMaterials/Substrate/GLints/dict_16_192_64_0p5_0p02_0006_0007" 5274
"/Engine/EngineMaterials/Substrate/GLints/dict_16_192_64_0p5_0p02_0006_0006" 5275
"/Engine/EngineMaterials/Substrate/GLints/dict_16_192_64_0p5_0p02_0006_0005" 5276
"/Engine/EngineMaterials/Substrate/GLints/dict_16_192_64_0p5_0p02_0006_0004" 5277
"/Engine/EngineMaterials/Substrate/GLints/dict_16_192_64_0p5_0p02_0006_0003" 5278
"/Engine/EngineMaterials/Substrate/GLints/dict_16_192_64_0p5_0p02_0006_0002" 5279
"/Engine/EngineMaterials/Substrate/GLints/dict_16_192_64_0p5_0p02_0006_0001" 5280
"/Engine/EngineMaterials/Substrate/GLints/dict_16_192_64_0p5_0p02_0006_0000" 5281
"/Engine/EngineMaterials/Substrate/GLints/dict_16_192_64_0p5_0p02_0005_0015" 5282
"/Engine/EngineMaterials/Substrate/GLints/dict_16_192_64_0p5_0p02_0005_0014" 5283
"/Engine/EngineMaterials/Substrate/GLints/dict_16_192_64_0p5_0p02_0005_0013" 5284
"/Engine/EngineMaterials/Substrate/GLints/dict_16_192_64_0p5_0p02_0005_0012" 5285
"/Engine/EngineMaterials/Substrate/GLints/dict_16_192_64_0p5_0p02_0005_0011" 5286
"/Engine/EngineMaterials/Substrate/GLints/dict_16_192_64_0p5_0p02_0005_0010" 5287
"/Engine/EngineMaterials/Substrate/GLints/dict_16_192_64_0p5_0p02_0005_0009" 5288
"/Engine/EngineMaterials/Substrate/GLints/dict_16_192_64_0p5_0p02_0005_0008" 5289
"/Engine/EngineMaterials/Substrate/GLints/dict_16_192_64_0p5_0p02_0005_0007" 5290
"../../../Engine/Content/EngineMaterials/Substrate/GLints/dict_16_192_64_0p5_0p02_0007_0007.uasset" 5291
"../../../Engine/Content/EngineMaterials/Substrate/GLints/dict_16_192_64_0p5_0p02_0007_0014.uasset" 5292
"../../../Engine/Content/EngineMaterials/Substrate/GLints/dict_16_192_64_0p5_0p02_0007_0012.uasset" 5293
"../../../Engine/Content/EngineMaterials/Substrate/GLints/dict_16_192_64_0p5_0p02_0007_0013.uasset" 5294
"../../../Engine/Content/EngineMaterials/Substrate/GLints/dict_16_192_64_0p5_0p02_0007_0015.uasset" 5295
"../../../Engine/Content/EngineMaterials/Substrate/GLints/dict_16_192_64_0p5_0p02_0008_0005.uasset" 5296
"../../../Engine/Content/EngineMaterials/Substrate/GLints/dict_16_192_64_0p5_0p02_0008_0003.uasset" 5297
"../../../Engine/Content/EngineMaterials/Substrate/GLints/dict_16_192_64_0p5_0p02_0008_0002.uasset" 5298
"../../../Engine/Content/EngineMaterials/Substrate/GLints/dict_16_192_64_0p5_0p02_0008_0006.uasset" 5299
"../../../Engine/Content/EngineMaterials/Substrate/GLints/dict_16_192_64_0p5_0p02_0007_0011.uasset" 5300
"../../../Engine/Content/EngineMaterials/Substrate/GLints/dict_16_192_64_0p5_0p02_0007_0009.uasset" 5301
"../../../Engine/Content/EngineMaterials/Substrate/GLints/dict_16_192_64_0p5_0p02_0007_0008.uasset" 5302
"../../../Engine/Content/EngineMaterials/Substrate/GLints/dict_16_192_64_0p5_0p02_0008_0000.uasset" 5303
"../../../Engine/Content/EngineMaterials/Substrate/GLints/dict_16_192_64_0p5_0p02_0008_0008.uasset" 5304
"../../../Engine/Content/EngineMaterials/Substrate/GLints/dict_16_192_64_0p5_0p02_0008_0010.uasset" 5305
"../../../Engine/Content/EngineMaterials/Substrate/GLints/dict_16_192_64_0p5_0p02_0008_0011.uasset" 5306
"../../../Engine/Content/EngineMaterials/Substrate/GLints/dict_16_192_64_0p5_0p02_0008_0015.uasset" 5307
"../../../Engine/Content/EngineMaterials/Substrate/GLints/dict_16_192_64_0p5_0p02_0008_0009.uasset" 5308
"../../../Engine/Content/EngineMaterials/Substrate/GLints/dict_16_192_64_0p5_0p02_0008_0012.uasset" 5309
"../../../Engine/Content/EngineMaterials/Substrate/GLints/dict_16_192_64_0p5_0p02_0008_0014.uasset" 5310
"../../../Engine/Content/EngineMaterials/Substrate/GLints/dict_16_192_64_0p5_0p02_0009_0002.uasset" 5311
"../../../Engine/Content/EngineMaterials/Substrate/GLints/dict_16_192_64_0p5_0p02_0009_0000.uasset" 5312
"../../../Engine/Content/EngineMaterials/Substrate/GLints/dict_16_192_64_0p5_0p02_0008_0007.uasset" 5313
"../../../Engine/Content/EngineMaterials/Substrate/GLints/dict_16_192_64_0p5_0p02_0009_0003.uasset" 5314
"../../../Engine/Content/EngineMaterials/Substrate/GLints/dict_16_192_64_0p5_0p02_0008_0013.uasset" 5315
"../../../Engine/Content/EngineMaterials/Substrate/GLints/dict_16_192_64_0p5_0p02_0008_0001.uasset" 5316
"../../../Engine/Content/EngineMaterials/Substrate/GLints/dict_16_192_64_0p5_0p02_0007_0010.uasset" 5317
"../../../Engine/Content/EngineMaterials/Substrate/GLints/dict_16_192_64_0p5_0p02_0009_0006.uasset" 5318
"../../../Engine/Content/EngineMaterials/Substrate/GLints/dict_16_192_64_0p5_0p02_0009_0004.uasset" 5319
"../../../Engine/Content/EngineMaterials/Substrate/GLints/dict_16_192_64_0p5_0p02_0008_0004.uasset" 5320
"../../../Engine/Content/EngineMaterials/Substrate/GLints/dict_16_192_64_0p5_0p02_0009_0001.uasset" 5321
"../../../Engine/Content/EngineMaterials/Substrate/GLints/dict_16_192_64_0p5_0p02_0009_0005.uasset" 5322
"/Engine/EngineMaterials/Substrate/GLints/dict_16_192_64_0p5_0p02_0009_0006" 5323
"/Engine/EngineMaterials/Substrate/GLints/dict_16_192_64_0p5_0p02_0009_0005" 5324
"/Engine/EngineMaterials/Substrate/GLints/dict_16_192_64_0p5_0p02_0009_0004" 5325
"/Engine/EngineMaterials/Substrate/GLints/dict_16_192_64_0p5_0p02_0009_0003" 5326
"/Engine/EngineMaterials/Substrate/GLints/dict_16_192_64_0p5_0p02_0009_0002" 5327
"/Engine/EngineMaterials/Substrate/GLints/dict_16_192_64_0p5_0p02_0009_0001" 5328
"/Engine/EngineMaterials/Substrate/GLints/dict_16_192_64_0p5_0p02_0009_0000" 5329
"/Engine/EngineMaterials/Substrate/GLints/dict_16_192_64_0p5_0p02_0008_0015" 5330
"/Engine/EngineMaterials/Substrate/GLints/dict_16_192_64_0p5_0p02_0008_0014" 5331
"/Engine/EngineMaterials/Substrate/GLints/dict_16_192_64_0p5_0p02_0008_0013" 5332
"/Engine/EngineMaterials/Substrate/GLints/dict_16_192_64_0p5_0p02_0008_0012" 5333
"/Engine/EngineMaterials/Substrate/GLints/dict_16_192_64_0p5_0p02_0008_0011" 5334
"/Engine/EngineMaterials/Substrate/GLints/dict_16_192_64_0p5_0p02_0008_0010" 5335
"/Engine/EngineMaterials/Substrate/GLints/dict_16_192_64_0p5_0p02_0008_0009" 5336
"/Engine/EngineMaterials/Substrate/GLints/dict_16_192_64_0p5_0p02_0008_0008" 5337
"/Engine/EngineMaterials/Substrate/GLints/dict_16_192_64_0p5_0p02_0008_0007" 5338
"/Engine/EngineMaterials/Substrate/GLints/dict_16_192_64_0p5_0p02_0008_0006" 5339
"/Engine/EngineMaterials/Substrate/GLints/dict_16_192_64_0p5_0p02_0008_0005" 5340
"/Engine/EngineMaterials/Substrate/GLints/dict_16_192_64_0p5_0p02_0008_0004" 5341
"/Engine/EngineMaterials/Substrate/GLints/dict_16_192_64_0p5_0p02_0008_0003" 5342
"/Engine/EngineMaterials/Substrate/GLints/dict_16_192_64_0p5_0p02_0008_0002" 5343
"/Engine/EngineMaterials/Substrate/GLints/dict_16_192_64_0p5_0p02_0008_0001" 5344
"/Engine/EngineMaterials/Substrate/GLints/dict_16_192_64_0p5_0p02_0008_0000" 5345
"/Engine/EngineMaterials/Substrate/GLints/dict_16_192_64_0p5_0p02_0007_0015" 5346
"/Engine/EngineMaterials/Substrate/GLints/dict_16_192_64_0p5_0p02_0007_0014" 5347
"/Engine/EngineMaterials/Substrate/GLints/dict_16_192_64_0p5_0p02_0007_0013" 5348
"/Engine/EngineMaterials/Substrate/GLints/dict_16_192_64_0p5_0p02_0007_0012" 5349
"/Engine/EngineMaterials/Substrate/GLints/dict_16_192_64_0p5_0p02_0007_0011" 5350
"/Engine/EngineMaterials/Substrate/GLints/dict_16_192_64_0p5_0p02_0007_0010" 5351
"/Engine/EngineMaterials/Substrate/GLints/dict_16_192_64_0p5_0p02_0007_0009" 5352
"/Engine/EngineMaterials/Substrate/GLints/dict_16_192_64_0p5_0p02_0007_0008" 5353
"/Engine/EngineMaterials/Substrate/GLints/dict_16_192_64_0p5_0p02_0007_0007" 5354
"../../../Engine/Content/EngineMaterials/Substrate/GLints/dict_16_192_64_0p5_0p02_0009_0007.uasset" 5355
"../../../Engine/Content/EngineMaterials/Substrate/GLints/dict_16_192_64_0p5_0p02_0009_0014.uasset" 5356
"../../../Engine/Content/EngineMaterials/Substrate/GLints/dict_16_192_64_0p5_0p02_0009_0010.uasset" 5357
"../../../Engine/Content/EngineMaterials/Substrate/GLints/dict_16_192_64_0p5_0p02_0009_0013.uasset" 5358
"../../../Engine/Content/EngineMaterials/Substrate/GLints/dict_16_192_64_0p5_0p02_0009_0011.uasset" 5359
"../../../Engine/Content/EngineMaterials/Substrate/GLints/dict_16_192_64_0p5_0p02_0010_0002.uasset" 5360
"../../../Engine/Content/EngineMaterials/Substrate/GLints/dict_16_192_64_0p5_0p02_0009_0015.uasset" 5361
"../../../Engine/Content/EngineMaterials/Substrate/GLints/dict_16_192_64_0p5_0p02_0010_0001.uasset" 5362
"../../../Engine/Content/EngineMaterials/Substrate/GLints/dict_16_192_64_0p5_0p02_0009_0008.uasset" 5363
"../../../Engine/Content/EngineMaterials/Substrate/GLints/dict_16_192_64_0p5_0p02_0009_0009.uasset" 5364
"../../../Engine/Content/EngineMaterials/Substrate/GLints/dict_16_192_64_0p5_0p02_0010_0010.uasset" 5365
"../../../Engine/Content/EngineMaterials/Substrate/GLints/dict_16_192_64_0p5_0p02_0011_0000.uasset" 5366
"../../../Engine/Content/EngineMaterials/Substrate/GLints/dict_16_192_64_0p5_0p02_0010_0015.uasset" 5367
"../../../Engine/Content/EngineMaterials/Substrate/GLints/dict_16_192_64_0p5_0p02_0010_0009.uasset" 5368
"../../../Engine/Content/EngineMaterials/Substrate/GLints/dict_16_192_64_0p5_0p02_0010_0011.uasset" 5369
"../../../Engine/Content/EngineMaterials/Substrate/GLints/dict_16_192_64_0p5_0p02_0010_0012.uasset" 5370
"../../../Engine/Content/EngineMaterials/Substrate/GLints/dict_16_192_64_0p5_0p02_0010_0007.uasset" 5371
"../../../Engine/Content/EngineMaterials/Substrate/GLints/dict_16_192_64_0p5_0p02_0010_0014.uasset" 5372
"../../../Engine/Content/EngineMaterials/Substrate/GLints/dict_16_192_64_0p5_0p02_0010_0008.uasset" 5373
"../../../Engine/Content/EngineMaterials/Substrate/GLints/dict_16_192_64_0p5_0p02_0010_0000.uasset" 5374
"../../../Engine/Content/EngineMaterials/Substrate/GLints/dict_16_192_64_0p5_0p02_0010_0003.uasset" 5375
"../../../Engine/Content/EngineMaterials/Substrate/GLints/dict_16_192_64_0p5_0p02_0009_0012.uasset" 5376
"../../../Engine/Content/EngineMaterials/Substrate/GLints/dict_16_192_64_0p5_0p02_0010_0006.uasset" 5377
"/Engine/EngineMaterials/Substrate/GLints/dict_16_192_64_0p5_0p02_0011_0000" 5378
"/Engine/EngineMaterials/Substrate/GLints/dict_16_192_64_0p5_0p02_0010_0015" 5379
"/Engine/EngineMaterials/Substrate/GLints/dict_16_192_64_0p5_0p02_0010_0014" 5380
"/Engine/EngineMaterials/Substrate/GLints/dict_16_192_64_0p5_0p02_0010_0012" 5381
"/Engine/EngineMaterials/Substrate/GLints/dict_16_192_64_0p5_0p02_0010_0011" 5382
"/Engine/EngineMaterials/Substrate/GLints/dict_16_192_64_0p5_0p02_0010_0010" 5383
"/Engine/EngineMaterials/Substrate/GLints/dict_16_192_64_0p5_0p02_0010_0009" 5384
"/Engine/EngineMaterials/Substrate/GLints/dict_16_192_64_0p5_0p02_0010_0008" 5385
"/Engine/EngineMaterials/Substrate/GLints/dict_16_192_64_0p5_0p02_0010_0007" 5386
"/Engine/EngineMaterials/Substrate/GLints/dict_16_192_64_0p5_0p02_0010_0006" 5387
"/Engine/EngineMaterials/Substrate/GLints/dict_16_192_64_0p5_0p02_0010_0003" 5388
"/Engine/EngineMaterials/Substrate/GLints/dict_16_192_64_0p5_0p02_0010_0002" 5389
"/Engine/EngineMaterials/Substrate/GLints/dict_16_192_64_0p5_0p02_0010_0001" 5390
"/Engine/EngineMaterials/Substrate/GLints/dict_16_192_64_0p5_0p02_0010_0000" 5391
"/Engine/EngineMaterials/Substrate/GLints/dict_16_192_64_0p5_0p02_0009_0015" 5392
"/Engine/EngineMaterials/Substrate/GLints/dict_16_192_64_0p5_0p02_0009_0014" 5393
"/Engine/EngineMaterials/Substrate/GLints/dict_16_192_64_0p5_0p02_0009_0013" 5394
"/Engine/EngineMaterials/Substrate/GLints/dict_16_192_64_0p5_0p02_0009_0012" 5395
"/Engine/EngineMaterials/Substrate/GLints/dict_16_192_64_0p5_0p02_0009_0011" 5396
"/Engine/EngineMaterials/Substrate/GLints/dict_16_192_64_0p5_0p02_0009_0010" 5397
"/Engine/EngineMaterials/Substrate/GLints/dict_16_192_64_0p5_0p02_0009_0009" 5398
"/Engine/EngineMaterials/Substrate/GLints/dict_16_192_64_0p5_0p02_0009_0008" 5399
"/Engine/EngineMaterials/Substrate/GLints/dict_16_192_64_0p5_0p02_0009_0007" 5400
"../../../Engine/Content/EngineMaterials/Substrate/GLints/dict_16_192_64_0p5_0p02_0011_0005.uasset" 5401
"../../../Engine/Content/EngineMaterials/Substrate/GLints/dict_16_192_64_0p5_0p02_0011_0006.uasset" 5402
"../../../Engine/Content/EngineMaterials/Substrate/GLints/dict_16_192_64_0p5_0p02_0011_0007.uasset" 5403
"../../../Engine/Content/EngineMaterials/Substrate/GLints/dict_16_192_64_0p5_0p02_0011_0011.uasset" 5404
"../../../Engine/Content/EngineMaterials/Substrate/GLints/dict_16_192_64_0p5_0p02_0011_0008.uasset" 5405
"../../../Engine/Content/EngineMaterials/Substrate/GLints/dict_16_192_64_0p5_0p02_0011_0010.uasset" 5406
"../../../Engine/Content/EngineMaterials/Substrate/GLints/dict_16_192_64_0p5_0p02_0011_0013.uasset" 5407
"../../../Engine/Content/EngineMaterials/Substrate/GLints/dict_16_192_64_0p5_0p02_0011_0012.uasset" 5408
"../../../Engine/Content/EngineMaterials/Substrate/GLints/dict_16_192_64_0p5_0p02_0010_0005.uasset" 5409
"../../../Engine/Content/EngineMaterials/Substrate/GLints/dict_16_192_64_0p5_0p02_0010_0004.uasset" 5410
"../../../Engine/Content/EngineMaterials/Substrate/GLints/dict_16_192_64_0p5_0p02_0011_0003.uasset" 5411
"../../../Engine/Content/EngineMaterials/Substrate/GLints/dict_16_192_64_0p5_0p02_0010_0013.uasset" 5412
"../../../Engine/Content/EngineMaterials/Substrate/GLints/dict_16_192_64_0p5_0p02_0011_0004.uasset" 5413
"../../../Engine/Content/EngineMaterials/Substrate/GLints/dict_16_192_64_0p5_0p02_0011_0001.uasset" 5414
"../../../Engine/Content/EngineMaterials/Substrate/GLints/dict_16_192_64_0p5_0p02_0011_0002.uasset" 5415
"../../../Engine/Content/EngineMaterials/Substrate/GLints/dict_16_192_64_0p5_0p02_0011_0014.uasset" 5416
"../../../Engine/Content/EngineMaterials/Substrate/GLints/dict_16_192_64_0p5_0p02_0011_0009.uasset" 5417
"/Engine/EngineMaterials/Substrate/GLints/dict_16_192_64_0p5_0p02_0011_0006" 5418
"/Engine/EngineMaterials/Substrate/GLints/dict_16_192_64_0p5_0p02_0011_0005" 5419
"/Engine/EngineMaterials/Substrate/GLints/dict_16_192_64_0p5_0p02_0011_0004" 5420
"/Engine/EngineMaterials/Substrate/GLints/dict_16_192_64_0p5_0p02_0011_0003" 5421
"/Engine/EngineMaterials/Substrate/GLints/dict_16_192_64_0p5_0p02_0011_0002" 5422
"/Engine/EngineMaterials/Substrate/GLints/dict_16_192_64_0p5_0p02_0011_0001" 5423
"/Engine/EngineMaterials/Substrate/GLints/dict_16_192_64_0p5_0p02_0010_0013" 5424
"/Engine/EngineMaterials/Substrate/GLints/dict_16_192_64_0p5_0p02_0010_0005" 5425
"/Engine/EngineMaterials/Substrate/GLints/dict_16_192_64_0p5_0p02_0010_0004" 5426
"/Engine/EngineMaterials/Substrate/GLints/dict_16_192_64_0p5_0p02_0011_0014" 5427
"../../../Engine/Content/EngineMaterials/Substrate/GLints/dict_16_192_64_0p5_0p02_0012_0001.uasset" 5428
"../../../Engine/Content/EngineMaterials/Substrate/GLints/dict_16_192_64_0p5_0p02_0012_0011.uasset" 5429
"/Engine/EngineMaterials/Substrate/GLints/dict_16_192_64_0p5_0p02_0011_0013" 5430
"../../../Engine/Content/EngineMaterials/Substrate/GLints/dict_16_192_64_0p5_0p02_0012_0007.uasset" 5431
"/Engine/EngineMaterials/Substrate/GLints/dict_16_192_64_0p5_0p02_0011_0012" 5432
"/Engine/EngineMaterials/Substrate/GLints/dict_16_192_64_0p5_0p02_0011_0011" 5433
"/Engine/EngineMaterials/Substrate/GLints/dict_16_192_64_0p5_0p02_0011_0010" 5434
"/Engine/EngineMaterials/Substrate/GLints/dict_16_192_64_0p5_0p02_0011_0009" 5435
"../../../Engine/Content/EngineMaterials/Substrate/GLints/dict_16_192_64_0p5_0p02_0012_0009.uasset" 5436
"../../../Engine/Content/EngineMaterials/Substrate/GLints/dict_16_192_64_0p5_0p02_0012_0002.uasset" 5437
"../../../Engine/Content/EngineMaterials/Substrate/GLints/dict_16_192_64_0p5_0p02_0012_0010.uasset" 5438
"/Engine/EngineMaterials/Substrate/GLints/dict_16_192_64_0p5_0p02_0011_0008" 5439
"../../../Engine/Content/EngineMaterials/Substrate/GLints/dict_16_192_64_0p5_0p02_0012_0000.uasset" 5440
"/Engine/EngineMaterials/Substrate/GLints/dict_16_192_64_0p5_0p02_0011_0007" 5441
"/Engine/Functions/Engine_MaterialFunctions02/ExampleContent/Textures/water_n" 5442
"/Engine/Functions/Engine_MaterialFunctions02/ExampleContent/Textures/water_d" 5443
"../../../Engine/Content/EngineMaterials/Substrate/GLints/dict_16_192_64_0p5_0p02_0012_0008.uasset" 5444
"../../../Engine/Content/EngineMaterials/Substrate/GLints/dict_16_192_64_0p5_0p02_0011_0015.uasset" 5445
"../../../Engine/Content/EngineMaterials/Substrate/GLints/dict_16_192_64_0p5_0p02_0012_0005.uasset" 5446
"../../../Engine/Content/EngineMaterials/Substrate/GLints/dict_16_192_64_0p5_0p02_0012_0003.uasset" 5447
"../../../Engine/Content/EngineMaterials/Substrate/GLints/dict_16_192_64_0p5_0p02_0012_0004.uasset" 5448
"/Engine/EngineMaterials/Substrate/GLints/dict_16_192_64_0p5_0p02_0012_0011" 5449
"/Engine/EngineMaterials/Substrate/GLints/dict_16_192_64_0p5_0p02_0012_0010" 5450
"/Engine/EngineMaterials/Substrate/GLints/dict_16_192_64_0p5_0p02_0012_0009" 5451
"/Engine/EngineMaterials/Substrate/GLints/dict_16_192_64_0p5_0p02_0012_0008" 5452
"/Engine/EngineMaterials/Substrate/GLints/dict_16_192_64_0p5_0p02_0012_0007" 5453
"/Engine/EngineMaterials/Substrate/GLints/dict_16_192_64_0p5_0p02_0012_0002" 5454
"/Engine/EngineMaterials/Substrate/GLints/dict_16_192_64_0p5_0p02_0012_0001" 5455
"/Engine/EngineMaterials/Substrate/GLints/dict_16_192_64_0p5_0p02_0012_0000" 5456
"/Engine/EngineMaterials/Substrate/GLints/dict_16_192_64_0p5_0p02_0011_0015" 5457
"../../../Engine/Content/EngineMaterials/Substrate/GLints/dict_16_192_64_0p5_0p02_0012_0006.uasset" 5458
"../../../Engine/Content/EngineMaterials/Substrate/GLints/dict_16_192_64_0p5_0p02_0013_0006.uasset" 5459
"../../../Engine/Content/EngineMaterials/Substrate/GLints/dict_16_192_64_0p5_0p02_0013_0001.uasset" 5460
"../../../Engine/Content/EngineMaterials/Substrate/GLints/dict_16_192_64_0p5_0p02_0012_0015.uasset" 5461
"../../../Engine/Content/EngineMaterials/Substrate/GLints/dict_16_192_64_0p5_0p02_0012_0014.uasset" 5462
"../../../Engine/Content/EngineMaterials/Substrate/GLints/dict_16_192_64_0p5_0p02_0013_0008.uasset" 5463
"../../../Engine/Content/EngineMaterials/Substrate/GLints/dict_16_192_64_0p5_0p02_0013_0000.uasset" 5464
"../../../Engine/Content/EngineMaterials/Substrate/GLints/dict_16_192_64_0p5_0p02_0012_0012.uasset" 5465
"../../../Engine/Content/EngineMaterials/Substrate/GLints/dict_16_192_64_0p5_0p02_0013_0012.uasset" 5466
"../../../Engine/Content/EngineMaterials/Substrate/GLints/dict_16_192_64_0p5_0p02_0013_0014.uasset" 5467
"../../../Engine/Content/EngineMaterials/Substrate/GLints/dict_16_192_64_0p5_0p02_0014_0002.uasset" 5468
"../../../Engine/Content/EngineMaterials/Substrate/GLints/dict_16_192_64_0p5_0p02_0014_0005.uasset" 5469
"../../../Engine/Content/EngineMaterials/Substrate/GLints/dict_16_192_64_0p5_0p02_0014_0004.uasset" 5470
"../../../Engine/Content/EngineMaterials/Substrate/GLints/dict_16_192_64_0p5_0p02_0014_0006.uasset" 5471
"../../../Engine/Content/EngineMaterials/Substrate/GLints/dict_16_192_64_0p5_0p02_0014_0007.uasset" 5472
"../../../Engine/Content/EngineMaterials/Substrate/GLints/dict_16_192_64_0p5_0p02_0013_0005.uasset" 5473
"../../../Engine/Content/EngineMaterials/Substrate/GLints/dict_16_192_64_0p5_0p02_0013_0004.uasset" 5474
"../../../Engine/Content/EngineMaterials/Substrate/GLints/dict_16_192_64_0p5_0p02_0014_0000.uasset" 5475
"../../../Engine/Content/EngineMaterials/Substrate/GLints/dict_16_192_64_0p5_0p02_0013_0002.uasset" 5476
"../../../Engine/Content/EngineMaterials/Substrate/GLints/dict_16_192_64_0p5_0p02_0013_0007.uasset" 5477
"../../../Engine/Content/EngineMaterials/Substrate/GLints/dict_16_192_64_0p5_0p02_0013_0015.uasset" 5478
"../../../Engine/Content/EngineMaterials/Substrate/GLints/dict_16_192_64_0p5_0p02_0013_0003.uasset" 5479
"../../../Engine/Content/EngineMaterials/Substrate/GLints/dict_16_192_64_0p5_0p02_0013_0011.uasset" 5480
"../../../Engine/Content/EngineMaterials/Substrate/GLints/dict_16_192_64_0p5_0p02_0014_0001.uasset" 5481
"../../../Engine/Content/EngineMaterials/Substrate/GLints/dict_16_192_64_0p5_0p02_0013_0010.uasset" 5482
"../../../Engine/Content/EngineMaterials/Substrate/GLints/dict_16_192_64_0p5_0p02_0013_0013.uasset" 5483
"../../../Engine/Content/EngineMaterials/Substrate/GLints/dict_16_192_64_0p5_0p02_0013_0009.uasset" 5484
"../../../Engine/Content/EngineMaterials/Substrate/GLints/dict_16_192_64_0p5_0p02_0012_0013.uasset" 5485
"../../../Engine/Content/EngineMaterials/Substrate/GLints/dict_16_192_64_0p5_0p02_0014_0003.uasset" 5486
"/Engine/EngineMaterials/Substrate/GLints/dict_16_192_64_0p5_0p02_0013_0014" 5487
"/Engine/EngineMaterials/Substrate/GLints/dict_16_192_64_0p5_0p02_0013_0013" 5488
"/Engine/EngineMaterials/Substrate/GLints/dict_16_192_64_0p5_0p02_0013_0012" 5489
"/Engine/EngineMaterials/Substrate/GLints/dict_16_192_64_0p5_0p02_0013_0011" 5490
"/Engine/EngineMaterials/Substrate/GLints/dict_16_192_64_0p5_0p02_0013_0010" 5491
"/Engine/EngineMaterials/Substrate/GLints/dict_16_192_64_0p5_0p02_0013_0009" 5492
"/Engine/EngineMaterials/Substrate/GLints/dict_16_192_64_0p5_0p02_0014_0007" 5493
"/Engine/EngineMaterials/Substrate/GLints/dict_16_192_64_0p5_0p02_0014_0006" 5494
"/Engine/EngineMaterials/Substrate/GLints/dict_16_192_64_0p5_0p02_0014_0005" 5495
"/Engine/EngineMaterials/Substrate/GLints/dict_16_192_64_0p5_0p02_0013_0008" 5496
"/Engine/EngineMaterials/Substrate/GLints/dict_16_192_64_0p5_0p02_0014_0004" 5497
"/Engine/EngineMaterials/Substrate/GLints/dict_16_192_64_0p5_0p02_0014_0003" 5498
"/Engine/EngineMaterials/Substrate/GLints/dict_16_192_64_0p5_0p02_0012_0006" 5499
"/Engine/EngineMaterials/Substrate/GLints/dict_16_192_64_0p5_0p02_0012_0005" 5500
"/Engine/EngineMaterials/Substrate/GLints/dict_16_192_64_0p5_0p02_0012_0004" 5501
"/Engine/EngineMaterials/Substrate/GLints/dict_16_192_64_0p5_0p02_0012_0003" 5502
"/Engine/EngineMaterials/Substrate/GLints/dict_16_192_64_0p5_0p02_0014_0002" 5503
"/Engine/EngineMaterials/Substrate/GLints/dict_16_192_64_0p5_0p02_0013_0007" 5504
"/Engine/EngineMaterials/Substrate/GLints/dict_16_192_64_0p5_0p02_0013_0006" 5505
"/Engine/EngineMaterials/Substrate/GLints/dict_16_192_64_0p5_0p02_0014_0001" 5506
"/Engine/EngineMaterials/Substrate/GLints/dict_16_192_64_0p5_0p02_0014_0000" 5507
"/Engine/EngineMaterials/Substrate/GLints/dict_16_192_64_0p5_0p02_0013_0015" 5508
"/Engine/EngineMaterials/Substrate/GLints/dict_16_192_64_0p5_0p02_0013_0005" 5509
"/Engine/EngineMaterials/Substrate/GLints/dict_16_192_64_0p5_0p02_0013_0004" 5510
"/Engine/EngineMaterials/Substrate/GLints/dict_16_192_64_0p5_0p02_0013_0003" 5511
"/Engine/EngineMaterials/Substrate/GLints/dict_16_192_64_0p5_0p02_0013_0002" 5512
"/Engine/EngineMaterials/Substrate/GLints/dict_16_192_64_0p5_0p02_0013_0001" 5513
"/Engine/EngineMaterials/Substrate/GLints/dict_16_192_64_0p5_0p02_0013_0000" 5514
"/Engine/EngineMaterials/Substrate/GLints/dict_16_192_64_0p5_0p02_0012_0015" 5515
"/Engine/EngineMaterials/Substrate/GLints/dict_16_192_64_0p5_0p02_0012_0014" 5516
"/Engine/EngineMaterials/Substrate/GLints/dict_16_192_64_0p5_0p02_0012_0013" 5517
"/Engine/EngineMaterials/Substrate/GLints/dict_16_192_64_0p5_0p02_0012_0012" 5518
"../../../Engine/Content/EngineMaterials/Substrate/GLints/dict_16_192_64_0p5_0p02_0014_0010.uasset" 5519
"../../../Engine/Content/EngineMaterials/Substrate/GLints/dict_16_192_64_0p5_0p02_0014_0012.uasset" 5520
"../../../Engine/Content/EngineMaterials/Substrate/GLints/dict_16_192_64_0p5_0p02_0014_0009.uasset" 5521
"../../../Engine/Content/EngineMaterials/Substrate/GLints/dict_16_192_64_0p5_0p02_0014_0008.uasset" 5522
"../../../Engine/Content/EngineMaterials/Substrate/GLints/dict_16_192_64_0p5_0p02_0014_0013.uasset" 5523
"../../../Engine/Content/EngineMaterials/Substrate/GLints/dict_16_192_64_0p5_0p02_0014_0014.uasset" 5524
"../../../Engine/Content/EngineMaterials/Substrate/GLints/dict_16_192_64_0p5_0p02_0015_0000.uasset" 5525
"../../../Engine/Content/EngineMaterials/Substrate/GLints/dict_16_192_64_0p5_0p02_0015_0001.uasset" 5526
"../../../Engine/Content/EngineMaterials/Substrate/GLints/dict_16_192_64_0p5_0p02_0015_0002.uasset" 5527
"../../../Engine/Content/EngineMaterials/Substrate/GLints/dict_16_192_64_0p5_0p02_0015_0003.uasset" 5528
"../../../Engine/Content/EngineMaterials/Substrate/GLints/dict_16_192_64_0p5_0p02_0015_0004.uasset" 5529
"../../../Engine/Content/EngineMaterials/Substrate/GLints/dict_16_192_64_0p5_0p02_0014_0011.uasset" 5530
"../../../Engine/Content/EngineMaterials/Substrate/GLints/dict_16_192_64_0p5_0p02_0015_0006.uasset" 5531
"../../../Engine/Content/EngineMaterials/Substrate/GLints/dict_16_192_64_0p5_0p02_0015_0014.uasset" 5532
"../../../Engine/Content/EngineMaterials/Substrate/GLints/dict_16_192_64_0p5_0p02_0015_0013.uasset" 5533
"../../../Engine/Content/EngineMaterials/Substrate/GLints/dict_16_192_64_0p5_0p02_0015_0009.uasset" 5534
"../../../Engine/Content/EngineMaterials/Substrate/GLints/dict_16_192_64_0p5_0p02_0015_0008.uasset" 5535
"../../../Engine/Content/EngineMaterials/Substrate/GLints/dict_16_192_64_0p5_0p02_0015_0007.uasset" 5536
"../../../Engine/Content/EngineMaterials/Substrate/GLints/dict_16_192_64_0p5_0p02_0015_0012.uasset" 5537
"../../../Engine/Content/EngineMaterials/Substrate/GLints/dict_16_192_64_0p5_0p02_0016_0000.uasset" 5538
"../../../Engine/Content/EngineMaterials/Substrate/GLints/dict_16_192_64_0p5_0p02_0015_0011.uasset" 5539
"../../../Engine/Content/EngineMaterials/Substrate/GLints/dict_16_192_64_0p5_0p02_0015_0005.uasset" 5540
"../../../Engine/Content/EngineMaterials/Substrate/GLints/dict_16_192_64_0p5_0p02_0015_0010.uasset" 5541
"../../../Engine/Content/EngineMaterials/Substrate/GLints/dict_16_192_64_0p5_0p02_0014_0015.uasset" 5542
"../../../Engine/Content/EngineMaterials/Substrate/GLints/dict_16_192_64_0p5_0p02_0016_0007.uasset" 5543
"../../../Engine/Content/EngineMaterials/Substrate/GLints/dict_16_192_64_0p5_0p02_0016_0002.uasset" 5544
"../../../Engine/Content/EngineMaterials/Substrate/GLints/dict_16_192_64_0p5_0p02_0016_0005.uasset" 5545
"../../../Engine/Content/EngineMaterials/Substrate/GLints/dict_16_192_64_0p5_0p02_0016_0001.uasset" 5546
"../../../Engine/Content/EngineMaterials/Substrate/GLints/dict_16_192_64_0p5_0p02_0016_0004.uasset" 5547
"../../../Engine/Content/EngineMaterials/Substrate/GLints/dict_16_192_64_0p5_0p02_0016_0006.uasset" 5548
"../../../Engine/Content/EngineMaterials/Substrate/GLints/dict_16_192_64_0p5_0p02_0016_0003.uasset" 5549
"/Engine/EngineMaterials/Substrate/GLints/dict_16_192_64_0p5_0p02_0016_0007" 5550
"/Engine/EngineMaterials/Substrate/GLints/dict_16_192_64_0p5_0p02_0016_0006" 5551
"/Engine/EngineMaterials/Substrate/GLints/dict_16_192_64_0p5_0p02_0016_0005" 5552
"/Engine/EngineMaterials/Substrate/GLints/dict_16_192_64_0p5_0p02_0016_0004" 5553
"/Engine/EngineMaterials/Substrate/GLints/dict_16_192_64_0p5_0p02_0016_0003" 5554
"/Engine/EngineMaterials/Substrate/GLints/dict_16_192_64_0p5_0p02_0016_0002" 5555
"/Engine/EngineMaterials/Substrate/GLints/dict_16_192_64_0p5_0p02_0016_0001" 5556
"/Engine/EngineMaterials/Substrate/GLints/dict_16_192_64_0p5_0p02_0016_0000" 5557
"/Engine/EngineMaterials/Substrate/GLints/dict_16_192_64_0p5_0p02_0015_0014" 5558
"/Engine/EngineMaterials/Substrate/GLints/dict_16_192_64_0p5_0p02_0015_0013" 5559
"/Engine/EngineMaterials/Substrate/GLints/dict_16_192_64_0p5_0p02_0015_0012" 5560
"/Engine/EngineMaterials/Substrate/GLints/dict_16_192_64_0p5_0p02_0015_0011" 5561
"/Engine/EngineMaterials/Substrate/GLints/dict_16_192_64_0p5_0p02_0015_0010" 5562
"/Engine/EngineMaterials/Substrate/GLints/dict_16_192_64_0p5_0p02_0015_0009" 5563
"/Engine/EngineMaterials/Substrate/GLints/dict_16_192_64_0p5_0p02_0015_0008" 5564
"/Engine/EngineMaterials/Substrate/GLints/dict_16_192_64_0p5_0p02_0015_0007" 5565
"/Engine/EngineMaterials/Substrate/GLints/dict_16_192_64_0p5_0p02_0015_0006" 5566
"/Engine/EngineMaterials/Substrate/GLints/dict_16_192_64_0p5_0p02_0015_0005" 5567
"/Engine/EngineMaterials/Substrate/GLints/dict_16_192_64_0p5_0p02_0015_0004" 5568
"/Engine/EngineMaterials/Substrate/GLints/dict_16_192_64_0p5_0p02_0015_0003" 5569
"/Engine/EngineMaterials/Substrate/GLints/dict_16_192_64_0p5_0p02_0015_0002" 5570
"/Engine/EngineMaterials/Substrate/GLints/dict_16_192_64_0p5_0p02_0015_0001" 5571
"/Engine/EngineMaterials/Substrate/GLints/dict_16_192_64_0p5_0p02_0015_0000" 5572
"/Engine/EngineMaterials/Substrate/GLints/dict_16_192_64_0p5_0p02_0014_0015" 5573
"/Engine/EngineMaterials/Substrate/GLints/dict_16_192_64_0p5_0p02_0014_0014" 5574
"/Engine/EngineMaterials/Substrate/GLints/dict_16_192_64_0p5_0p02_0014_0013" 5575
"/Engine/EngineMaterials/Substrate/GLints/dict_16_192_64_0p5_0p02_0014_0012" 5576
"/Engine/EngineMaterials/Substrate/GLints/dict_16_192_64_0p5_0p02_0014_0011" 5577
"/Engine/EngineMaterials/Substrate/GLints/dict_16_192_64_0p5_0p02_0014_0010" 5578
"/Engine/EngineMaterials/Substrate/GLints/dict_16_192_64_0p5_0p02_0014_0009" 5579
"/Engine/EngineMaterials/Substrate/GLints/dict_16_192_64_0p5_0p02_0014_0008" 5580
"../../../Engine/Content/EngineMaterials/Substrate/GLints/dict_16_192_64_0p5_0p02_0016_0009.uasset" 5581
"../../../Engine/Content/EngineMaterials/Substrate/GLints/dict_16_192_64_0p5_0p02_0016_0011.uasset" 5582
"../../../Engine/Content/EngineMaterials/Substrate/GLints/dict_16_192_64_0p5_0p02_0016_0012.uasset" 5583
"../../../Engine/Content/EngineMaterials/Substrate/GLints/dict_16_192_64_0p5_0p02_0016_0015.uasset" 5584
"../../../Engine/Content/EngineMaterials/Substrate/GLints/dict_16_192_64_0p5_0p02_0016_0014.uasset" 5585
"../../../Engine/Content/EngineMaterials/Substrate/GLints/dict_16_192_64_0p5_0p02_0017_0000.uasset" 5586
"../../../Engine/Content/EngineMaterials/Substrate/GLints/dict_16_192_64_0p5_0p02_0017_0003.uasset" 5587
"../../../Engine/Content/EngineMaterials/Substrate/GLints/dict_16_192_64_0p5_0p02_0017_0005.uasset" 5588
"../../../Engine/Content/EngineMaterials/Substrate/GLints/dict_16_192_64_0p5_0p02_0017_0002.uasset" 5589
"../../../Engine/Content/EngineMaterials/Substrate/GLints/dict_16_192_64_0p5_0p02_0017_0004.uasset" 5590
"../../../Engine/Content/EngineMaterials/Substrate/GLints/dict_16_192_64_0p5_0p02_0017_0001.uasset" 5591
"../../../Engine/Content/EngineMaterials/Substrate/GLints/dict_16_192_64_0p5_0p02_0015_0015.uasset" 5592
"/Engine/EngineMaterials/Substrate/GLints/dict_16_192_64_0p5_0p02_0015_0015" 5593
"/Engine/EngineMaterials/Substrate/GLints/dict_16_192_64_0p5_0p02_0017_0005" 5594
"/Engine/EngineMaterials/Substrate/GLints/dict_16_192_64_0p5_0p02_0017_0004" 5595
"/Engine/EngineMaterials/Substrate/GLints/dict_16_192_64_0p5_0p02_0017_0003" 5596
"/Engine/EngineMaterials/Substrate/GLints/dict_16_192_64_0p5_0p02_0017_0002" 5597
"/Engine/EngineMaterials/Substrate/GLints/dict_16_192_64_0p5_0p02_0017_0001" 5598
"/Engine/EngineMaterials/Substrate/GLints/dict_16_192_64_0p5_0p02_0017_0000" 5599
"/Engine/EngineMaterials/Substrate/GLints/dict_16_192_64_0p5_0p02_0016_0015" 5600
"/Engine/EngineMaterials/Substrate/GLints/dict_16_192_64_0p5_0p02_0016_0014" 5601
"/Engine/EngineMaterials/Substrate/GLints/dict_16_192_64_0p5_0p02_0016_0012" 5602
"/Engine/EngineMaterials/Substrate/GLints/dict_16_192_64_0p5_0p02_0016_0011" 5603
"/Engine/EngineMaterials/Substrate/GLints/dict_16_192_64_0p5_0p02_0016_0009" 5604
"../../../Engine/Content/EngineMaterials/Substrate/GLints/dict_16_192_64_0p5_0p02_0017_0011.uasset" 5605
"../../../Engine/Content/EngineMaterials/Substrate/GLints/dict_16_192_64_0p5_0p02_0017_0007.uasset" 5606
"../../../Engine/Content/EngineMaterials/Substrate/GLints/dict_16_192_64_0p5_0p02_0017_0008.uasset" 5607
"../../../Engine/Content/EngineMaterials/Substrate/GLints/dict_16_192_64_0p5_0p02_0017_0014.uasset" 5608
"../../../Engine/Content/EngineMaterials/Substrate/GLints/dict_16_192_64_0p5_0p02_0017_0012.uasset" 5609
"../../../Engine/Content/EngineMaterials/Substrate/GLints/dict_16_192_64_0p5_0p02_0017_0006.uasset" 5610
"../../../Engine/Content/EngineMaterials/Substrate/GLints/dict_16_192_64_0p5_0p02_0017_0009.uasset" 5611
"../../../Engine/Content/EngineMaterials/Substrate/GLints/dict_16_192_64_0p5_0p02_0017_0010.uasset" 5612
"../../../Engine/Content/EngineMaterials/Substrate/GLints/dict_16_192_64_0p5_0p02_0017_0013.uasset" 5613
"../../../Engine/Content/EngineMaterials/Substrate/GLints/dict_16_192_64_0p5_0p02_0018_0004.uasset" 5614
"../../../Engine/Content/EngineMaterials/Substrate/GLints/dict_16_192_64_0p5_0p02_0018_0003.uasset" 5615
"../../../Engine/Content/EngineMaterials/Substrate/GLints/dict_16_192_64_0p5_0p02_0018_0005.uasset" 5616
"../../../Engine/Content/EngineMaterials/Substrate/GLints/dict_16_192_64_0p5_0p02_0018_0006.uasset" 5617
"../../../Engine/Content/EngineMaterials/Substrate/GLints/dict_16_192_64_0p5_0p02_0018_0002.uasset" 5618
"../../../Engine/Content/EngineMaterials/Substrate/GLints/dict_16_192_64_0p5_0p02_0018_0007.uasset" 5619
"../../../Engine/Content/EngineMaterials/Substrate/GLints/dict_16_192_64_0p5_0p02_0018_0001.uasset" 5620
"../../../Engine/Content/EngineMaterials/Substrate/GLints/dict_16_192_64_0p5_0p02_0018_0009.uasset" 5621
"../../../Engine/Content/EngineMaterials/Substrate/GLints/dict_16_192_64_0p5_0p02_0018_0012.uasset" 5622
"../../../Engine/Content/EngineMaterials/Substrate/GLints/dict_16_192_64_0p5_0p02_0018_0011.uasset" 5623
"../../../Engine/Content/EngineMaterials/Substrate/GLints/dict_16_192_64_0p5_0p02_0018_0015.uasset" 5624
"../../../Engine/Content/EngineMaterials/Substrate/GLints/dict_16_192_64_0p5_0p02_0019_0000.uasset" 5625
"../../../Engine/Content/EngineMaterials/Substrate/GLints/dict_16_192_64_0p5_0p02_0018_0014.uasset" 5626
"../../../Engine/Content/EngineMaterials/Substrate/GLints/dict_16_192_64_0p5_0p02_0018_0013.uasset" 5627
"../../../Engine/Content/EngineMaterials/Substrate/GLints/dict_16_192_64_0p5_0p02_0018_0010.uasset" 5628
"../../../Engine/Content/EngineMaterials/Substrate/GLints/dict_16_192_64_0p5_0p02_0016_0008.uasset" 5629
"../../../Engine/Content/EngineMaterials/Substrate/GLints/dict_16_192_64_0p5_0p02_0017_0015.uasset" 5630
"../../../Engine/Content/EngineMaterials/Substrate/GLints/dict_16_192_64_0p5_0p02_0018_0000.uasset" 5631
"../../../Engine/Content/EngineMaterials/Substrate/GLints/dict_16_192_64_0p5_0p02_0016_0010.uasset" 5632
"../../../Engine/Content/EngineMaterials/Substrate/GLints/dict_16_192_64_0p5_0p02_0018_0008.uasset" 5633
"../../../Engine/Content/EngineMaterials/Substrate/GLints/dict_16_192_64_0p5_0p02_0016_0013.uasset" 5634
"/Engine/EngineMaterials/Substrate/GLints/dict_16_192_64_0p5_0p02_0018_0006" 5635
"../../../Engine/Content/EngineMaterials/Substrate/GLints/dict_16_192_64_0p5_0p02_0019_0002.uasset" 5636
"/Engine/EngineMaterials/Substrate/GLints/dict_16_192_64_0p5_0p02_0018_0005" 5637
"/Engine/EngineMaterials/Substrate/GLints/dict_16_192_64_0p5_0p02_0018_0004" 5638
"/Engine/EngineMaterials/Substrate/GLints/dict_16_192_64_0p5_0p02_0018_0003" 5639
"/Engine/EngineMaterials/Substrate/GLints/dict_16_192_64_0p5_0p02_0018_0002" 5640
"/Engine/EngineMaterials/Substrate/GLints/dict_16_192_64_0p5_0p02_0018_0001" 5641
"/Engine/EngineMaterials/Substrate/GLints/dict_16_192_64_0p5_0p02_0018_0000" 5642
"/Engine/EngineMaterials/Substrate/GLints/dict_16_192_64_0p5_0p02_0017_0015" 5643
"/Engine/EngineMaterials/Substrate/GLints/dict_16_192_64_0p5_0p02_0017_0014" 5644
"/Engine/EngineMaterials/Substrate/GLints/dict_16_192_64_0p5_0p02_0017_0013" 5645
"/Engine/EngineMaterials/Substrate/GLints/dict_16_192_64_0p5_0p02_0017_0012" 5646
"/Engine/EngineMaterials/Substrate/GLints/dict_16_192_64_0p5_0p02_0017_0011" 5647
"/Engine/EngineMaterials/Substrate/GLints/dict_16_192_64_0p5_0p02_0017_0010" 5648
"/Engine/EngineMaterials/Substrate/GLints/dict_16_192_64_0p5_0p02_0017_0009" 5649
"/Engine/EngineMaterials/Substrate/GLints/dict_16_192_64_0p5_0p02_0017_0008" 5650
"/Engine/EngineMaterials/Substrate/GLints/dict_16_192_64_0p5_0p02_0017_0007" 5651
"/Engine/EngineMaterials/Substrate/GLints/dict_16_192_64_0p5_0p02_0017_0006" 5652
"/Engine/EngineMaterials/Substrate/GLints/dict_16_192_64_0p5_0p02_0019_0000" 5653
"/Engine/EngineMaterials/Substrate/GLints/dict_16_192_64_0p5_0p02_0018_0015" 5654
"/Engine/EngineMaterials/Substrate/GLints/dict_16_192_64_0p5_0p02_0018_0014" 5655
"/Engine/EngineMaterials/Substrate/GLints/dict_16_192_64_0p5_0p02_0018_0013" 5656
"/Engine/EngineMaterials/Substrate/GLints/dict_16_192_64_0p5_0p02_0018_0012" 5657
"/Engine/EngineMaterials/Substrate/GLints/dict_16_192_64_0p5_0p02_0018_0011" 5658
"/Engine/EngineMaterials/Substrate/GLints/dict_16_192_64_0p5_0p02_0018_0010" 5659
"/Engine/EngineMaterials/Substrate/GLints/dict_16_192_64_0p5_0p02_0016_0013" 5660
"/Engine/EngineMaterials/Substrate/GLints/dict_16_192_64_0p5_0p02_0018_0009" 5661
"/Engine/EngineMaterials/Substrate/GLints/dict_16_192_64_0p5_0p02_0018_0008" 5662
"/Engine/EngineMaterials/Substrate/GLints/dict_16_192_64_0p5_0p02_0016_0010" 5663
"/Engine/EngineMaterials/Substrate/GLints/dict_16_192_64_0p5_0p02_0018_0007" 5664
"/Engine/EngineMaterials/Substrate/GLints/dict_16_192_64_0p5_0p02_0016_0008" 5665
"/Engine/EngineMaterials/Substrate/GLints/dict_16_192_64_0p5_0p02_0019_0002" 5666
"../../../Engine/Content/EngineMaterials/Substrate/GLints/dict_16_192_64_0p5_0p02_0019_0007.uasset" 5667
"../../../Engine/Content/EngineMaterials/Substrate/GLints/dict_16_192_64_0p5_0p02_0019_0006.uasset" 5668
"../../../Engine/Content/EngineMaterials/Substrate/GLints/dict_16_192_64_0p5_0p02_0019_0003.uasset" 5669
"../../../Engine/Content/EngineMaterials/Substrate/GLints/dict_16_192_64_0p5_0p02_0019_0005.uasset" 5670
"../../../Engine/Content/EngineMaterials/Substrate/GLints/dict_16_192_64_0p5_0p02_0019_0011.uasset" 5671
"../../../Engine/Content/EngineMaterials/Substrate/GLints/dict_16_192_64_0p5_0p02_0019_0004.uasset" 5672
"../../../Engine/Content/EngineMaterials/Substrate/GLints/dict_16_192_64_0p5_0p02_0019_0008.uasset" 5673
"../../../Engine/Content/EngineMaterials/Substrate/GLints/dict_16_192_64_0p5_0p02_0019_0012.uasset" 5674
"../../../Engine/Content/EngineMaterials/Substrate/GLints/dict_16_192_64_0p5_0p02_0019_0001.uasset" 5675
"../../../Engine/Content/EngineMaterials/Substrate/GLints/dict_16_192_64_0p5_0p02_0019_0010.uasset" 5676
"../../../Engine/Content/EngineMaterials/Substrate/GLints/dict_16_192_64_0p5_0p02_0019_0009.uasset" 5677
"../../../Engine/Content/EngineMaterials/Substrate/GLints/dict_16_192_64_0p5_0p02_0019_0013.uasset" 5678
"../../../Engine/Content/EngineMaterials/Substrate/GLints/dict_16_192_64_0p5_0p02_0019_0015.uasset" 5679
"../../../Engine/Content/EngineMaterials/Substrate/GLints/dict_16_192_64_0p5_0p02_0020_0003.uasset" 5680
"../../../Engine/Content/EngineMaterials/Substrate/GLints/dict_16_192_64_0p5_0p02_0020_0000.uasset" 5681
"../../../Engine/Content/EngineMaterials/Substrate/GLints/dict_16_192_64_0p5_0p02_0020_0001.uasset" 5682
"../../../Engine/Content/EngineMaterials/Substrate/GLints/dict_16_192_64_0p5_0p02_0020_0008.uasset" 5683
"../../../Engine/Content/EngineMaterials/Substrate/GLints/dict_16_192_64_0p5_0p02_0020_0005.uasset" 5684
"../../../Engine/Content/EngineMaterials/Substrate/GLints/dict_16_192_64_0p5_0p02_0020_0004.uasset" 5685
"../../../Engine/Content/EngineMaterials/Substrate/GLints/dict_16_192_64_0p5_0p02_0020_0009.uasset" 5686
"../../../Engine/Content/EngineMaterials/Substrate/GLints/dict_16_192_64_0p5_0p02_0020_0002.uasset" 5687
"../../../Engine/Content/EngineMaterials/Substrate/GLints/dict_16_192_64_0p5_0p02_0019_0014.uasset" 5688
"../../../Engine/Content/EngineMaterials/Substrate/GLints/dict_16_192_64_0p5_0p02_0020_0007.uasset" 5689
"../../../Engine/Content/EngineMaterials/Substrate/GLints/dict_16_192_64_0p5_0p02_0021_0000.uasset" 5690
"../../../Engine/Content/EngineMaterials/Substrate/GLints/dict_16_192_64_0p5_0p02_0020_0006.uasset" 5691
"../../../Engine/Content/EngineMaterials/Substrate/GLints/dict_16_192_64_0p5_0p02_0020_0014.uasset" 5692
"../../../Engine/Content/EngineMaterials/Substrate/GLints/dict_16_192_64_0p5_0p02_0020_0012.uasset" 5693
"../../../Engine/Content/EngineMaterials/Substrate/GLints/dict_16_192_64_0p5_0p02_0021_0001.uasset" 5694
"../../../Engine/Content/EngineMaterials/Substrate/GLints/dict_16_192_64_0p5_0p02_0020_0011.uasset" 5695
"../../../Engine/Content/EngineMaterials/Substrate/GLints/dict_16_192_64_0p5_0p02_0020_0010.uasset" 5696
"../../../Engine/Content/EngineMaterials/Substrate/GLints/dict_16_192_64_0p5_0p02_0020_0015.uasset" 5697
"../../../Engine/Content/EngineMaterials/Substrate/GLints/dict_16_192_64_0p5_0p02_0020_0013.uasset" 5698
"/Engine/EngineMaterials/Substrate/GLints/dict_16_192_64_0p5_0p02_0021_0000" 5699
"/Engine/EngineMaterials/Substrate/GLints/dict_16_192_64_0p5_0p02_0020_0015" 5700
"/Engine/EngineMaterials/Substrate/GLints/dict_16_192_64_0p5_0p02_0020_0014" 5701
"/Engine/EngineMaterials/Substrate/GLints/dict_16_192_64_0p5_0p02_0020_0013" 5702
"/Engine/EngineMaterials/Substrate/GLints/dict_16_192_64_0p5_0p02_0020_0012" 5703
"/Engine/EngineMaterials/Substrate/GLints/dict_16_192_64_0p5_0p02_0020_0011" 5704
"/Engine/EngineMaterials/Substrate/GLints/dict_16_192_64_0p5_0p02_0020_0010" 5705
"/Engine/EngineMaterials/Substrate/GLints/dict_16_192_64_0p5_0p02_0020_0009" 5706
"/Engine/EngineMaterials/Substrate/GLints/dict_16_192_64_0p5_0p02_0021_0001" 5707
"/Engine/EngineMaterials/Substrate/GLints/dict_16_192_64_0p5_0p02_0020_0008" 5708
"/Engine/EngineMaterials/Substrate/GLints/dict_16_192_64_0p5_0p02_0020_0007" 5709
"/Engine/EngineMaterials/Substrate/GLints/dict_16_192_64_0p5_0p02_0020_0006" 5710
"/Engine/EngineMaterials/Substrate/GLints/dict_16_192_64_0p5_0p02_0020_0005" 5711
"/Engine/EngineMaterials/Substrate/GLints/dict_16_192_64_0p5_0p02_0020_0004" 5712
"/Engine/EngineMaterials/Substrate/GLints/dict_16_192_64_0p5_0p02_0020_0003" 5713
"/Engine/EngineMaterials/Substrate/GLints/dict_16_192_64_0p5_0p02_0020_0002" 5714
"/Engine/EngineMaterials/Substrate/GLints/dict_16_192_64_0p5_0p02_0020_0001" 5715
"/Engine/EngineMaterials/Substrate/GLints/dict_16_192_64_0p5_0p02_0020_0000" 5716
"/Engine/EngineMaterials/Substrate/GLints/dict_16_192_64_0p5_0p02_0019_0001" 5717
"/Engine/EngineMaterials/Substrate/GLints/dict_16_192_64_0p5_0p02_0019_0015" 5718
"/Engine/EngineMaterials/Substrate/GLints/dict_16_192_64_0p5_0p02_0019_0014" 5719
"/Engine/EngineMaterials/Substrate/GLints/dict_16_192_64_0p5_0p02_0019_0013" 5720
"/Engine/EngineMaterials/Substrate/GLints/dict_16_192_64_0p5_0p02_0019_0012" 5721
"/Engine/EngineMaterials/Substrate/GLints/dict_16_192_64_0p5_0p02_0019_0011" 5722
"/Engine/EngineMaterials/Substrate/GLints/dict_16_192_64_0p5_0p02_0019_0010" 5723
"/Engine/EngineMaterials/Substrate/GLints/dict_16_192_64_0p5_0p02_0019_0009" 5724
"/Engine/EngineMaterials/Substrate/GLints/dict_16_192_64_0p5_0p02_0019_0008" 5725
"/Engine/EngineMaterials/Substrate/GLints/dict_16_192_64_0p5_0p02_0019_0007" 5726
"/Engine/EngineMaterials/Substrate/GLints/dict_16_192_64_0p5_0p02_0019_0006" 5727
"/Engine/EngineMaterials/Substrate/GLints/dict_16_192_64_0p5_0p02_0019_0005" 5728
"/Engine/EngineMaterials/Substrate/GLints/dict_16_192_64_0p5_0p02_0019_0004" 5729
"/Engine/EngineMaterials/Substrate/GLints/dict_16_192_64_0p5_0p02_0019_0003" 5730
"../../../Engine/Content/EngineMaterials/Substrate/GLints/dict_16_192_64_0p5_0p02_0021_0007.uasset" 5731
"../../../Engine/Content/EngineMaterials/Substrate/GLints/dict_16_192_64_0p5_0p02_0021_0004.uasset" 5732
"../../../Engine/Content/EngineMaterials/Substrate/GLints/dict_16_192_64_0p5_0p02_0021_0010.uasset" 5733
"../../../Engine/Content/EngineMaterials/Substrate/GLints/dict_16_192_64_0p5_0p02_0021_0003.uasset" 5734
"../../../Engine/Content/EngineMaterials/Substrate/GLints/dict_16_192_64_0p5_0p02_0021_0009.uasset" 5735
"../../../Engine/Content/EngineMaterials/Substrate/GLints/dict_16_192_64_0p5_0p02_0021_0008.uasset" 5736
"../../../Engine/Content/EngineMaterials/Substrate/GLints/dict_16_192_64_0p5_0p02_0021_0006.uasset" 5737
"../../../Engine/Content/EngineMaterials/Substrate/GLints/dict_16_192_64_0p5_0p02_0021_0012.uasset" 5738
"../../../Engine/Content/EngineMaterials/Substrate/GLints/dict_16_192_64_0p5_0p02_0021_0011.uasset" 5739
"../../../Engine/Content/EngineMaterials/Substrate/GLints/dict_16_192_64_0p5_0p02_0021_0013.uasset" 5740
"../../../Engine/Content/EngineMaterials/Substrate/GLints/dict_16_192_64_0p5_0p02_0022_0000.uasset" 5741
"../../../Engine/Content/EngineMaterials/Substrate/GLints/dict_16_192_64_0p5_0p02_0021_0015.uasset" 5742
"../../../Engine/Content/EngineMaterials/Substrate/GLints/dict_16_192_64_0p5_0p02_0022_0004.uasset" 5743
"../../../Engine/Content/EngineMaterials/Substrate/GLints/dict_16_192_64_0p5_0p02_0022_0001.uasset" 5744
"../../../Engine/Content/EngineMaterials/Substrate/GLints/dict_16_192_64_0p5_0p02_0022_0005.uasset" 5745
"../../../Engine/Content/EngineMaterials/Substrate/GLints/dict_16_192_64_0p5_0p02_0022_0002.uasset" 5746
"../../../Engine/Content/EngineMaterials/Substrate/GLints/dict_16_192_64_0p5_0p02_0021_0014.uasset" 5747
"../../../Engine/Content/EngineMaterials/Substrate/GLints/dict_16_192_64_0p5_0p02_0022_0003.uasset" 5748
"../../../Engine/Content/EngineMaterials/Substrate/GLints/dict_16_192_64_0p5_0p02_0022_0008.uasset" 5749
"../../../Engine/Content/EngineMaterials/Substrate/GLints/dict_16_192_64_0p5_0p02_0022_0010.uasset" 5750
"../../../Engine/Content/EngineMaterials/Substrate/GLints/dict_16_192_64_0p5_0p02_0022_0009.uasset" 5751
"../../../Engine/Content/EngineMaterials/Substrate/GLints/dict_16_192_64_0p5_0p02_0022_0011.uasset" 5752
"../../../Engine/Content/EngineMaterials/Substrate/GLints/dict_16_192_64_0p5_0p02_0022_0007.uasset" 5753
"../../../Engine/Content/EngineMaterials/Substrate/GLints/dict_16_192_64_0p5_0p02_0023_0001.uasset" 5754
"../../../Engine/Content/EngineMaterials/Substrate/GLints/dict_16_192_64_0p5_0p02_0023_0000.uasset" 5755
"../../../Engine/Content/EngineMaterials/Substrate/GLints/dict_16_192_64_0p5_0p02_0022_0015.uasset" 5756
"../../../Engine/Content/EngineMaterials/Substrate/GLints/dict_16_192_64_0p5_0p02_0022_0014.uasset" 5757
"../../../Engine/Content/EngineMaterials/Substrate/GLints/dict_16_192_64_0p5_0p02_0021_0005.uasset" 5758
"../../../Engine/Content/EngineMaterials/Substrate/GLints/dict_16_192_64_0p5_0p02_0022_0013.uasset" 5759
"../../../Engine/Content/EngineMaterials/Substrate/GLints/dict_16_192_64_0p5_0p02_0022_0006.uasset" 5760
"../../../Engine/Content/EngineMaterials/Substrate/GLints/dict_16_192_64_0p5_0p02_0021_0002.uasset" 5761
"../../../Engine/Content/EngineMaterials/Substrate/GLints/dict_16_192_64_0p5_0p02_0022_0012.uasset" 5762
"/Engine/EngineMaterials/Substrate/GLints/dict_16_192_64_0p5_0p02_0023_0001" 5763
"/Engine/EngineMaterials/Substrate/GLints/dict_16_192_64_0p5_0p02_0023_0000" 5764
"/Engine/EngineMaterials/Substrate/GLints/dict_16_192_64_0p5_0p02_0022_0015" 5765
"/Engine/EngineMaterials/Substrate/GLints/dict_16_192_64_0p5_0p02_0022_0014" 5766
"/Engine/EngineMaterials/Substrate/GLints/dict_16_192_64_0p5_0p02_0022_0013" 5767
"/Engine/EngineMaterials/Substrate/GLints/dict_16_192_64_0p5_0p02_0022_0012" 5768
"/Engine/EngineMaterials/Substrate/GLints/dict_16_192_64_0p5_0p02_0022_0011" 5769
"/Engine/EngineMaterials/Substrate/GLints/dict_16_192_64_0p5_0p02_0022_0010" 5770
"/Engine/EngineMaterials/Substrate/GLints/dict_16_192_64_0p5_0p02_0022_0009" 5771
"/Engine/EngineMaterials/Substrate/GLints/dict_16_192_64_0p5_0p02_0022_0008" 5772
"/Engine/EngineMaterials/Substrate/GLints/dict_16_192_64_0p5_0p02_0022_0007" 5773
"/Engine/EngineMaterials/Substrate/GLints/dict_16_192_64_0p5_0p02_0022_0006" 5774
"/Engine/EngineMaterials/Substrate/GLints/dict_16_192_64_0p5_0p02_0022_0005" 5775
"/Engine/EngineMaterials/Substrate/GLints/dict_16_192_64_0p5_0p02_0022_0004" 5776
"/Engine/EngineMaterials/Substrate/GLints/dict_16_192_64_0p5_0p02_0022_0003" 5777
"/Engine/EngineMaterials/Substrate/GLints/dict_16_192_64_0p5_0p02_0022_0002" 5778
"/Engine/EngineMaterials/Substrate/GLints/dict_16_192_64_0p5_0p02_0022_0001" 5779
"/Engine/EngineMaterials/Substrate/GLints/dict_16_192_64_0p5_0p02_0022_0000" 5780
"/Engine/EngineMaterials/Substrate/GLints/dict_16_192_64_0p5_0p02_0021_0015" 5781
"/Engine/EngineMaterials/Substrate/GLints/dict_16_192_64_0p5_0p02_0021_0014" 5782
"/Engine/EngineMaterials/Substrate/GLints/dict_16_192_64_0p5_0p02_0021_0013" 5783
"/Engine/EngineMaterials/Substrate/GLints/dict_16_192_64_0p5_0p02_0021_0012" 5784
"/Engine/EngineMaterials/Substrate/GLints/dict_16_192_64_0p5_0p02_0021_0011" 5785
"/Engine/EngineMaterials/Substrate/GLints/dict_16_192_64_0p5_0p02_0021_0010" 5786
"/Engine/EngineMaterials/Substrate/GLints/dict_16_192_64_0p5_0p02_0021_0009" 5787
"/Engine/EngineMaterials/Substrate/GLints/dict_16_192_64_0p5_0p02_0021_0008" 5788
"/Engine/EngineMaterials/Substrate/GLints/dict_16_192_64_0p5_0p02_0021_0007" 5789
"/Engine/EngineMaterials/Substrate/GLints/dict_16_192_64_0p5_0p02_0021_0006" 5790
"/Engine/EngineMaterials/Substrate/GLints/dict_16_192_64_0p5_0p02_0021_0005" 5791
"/Engine/EngineMaterials/Substrate/GLints/dict_16_192_64_0p5_0p02_0021_0004" 5792
"/Engine/EngineMaterials/Substrate/GLints/dict_16_192_64_0p5_0p02_0021_0003" 5793
"/Engine/EngineMaterials/Substrate/GLints/dict_16_192_64_0p5_0p02_0021_0002" 5794
"../../../Engine/Content/EngineMaterials/Substrate/GLints/dict_16_192_64_0p5_0p02_0023_0002.uasset" 5795
"../../../Engine/Content/EngineMaterials/Substrate/GLints/dict_16_192_64_0p5_0p02_0023_0004.uasset" 5796
"../../../Engine/Content/EngineMaterials/Substrate/GLints/dict_16_192_64_0p5_0p02_0023_0008.uasset" 5797
"../../../Engine/Content/EngineMaterials/Substrate/GLints/dict_16_192_64_0p5_0p02_0023_0006.uasset" 5798
"../../../Engine/Content/EngineMaterials/Substrate/GLints/dict_16_192_64_0p5_0p02_0023_0003.uasset" 5799
"../../../Engine/Content/EngineMaterials/Substrate/GLints/dict_16_192_64_0p5_0p02_0023_0007.uasset" 5800
"../../../Engine/Content/EngineMaterials/Substrate/GLints/dict_16_192_64_0p5_0p02_0023_0005.uasset" 5801
"../../../Engine/Content/EngineMaterials/Substrate/GLints/dict_16_192_64_0p5_0p02_0023_0013.uasset" 5802
"../../../Engine/Content/EngineMaterials/Substrate/GLints/dict_16_192_64_0p5_0p02_0023_0014.uasset" 5803
"../../../Engine/Content/EngineMaterials/Substrate/GLints/dict_16_192_64_0p5_0p02_0024_0000.uasset" 5804
"../../../Engine/Content/EngineMaterials/Substrate/GLints/dict_16_192_64_0p5_0p02_0023_0012.uasset" 5805
"../../../Engine/Content/EngineMaterials/Substrate/GLints/dict_16_192_64_0p5_0p02_0023_0015.uasset" 5806
"../../../Engine/Content/EngineMaterials/Substrate/GLints/dict_16_192_64_0p5_0p02_0023_0010.uasset" 5807
"../../../Engine/Content/EngineMaterials/Substrate/GLints/dict_16_192_64_0p5_0p02_0023_0009.uasset" 5808
"../../../Engine/Content/EngineMaterials/Substrate/GLints/dict_16_192_64_0p5_0p02_0024_0002.uasset" 5809
"../../../Engine/Content/EngineMaterials/Substrate/GLints/dict_16_192_64_0p5_0p02_0024_0001.uasset" 5810
"../../../Engine/Content/EngineMaterials/Substrate/GLints/dict_16_192_64_0p5_0p02_0023_0011.uasset" 5811
"../../../Engine/Content/EngineMaterials/Substrate/GLints/dict_16_192_64_0p5_0p02_0024_0005.uasset" 5812
"../../../Engine/Content/EngineMaterials/Substrate/GLints/dict_16_192_64_0p5_0p02_0024_0007.uasset" 5813
"../../../Engine/Content/EngineMaterials/Substrate/GLints/dict_16_192_64_0p5_0p02_0024_0003.uasset" 5814
"../../../Engine/Content/EngineMaterials/Substrate/GLints/dict_16_192_64_0p5_0p02_0024_0004.uasset" 5815
"../../../Engine/Content/EngineMaterials/Substrate/GLints/dict_16_192_64_0p5_0p02_0024_0011.uasset" 5816
"../../../Engine/Content/EngineMaterials/Substrate/GLints/dict_16_192_64_0p5_0p02_0025_0000.uasset" 5817
"../../../Engine/Content/EngineMaterials/Substrate/GLints/dict_16_192_64_0p5_0p02_0024_0012.uasset" 5818
"../../../Engine/Content/EngineMaterials/Substrate/GLints/dict_16_192_64_0p5_0p02_0024_0014.uasset" 5819
"../../../Engine/Content/EngineMaterials/Substrate/GLints/dict_16_192_64_0p5_0p02_0024_0008.uasset" 5820
"../../../Engine/Content/EngineMaterials/Substrate/GLints/dict_16_192_64_0p5_0p02_0025_0001.uasset" 5821
"../../../Engine/Content/EngineMaterials/Substrate/GLints/dict_16_192_64_0p5_0p02_0024_0015.uasset" 5822
"../../../Engine/Content/EngineMaterials/Substrate/GLints/dict_16_192_64_0p5_0p02_0024_0006.uasset" 5823
"../../../Engine/Content/EngineMaterials/Substrate/GLints/dict_16_192_64_0p5_0p02_0024_0013.uasset" 5824
"../../../Engine/Content/EngineMaterials/Substrate/GLints/dict_16_192_64_0p5_0p02_0024_0010.uasset" 5825
"../../../Engine/Content/EngineMaterials/Substrate/GLints/dict_16_192_64_0p5_0p02_0024_0009.uasset" 5826
"/Engine/EngineMaterials/Substrate/GLints/dict_16_192_64_0p5_0p02_0025_0001" 5827
"/Engine/EngineMaterials/Substrate/GLints/dict_16_192_64_0p5_0p02_0025_0000" 5828
"/Engine/EngineMaterials/Substrate/GLints/dict_16_192_64_0p5_0p02_0024_0015" 5829
"/Engine/EngineMaterials/Substrate/GLints/dict_16_192_64_0p5_0p02_0024_0014" 5830
"/Engine/EngineMaterials/Substrate/GLints/dict_16_192_64_0p5_0p02_0024_0013" 5831
"/Engine/EngineMaterials/Substrate/GLints/dict_16_192_64_0p5_0p02_0024_0012" 5832
"/Engine/EngineMaterials/Substrate/GLints/dict_16_192_64_0p5_0p02_0024_0011" 5833
"/Engine/EngineMaterials/Substrate/GLints/dict_16_192_64_0p5_0p02_0024_0010" 5834
"/Engine/EngineMaterials/Substrate/GLints/dict_16_192_64_0p5_0p02_0024_0009" 5835
"/Engine/EngineMaterials/Substrate/GLints/dict_16_192_64_0p5_0p02_0024_0008" 5836
"/Engine/EngineMaterials/Substrate/GLints/dict_16_192_64_0p5_0p02_0024_0007" 5837
"/Engine/EngineMaterials/Substrate/GLints/dict_16_192_64_0p5_0p02_0024_0006" 5838
"/Engine/EngineMaterials/Substrate/GLints/dict_16_192_64_0p5_0p02_0024_0005" 5839
"/Engine/EngineMaterials/Substrate/GLints/dict_16_192_64_0p5_0p02_0024_0004" 5840
"/Engine/EngineMaterials/Substrate/GLints/dict_16_192_64_0p5_0p02_0024_0003" 5841
"/Engine/EngineMaterials/Substrate/GLints/dict_16_192_64_0p5_0p02_0024_0002" 5842
"/Engine/EngineMaterials/Substrate/GLints/dict_16_192_64_0p5_0p02_0024_0001" 5843
"/Engine/EngineMaterials/Substrate/GLints/dict_16_192_64_0p5_0p02_0024_0000" 5844
"/Engine/EngineMaterials/Substrate/GLints/dict_16_192_64_0p5_0p02_0023_0015" 5845
"/Engine/EngineMaterials/Substrate/GLints/dict_16_192_64_0p5_0p02_0023_0014" 5846
"/Engine/EngineMaterials/Substrate/GLints/dict_16_192_64_0p5_0p02_0023_0013" 5847
"/Engine/EngineMaterials/Substrate/GLints/dict_16_192_64_0p5_0p02_0023_0012" 5848
"/Engine/EngineMaterials/Substrate/GLints/dict_16_192_64_0p5_0p02_0023_0011" 5849
"/Engine/EngineMaterials/Substrate/GLints/dict_16_192_64_0p5_0p02_0023_0010" 5850
"/Engine/EngineMaterials/Substrate/GLints/dict_16_192_64_0p5_0p02_0023_0009" 5851
"/Engine/EngineMaterials/Substrate/GLints/dict_16_192_64_0p5_0p02_0023_0008" 5852
"/Engine/EngineMaterials/Substrate/GLints/dict_16_192_64_0p5_0p02_0023_0007" 5853
"/Engine/EngineMaterials/Substrate/GLints/dict_16_192_64_0p5_0p02_0023_0006" 5854
"/Engine/EngineMaterials/Substrate/GLints/dict_16_192_64_0p5_0p02_0023_0005" 5855
"/Engine/EngineMaterials/Substrate/GLints/dict_16_192_64_0p5_0p02_0023_0004" 5856
"/Engine/EngineMaterials/Substrate/GLints/dict_16_192_64_0p5_0p02_0023_0003" 5857
"/Engine/EngineMaterials/Substrate/GLints/dict_16_192_64_0p5_0p02_0023_0002" 5858
"../../../Engine/Content/EngineMaterials/Substrate/GLints/dict_16_192_64_0p5_0p02_0025_0011.uasset" 5859
"../../../Engine/Content/EngineMaterials/Substrate/GLints/dict_16_192_64_0p5_0p02_0025_0002.uasset" 5860
"../../../Engine/Content/EngineMaterials/Substrate/GLints/dict_16_192_64_0p5_0p02_0025_0008.uasset" 5861
"../../../Engine/Content/EngineMaterials/Substrate/GLints/dict_16_192_64_0p5_0p02_0025_0003.uasset" 5862
"../../../Engine/Content/EngineMaterials/Substrate/GLints/dict_16_192_64_0p5_0p02_0025_0006.uasset" 5863
"../../../Engine/Content/EngineMaterials/Substrate/GLints/dict_16_192_64_0p5_0p02_0025_0010.uasset" 5864
"../../../Engine/Content/EngineMaterials/Substrate/GLints/dict_16_192_64_0p5_0p02_0025_0004.uasset" 5865
"../../../Engine/Content/EngineMaterials/Substrate/GLints/dict_16_192_64_0p5_0p02_0025_0007.uasset" 5866
"../../../Engine/Content/EngineMaterials/Substrate/GLints/dict_16_192_64_0p5_0p02_0025_0005.uasset" 5867
"../../../Engine/Content/EngineMaterials/Substrate/GLints/dict_16_192_64_0p5_0p02_0025_0009.uasset" 5868
"../../../Engine/Content/EngineMaterials/Substrate/GLints/dict_16_192_64_0p5_0p02_0025_0013.uasset" 5869
"../../../Engine/Content/EngineMaterials/Substrate/GLints/dict_16_192_64_0p5_0p02_0026_0002.uasset" 5870
"../../../Engine/Content/EngineMaterials/Substrate/GLints/dict_16_192_64_0p5_0p02_0025_0014.uasset" 5871
"../../../Engine/Content/EngineMaterials/Substrate/GLints/dict_16_192_64_0p5_0p02_0025_0012.uasset" 5872
"../../../Engine/Content/EngineMaterials/Substrate/GLints/dict_16_192_64_0p5_0p02_0025_0015.uasset" 5873
"../../../Engine/Content/EngineMaterials/Substrate/GLints/dict_16_192_64_0p5_0p02_0026_0000.uasset" 5874
"../../../Engine/Content/EngineMaterials/Substrate/GLints/dict_16_192_64_0p5_0p02_0026_0001.uasset" 5875
"../../../Engine/Content/EngineMaterials/Substrate/GLints/dict_16_192_64_0p5_0p02_0026_0013.uasset" 5876
"../../../Engine/Content/EngineMaterials/Substrate/GLints/dict_16_192_64_0p5_0p02_0026_0012.uasset" 5877
"../../../Engine/Content/EngineMaterials/Substrate/GLints/dict_16_192_64_0p5_0p02_0026_0005.uasset" 5878
"../../../Engine/Content/EngineMaterials/Substrate/GLints/dict_16_192_64_0p5_0p02_0026_0009.uasset" 5879
"../../../Engine/Content/EngineMaterials/Substrate/GLints/dict_16_192_64_0p5_0p02_0026_0010.uasset" 5880
"../../../Engine/Content/EngineMaterials/Substrate/GLints/dict_16_192_64_0p5_0p02_0026_0003.uasset" 5881
"../../../Engine/Content/EngineMaterials/Substrate/GLints/dict_16_192_64_0p5_0p02_0026_0014.uasset" 5882
"../../../Engine/Content/EngineMaterials/Substrate/GLints/dict_16_192_64_0p5_0p02_0026_0015.uasset" 5883
"../../../Engine/Content/EngineMaterials/Substrate/GLints/dict_16_192_64_0p5_0p02_0027_0000.uasset" 5884
"../../../Engine/Content/EngineMaterials/Substrate/GLints/dict_16_192_64_0p5_0p02_0027_0001.uasset" 5885
"../../../Engine/Content/EngineMaterials/Substrate/GLints/dict_16_192_64_0p5_0p02_0026_0004.uasset" 5886
"../../../Engine/Content/EngineMaterials/Substrate/GLints/dict_16_192_64_0p5_0p02_0026_0011.uasset" 5887
"../../../Engine/Content/EngineMaterials/Substrate/GLints/dict_16_192_64_0p5_0p02_0026_0006.uasset" 5888
"../../../Engine/Content/EngineMaterials/Substrate/GLints/dict_16_192_64_0p5_0p02_0026_0007.uasset" 5889
"../../../Engine/Content/EngineMaterials/Substrate/GLints/dict_16_192_64_0p5_0p02_0026_0008.uasset" 5890
"/Engine/EngineMaterials/Substrate/GLints/dict_16_192_64_0p5_0p02_0027_0001" 5891
"/Engine/EngineMaterials/Substrate/GLints/dict_16_192_64_0p5_0p02_0027_0000" 5892
"/Engine/EngineMaterials/Substrate/GLints/dict_16_192_64_0p5_0p02_0026_0015" 5893
"/Engine/EngineMaterials/Substrate/GLints/dict_16_192_64_0p5_0p02_0026_0014" 5894
"/Engine/EngineMaterials/Substrate/GLints/dict_16_192_64_0p5_0p02_0026_0013" 5895
"/Engine/EngineMaterials/Substrate/GLints/dict_16_192_64_0p5_0p02_0026_0012" 5896
"/Engine/EngineMaterials/Substrate/GLints/dict_16_192_64_0p5_0p02_0026_0011" 5897
"/Engine/EngineMaterials/Substrate/GLints/dict_16_192_64_0p5_0p02_0026_0010" 5898
"/Engine/EngineMaterials/Substrate/GLints/dict_16_192_64_0p5_0p02_0026_0009" 5899
"/Engine/EngineMaterials/Substrate/GLints/dict_16_192_64_0p5_0p02_0026_0008" 5900
"/Engine/EngineMaterials/Substrate/GLints/dict_16_192_64_0p5_0p02_0026_0007" 5901
"/Engine/EngineMaterials/Substrate/GLints/dict_16_192_64_0p5_0p02_0026_0006" 5902
"/Engine/EngineMaterials/Substrate/GLints/dict_16_192_64_0p5_0p02_0026_0005" 5903
"/Engine/EngineMaterials/Substrate/GLints/dict_16_192_64_0p5_0p02_0026_0004" 5904
"/Engine/EngineMaterials/Substrate/GLints/dict_16_192_64_0p5_0p02_0026_0003" 5905
"/Engine/EngineMaterials/Substrate/GLints/dict_16_192_64_0p5_0p02_0026_0002" 5906
"/Engine/EngineMaterials/Substrate/GLints/dict_16_192_64_0p5_0p02_0026_0001" 5907
"/Engine/EngineMaterials/Substrate/GLints/dict_16_192_64_0p5_0p02_0026_0000" 5908
"/Engine/EngineMaterials/Substrate/GLints/dict_16_192_64_0p5_0p02_0025_0015" 5909
"/Engine/EngineMaterials/Substrate/GLints/dict_16_192_64_0p5_0p02_0025_0014" 5910
"/Engine/EngineMaterials/Substrate/GLints/dict_16_192_64_0p5_0p02_0025_0013" 5911
"/Engine/EngineMaterials/Substrate/GLints/dict_16_192_64_0p5_0p02_0025_0012" 5912
"/Engine/EngineMaterials/Substrate/GLints/dict_16_192_64_0p5_0p02_0025_0011" 5913
"/Engine/EngineMaterials/Substrate/GLints/dict_16_192_64_0p5_0p02_0025_0010" 5914
"/Engine/EngineMaterials/Substrate/GLints/dict_16_192_64_0p5_0p02_0025_0009" 5915
"/Engine/EngineMaterials/Substrate/GLints/dict_16_192_64_0p5_0p02_0025_0008" 5916
"/Engine/EngineMaterials/Substrate/GLints/dict_16_192_64_0p5_0p02_0025_0007" 5917
"/Engine/EngineMaterials/Substrate/GLints/dict_16_192_64_0p5_0p02_0025_0006" 5918
"/Engine/EngineMaterials/Substrate/GLints/dict_16_192_64_0p5_0p02_0025_0005" 5919
"/Engine/EngineMaterials/Substrate/GLints/dict_16_192_64_0p5_0p02_0025_0004" 5920
"/Engine/EngineMaterials/Substrate/GLints/dict_16_192_64_0p5_0p02_0025_0003" 5921
"/Engine/EngineMaterials/Substrate/GLints/dict_16_192_64_0p5_0p02_0025_0002" 5922
"../../../Engine/Content/EngineMaterials/Substrate/GLints/dict_16_192_64_0p5_0p02_0027_0004.uasset" 5923
"../../../Engine/Content/EngineMaterials/Substrate/GLints/dict_16_192_64_0p5_0p02_0027_0009.uasset" 5924
"../../../Engine/Content/EngineMaterials/Substrate/GLints/dict_16_192_64_0p5_0p02_0027_0008.uasset" 5925
"../../../Engine/Content/EngineMaterials/Substrate/GLints/dict_16_192_64_0p5_0p02_0027_0010.uasset" 5926
"../../../Engine/Content/EngineMaterials/Substrate/GLints/dict_16_192_64_0p5_0p02_0027_0006.uasset" 5927
"../../../Engine/Content/EngineMaterials/Substrate/GLints/dict_16_192_64_0p5_0p02_0027_0005.uasset" 5928
"../../../Engine/Content/EngineMaterials/Substrate/GLints/dict_16_192_64_0p5_0p02_0027_0007.uasset" 5929
"../../../Engine/Content/EngineMaterials/Substrate/GLints/dict_16_192_64_0p5_0p02_0027_0012.uasset" 5930
"../../../Engine/Content/EngineMaterials/Substrate/GLints/dict_16_192_64_0p5_0p02_0028_0004.uasset" 5931
"../../../Engine/Content/EngineMaterials/Substrate/GLints/dict_16_192_64_0p5_0p02_0027_0002.uasset" 5932
"../../../Engine/Content/EngineMaterials/Substrate/GLints/dict_16_192_64_0p5_0p02_0027_0011.uasset" 5933
"../../../Engine/Content/EngineMaterials/Substrate/GLints/dict_16_192_64_0p5_0p02_0027_0003.uasset" 5934
"../../../Engine/Content/EngineMaterials/Substrate/GLints/dict_16_192_64_0p5_0p02_0027_0014.uasset" 5935
"../../../Engine/Content/EngineMaterials/Substrate/GLints/dict_16_192_64_0p5_0p02_0027_0015.uasset" 5936
"../../../Engine/Content/EngineMaterials/Substrate/GLints/dict_16_192_64_0p5_0p02_0027_0013.uasset" 5937
"../../../Engine/Content/EngineMaterials/Substrate/GLints/dict_16_192_64_0p5_0p02_0028_0010.uasset" 5938
"../../../Engine/Content/EngineMaterials/Substrate/GLints/dict_16_192_64_0p5_0p02_0028_0009.uasset" 5939
"../../../Engine/Content/EngineMaterials/Substrate/GLints/dict_16_192_64_0p5_0p02_0028_0007.uasset" 5940
"../../../Engine/Content/EngineMaterials/Substrate/GLints/dict_16_192_64_0p5_0p02_0028_0005.uasset" 5941
"../../../Engine/Content/EngineMaterials/Substrate/GLints/dict_16_192_64_0p5_0p02_0028_0008.uasset" 5942
"../../../Engine/Content/EngineMaterials/Substrate/GLints/dict_16_192_64_0p5_0p02_0028_0011.uasset" 5943
"../../../Engine/Content/EngineMaterials/Substrate/GLints/dict_16_192_64_0p5_0p02_0028_0014.uasset" 5944
"../../../Engine/Content/EngineMaterials/Substrate/GLints/dict_16_192_64_0p5_0p02_0028_0013.uasset" 5945
"../../../Engine/Content/EngineMaterials/Substrate/GLints/dict_16_192_64_0p5_0p02_0029_0001.uasset" 5946
"../../../Engine/Content/EngineMaterials/Substrate/GLints/dict_16_192_64_0p5_0p02_0029_0000.uasset" 5947
"../../../Engine/Content/EngineMaterials/Substrate/GLints/dict_16_192_64_0p5_0p02_0028_0015.uasset" 5948
"../../../Engine/Content/EngineMaterials/Substrate/GLints/dict_16_192_64_0p5_0p02_0028_0001.uasset" 5949
"../../../Engine/Content/EngineMaterials/Substrate/GLints/dict_16_192_64_0p5_0p02_0028_0000.uasset" 5950
"../../../Engine/Content/EngineMaterials/Substrate/GLints/dict_16_192_64_0p5_0p02_0028_0012.uasset" 5951
"../../../Engine/Content/EngineMaterials/Substrate/GLints/dict_16_192_64_0p5_0p02_0028_0003.uasset" 5952
"../../../Engine/Content/EngineMaterials/Substrate/GLints/dict_16_192_64_0p5_0p02_0028_0006.uasset" 5953
"../../../Engine/Content/EngineMaterials/Substrate/GLints/dict_16_192_64_0p5_0p02_0028_0002.uasset" 5954
"/Engine/EngineMaterials/Substrate/GLints/dict_16_192_64_0p5_0p02_0029_0001" 5955
"/Engine/EngineMaterials/Substrate/GLints/dict_16_192_64_0p5_0p02_0029_0000" 5956
"/Engine/EngineMaterials/Substrate/GLints/dict_16_192_64_0p5_0p02_0028_0015" 5957
"/Engine/EngineMaterials/Substrate/GLints/dict_16_192_64_0p5_0p02_0028_0014" 5958
"/Engine/EngineMaterials/Substrate/GLints/dict_16_192_64_0p5_0p02_0028_0013" 5959
"/Engine/EngineMaterials/Substrate/GLints/dict_16_192_64_0p5_0p02_0028_0012" 5960
"/Engine/EngineMaterials/Substrate/GLints/dict_16_192_64_0p5_0p02_0028_0011" 5961
"/Engine/EngineMaterials/Substrate/GLints/dict_16_192_64_0p5_0p02_0028_0010" 5962
"/Engine/EngineMaterials/Substrate/GLints/dict_16_192_64_0p5_0p02_0028_0009" 5963
"/Engine/EngineMaterials/Substrate/GLints/dict_16_192_64_0p5_0p02_0028_0008" 5964
"/Engine/EngineMaterials/Substrate/GLints/dict_16_192_64_0p5_0p02_0028_0007" 5965
"/Engine/EngineMaterials/Substrate/GLints/dict_16_192_64_0p5_0p02_0028_0006" 5966
"/Engine/EngineMaterials/Substrate/GLints/dict_16_192_64_0p5_0p02_0028_0005" 5967
"/Engine/EngineMaterials/Substrate/GLints/dict_16_192_64_0p5_0p02_0028_0004" 5968
"/Engine/EngineMaterials/Substrate/GLints/dict_16_192_64_0p5_0p02_0028_0003" 5969
"/Engine/EngineMaterials/Substrate/GLints/dict_16_192_64_0p5_0p02_0028_0002" 5970
"/Engine/EngineMaterials/Substrate/GLints/dict_16_192_64_0p5_0p02_0028_0001" 5971
"/Engine/EngineMaterials/Substrate/GLints/dict_16_192_64_0p5_0p02_0028_0000" 5972
"/Engine/EngineMaterials/Substrate/GLints/dict_16_192_64_0p5_0p02_0027_0015" 5973
"/Engine/EngineMaterials/Substrate/GLints/dict_16_192_64_0p5_0p02_0027_0014" 5974
"/Engine/EngineMaterials/Substrate/GLints/dict_16_192_64_0p5_0p02_0027_0013" 5975
"/Engine/EngineMaterials/Substrate/GLints/dict_16_192_64_0p5_0p02_0027_0012" 5976
"/Engine/EngineMaterials/Substrate/GLints/dict_16_192_64_0p5_0p02_0027_0011" 5977
"/Engine/EngineMaterials/Substrate/GLints/dict_16_192_64_0p5_0p02_0027_0010" 5978
"/Engine/EngineMaterials/Substrate/GLints/dict_16_192_64_0p5_0p02_0027_0009" 5979
"/Engine/EngineMaterials/Substrate/GLints/dict_16_192_64_0p5_0p02_0027_0008" 5980
"/Engine/EngineMaterials/Substrate/GLints/dict_16_192_64_0p5_0p02_0027_0007" 5981
"/Engine/EngineMaterials/Substrate/GLints/dict_16_192_64_0p5_0p02_0027_0006" 5982
"/Engine/EngineMaterials/Substrate/GLints/dict_16_192_64_0p5_0p02_0027_0005" 5983
"/Engine/EngineMaterials/Substrate/GLints/dict_16_192_64_0p5_0p02_0027_0004" 5984
"/Engine/EngineMaterials/Substrate/GLints/dict_16_192_64_0p5_0p02_0027_0003" 5985
"/Engine/EngineMaterials/Substrate/GLints/dict_16_192_64_0p5_0p02_0027_0002" 5986
"../../../Engine/Content/EngineMaterials/Substrate/GLints/dict_16_192_64_0p5_0p02_0029_0011.uasset" 5987
"../../../Engine/Content/EngineMaterials/Substrate/GLints/dict_16_192_64_0p5_0p02_0029_0012.uasset" 5988
"../../../Engine/Content/EngineMaterials/Substrate/GLints/dict_16_192_64_0p5_0p02_0029_0013.uasset" 5989
"../../../Engine/Content/EngineMaterials/Substrate/GLints/dict_16_192_64_0p5_0p02_0029_0006.uasset" 5990
"../../../Engine/Content/EngineMaterials/Substrate/GLints/dict_16_192_64_0p5_0p02_0029_0003.uasset" 5991
"../../../Engine/Content/EngineMaterials/Substrate/GLints/dict_16_192_64_0p5_0p02_0029_0007.uasset" 5992
"../../../Engine/Content/EngineMaterials/Substrate/GLints/dict_16_192_64_0p5_0p02_0029_0008.uasset" 5993
"../../../Engine/Content/EngineMaterials/Substrate/GLints/dict_16_192_64_0p5_0p02_0030_0002.uasset" 5994
"../../../Engine/Content/EngineMaterials/Substrate/GLints/dict_16_192_64_0p5_0p02_0029_0015.uasset" 5995
"../../../Engine/Content/EngineMaterials/Substrate/GLints/dict_16_192_64_0p5_0p02_0030_0001.uasset" 5996
"../../../Engine/Content/EngineMaterials/Substrate/GLints/dict_16_192_64_0p5_0p02_0029_0014.uasset" 5997
"../../../Engine/Content/EngineMaterials/Substrate/GLints/dict_16_192_64_0p5_0p02_0030_0003.uasset" 5998
"../../../Engine/Content/EngineMaterials/Substrate/GLints/dict_16_192_64_0p5_0p02_0030_0004.uasset" 5999
"../../../Engine/Content/EngineMaterials/Substrate/GLints/dict_16_192_64_0p5_0p02_0030_0000.uasset" 6000
"../../../Engine/Content/EngineMaterials/Substrate/GLints/dict_16_192_64_0p5_0p02_0029_0009.uasset" 6001
"../../../Engine/Content/EngineMaterials/Substrate/GLints/dict_16_192_64_0p5_0p02_0030_0005.uasset" 6002
"../../../Engine/Content/EngineMaterials/Substrate/GLints/dict_16_192_64_0p5_0p02_0030_0007.uasset" 6003
"../../../Engine/Content/EngineMaterials/Substrate/GLints/dict_16_192_64_0p5_0p02_0030_0008.uasset" 6004
"../../../Engine/Content/EngineMaterials/Substrate/GLints/dict_16_192_64_0p5_0p02_0030_0006.uasset" 6005
"../../../Engine/Content/EngineMaterials/Substrate/GLints/dict_16_192_64_0p5_0p02_0030_0010.uasset" 6006
"../../../Engine/Content/EngineMaterials/Substrate/GLints/dict_16_192_64_0p5_0p02_0030_0012.uasset" 6007
"../../../Engine/Content/EngineMaterials/Substrate/GLints/dict_16_192_64_0p5_0p02_0029_0002.uasset" 6008
"../../../Engine/Content/EngineMaterials/Substrate/GLints/dict_16_192_64_0p5_0p02_0029_0010.uasset" 6009
"../../../Engine/Content/EngineMaterials/Substrate/GLints/dict_16_192_64_0p5_0p02_0029_0005.uasset" 6010
"../../../Engine/Content/EngineMaterials/Substrate/GLints/dict_16_192_64_0p5_0p02_0031_0000.uasset" 6011
"../../../Engine/Content/EngineMaterials/Substrate/GLints/dict_16_192_64_0p5_0p02_0030_0013.uasset" 6012
"../../../Engine/Content/EngineMaterials/Substrate/GLints/dict_16_192_64_0p5_0p02_0030_0011.uasset" 6013
"../../../Engine/Content/EngineMaterials/Substrate/GLints/dict_16_192_64_0p5_0p02_0029_0004.uasset" 6014
"../../../Engine/Content/EngineMaterials/Substrate/GLints/dict_16_192_64_0p5_0p02_0030_0009.uasset" 6015
"../../../Engine/Content/EngineMaterials/Substrate/GLints/dict_16_192_64_0p5_0p02_0030_0014.uasset" 6016
"../../../Engine/Content/EngineMaterials/Substrate/GLints/dict_16_192_64_0p5_0p02_0030_0015.uasset" 6017
"../../../Engine/Content/EngineMaterials/Substrate/GLints/dict_16_192_64_0p5_0p02_0031_0001.uasset" 6018
"/Engine/EngineMaterials/Substrate/GLints/dict_16_192_64_0p5_0p02_0031_0001" 6019
"/Engine/EngineMaterials/Substrate/GLints/dict_16_192_64_0p5_0p02_0031_0000" 6020
"/Engine/EngineMaterials/Substrate/GLints/dict_16_192_64_0p5_0p02_0030_0015" 6021
"/Engine/EngineMaterials/Substrate/GLints/dict_16_192_64_0p5_0p02_0030_0014" 6022
"/Engine/EngineMaterials/Substrate/GLints/dict_16_192_64_0p5_0p02_0030_0013" 6023
"/Engine/EngineMaterials/Substrate/GLints/dict_16_192_64_0p5_0p02_0030_0012" 6024
"/Engine/EngineMaterials/Substrate/GLints/dict_16_192_64_0p5_0p02_0030_0011" 6025
"/Engine/EngineMaterials/Substrate/GLints/dict_16_192_64_0p5_0p02_0030_0010" 6026
"/Engine/EngineMaterials/Substrate/GLints/dict_16_192_64_0p5_0p02_0030_0009" 6027
"/Engine/EngineMaterials/Substrate/GLints/dict_16_192_64_0p5_0p02_0030_0008" 6028
"/Engine/EngineMaterials/Substrate/GLints/dict_16_192_64_0p5_0p02_0030_0007" 6029
"/Engine/EngineMaterials/Substrate/GLints/dict_16_192_64_0p5_0p02_0030_0006" 6030
"/Engine/EngineMaterials/Substrate/GLints/dict_16_192_64_0p5_0p02_0030_0005" 6031
"/Engine/EngineMaterials/Substrate/GLints/dict_16_192_64_0p5_0p02_0030_0004" 6032
"/Engine/EngineMaterials/Substrate/GLints/dict_16_192_64_0p5_0p02_0030_0003" 6033
"/Engine/EngineMaterials/Substrate/GLints/dict_16_192_64_0p5_0p02_0030_0002" 6034
"/Engine/EngineMaterials/Substrate/GLints/dict_16_192_64_0p5_0p02_0030_0001" 6035
"/Engine/EngineMaterials/Substrate/GLints/dict_16_192_64_0p5_0p02_0030_0000" 6036
"/Engine/EngineMaterials/Substrate/GLints/dict_16_192_64_0p5_0p02_0029_0015" 6037
"/Engine/EngineMaterials/Substrate/GLints/dict_16_192_64_0p5_0p02_0029_0014" 6038
"/Engine/EngineMaterials/Substrate/GLints/dict_16_192_64_0p5_0p02_0029_0013" 6039
"/Engine/EngineMaterials/Substrate/GLints/dict_16_192_64_0p5_0p02_0029_0012" 6040
"/Engine/EngineMaterials/Substrate/GLints/dict_16_192_64_0p5_0p02_0029_0011" 6041
"/Engine/EngineMaterials/Substrate/GLints/dict_16_192_64_0p5_0p02_0029_0010" 6042
"/Engine/EngineMaterials/Substrate/GLints/dict_16_192_64_0p5_0p02_0029_0009" 6043
"/Engine/EngineMaterials/Substrate/GLints/dict_16_192_64_0p5_0p02_0029_0008" 6044
"/Engine/EngineMaterials/Substrate/GLints/dict_16_192_64_0p5_0p02_0029_0007" 6045
"/Engine/EngineMaterials/Substrate/GLints/dict_16_192_64_0p5_0p02_0029_0006" 6046
"/Engine/EngineMaterials/Substrate/GLints/dict_16_192_64_0p5_0p02_0029_0005" 6047
"/Engine/EngineMaterials/Substrate/GLints/dict_16_192_64_0p5_0p02_0029_0004" 6048
"/Engine/EngineMaterials/Substrate/GLints/dict_16_192_64_0p5_0p02_0029_0003" 6049
"/Engine/EngineMaterials/Substrate/GLints/dict_16_192_64_0p5_0p02_0029_0002" 6050
"../../../Engine/Content/EngineMaterials/Substrate/GLints/dict_16_192_64_0p5_0p02_0031_0005.uasset" 6051
"../../../Engine/Content/EngineMaterials/Substrate/GLints/dict_16_192_64_0p5_0p02_0031_0004.uasset" 6052
"../../../Engine/Content/EngineMaterials/Substrate/GLints/dict_16_192_64_0p5_0p02_0031_0010.uasset" 6053
"../../../Engine/Content/EngineMaterials/Substrate/GLints/dict_16_192_64_0p5_0p02_0031_0003.uasset" 6054
"../../../Engine/Content/EngineMaterials/Substrate/GLints/dict_16_192_64_0p5_0p02_0031_0002.uasset" 6055
"../../../Engine/Content/EngineMaterials/Substrate/GLints/dict_16_192_64_0p5_0p02_0031_0007.uasset" 6056
"../../../Engine/Content/EngineMaterials/Substrate/GLints/dict_16_192_64_0p5_0p02_0031_0008.uasset" 6057
"../../../Engine/Content/EngineMaterials/Substrate/GLints/dict_16_192_64_0p5_0p02_0031_0015.uasset" 6058
"../../../Engine/Content/EngineMaterials/Substrate/GLints/dict_16_192_64_0p5_0p02_0031_0012.uasset" 6059
"../../../Engine/Content/EngineMaterials/Substrate/GLints/dict_16_192_64_0p5_0p02_0031_0006.uasset" 6060
"../../../Engine/Content/EngineMaterials/Substrate/GLints/dict_16_192_64_0p5_0p02_0031_0014.uasset" 6061
"../../../Engine/Content/EngineMaterials/Substrate/GLints/dict_16_192_64_0p5_0p02_0032_0000.uasset" 6062
"../../../Engine/Content/EngineMaterials/Substrate/GLints/dict_16_192_64_0p5_0p02_0032_0002.uasset" 6063
"../../../Engine/Content/EngineMaterials/Substrate/GLints/dict_16_192_64_0p5_0p02_0032_0001.uasset" 6064
"/Engine/EngineMaterials/Substrate/GLints/dict_16_192_64_0p5_0p02_0032_0000" 6065
"/Engine/EngineMaterials/Substrate/GLints/dict_16_192_64_0p5_0p02_0031_0015" 6066
"../../../Engine/Content/EngineMaterials/Substrate/GLints/dict_16_192_64_0p5_0p02_0032_0010.uasset" 6067
"../../../Engine/Content/EngineMaterials/Substrate/GLints/dict_16_192_64_0p5_0p02_0032_0006.uasset" 6068
"../../../Engine/Content/EngineMaterials/Substrate/GLints/dict_16_192_64_0p5_0p02_0032_0003.uasset" 6069
"/Engine/EngineMaterials/Substrate/GLints/dict_16_192_64_0p5_0p02_0031_0014" 6070
"/Engine/EngineMaterials/Substrate/GLints/dict_16_192_64_0p5_0p02_0031_0012" 6071
"../../../Engine/Content/EngineMaterials/Substrate/GLints/dict_16_192_64_0p5_0p02_0032_0009.uasset" 6072
"/Engine/EngineMaterials/Substrate/GLints/dict_16_192_64_0p5_0p02_0031_0010" 6073
"../../../Engine/Content/EngineMaterials/Substrate/GLints/dict_16_192_64_0p5_0p02_0032_0004.uasset" 6074
"/Engine/EngineMaterials/Substrate/GLints/dict_16_192_64_0p5_0p02_0031_0008" 6075
"../../../Engine/Content/EngineMaterials/Substrate/GLints/dict_16_192_64_0p5_0p02_0032_0008.uasset" 6076
"../../../Engine/Content/EngineMaterials/Substrate/GLints/dict_16_192_64_0p5_0p02_0032_0005.uasset" 6077
"../../../Engine/Content/EngineMaterials/Substrate/GLints/dict_16_192_64_0p5_0p02_0032_0007.uasset" 6078
"/Engine/EngineMaterials/Substrate/GLints/dict_16_192_64_0p5_0p02_0031_0007" 6079
"/Engine/EngineMaterials/Substrate/GLints/dict_16_192_64_0p5_0p02_0031_0006" 6080
"/Engine/EngineMaterials/Substrate/GLints/dict_16_192_64_0p5_0p02_0031_0005" 6081
"/Engine/EngineMaterials/Substrate/GLints/dict_16_192_64_0p5_0p02_0031_0004" 6082
"/Engine/EngineMaterials/Substrate/GLints/dict_16_192_64_0p5_0p02_0031_0003" 6083
"/Engine/EngineMaterials/Substrate/GLints/dict_16_192_64_0p5_0p02_0031_0002" 6084
"/Engine/EngineMaterials/Substrate/GLints/dict_16_192_64_0p5_0p02_0032_0010" 6085
"/Engine/EngineMaterials/Substrate/GLints/dict_16_192_64_0p5_0p02_0032_0009" 6086
"/Engine/EngineMaterials/Substrate/GLints/dict_16_192_64_0p5_0p02_0032_0008" 6087
"/Engine/EngineMaterials/Substrate/GLints/dict_16_192_64_0p5_0p02_0032_0007" 6088
"/Engine/EngineMaterials/Substrate/GLints/dict_16_192_64_0p5_0p02_0032_0006" 6089
"/Engine/EngineMaterials/Substrate/GLints/dict_16_192_64_0p5_0p02_0032_0005" 6090
"/Engine/EngineMaterials/Substrate/GLints/dict_16_192_64_0p5_0p02_0032_0004" 6091
"/Engine/EngineMaterials/Substrate/GLints/dict_16_192_64_0p5_0p02_0032_0003" 6092
"/Engine/EngineMaterials/Substrate/GLints/dict_16_192_64_0p5_0p02_0032_0002" 6093
"/Engine/EngineMaterials/Substrate/GLints/dict_16_192_64_0p5_0p02_0032_0001" 6094
"../../../Engine/Content/EngineMaterials/Substrate/GLints/dict_16_192_64_0p5_0p02_0031_0009.uasset" 6095
"/Engine/EngineMaterials/Substrate/GLints/dict_16_192_64_0p5_0p02_0031_0009" 6096
"../../../Engine/Content/EngineMaterials/Substrate/GLints/dict_16_192_64_0p5_0p02_0032_0014.uasset" 6097
"/Engine/EngineMaterials/Substrate/GLints/dict_16_192_64_0p5_0p02_0032_0014" 6098
"../../../Engine/Content/EngineMaterials/Substrate/GLints/dict_16_192_64_0p5_0p02_0031_0011.uasset" 6099
"../../../Engine/Content/EngineMaterials/Substrate/GLints/dict_16_192_64_0p5_0p02_0032_0011.uasset" 6100
"../../../Engine/Content/EngineMaterials/Substrate/GLints/dict_16_192_64_0p5_0p02_0031_0013.uasset" 6101
"../../../Engine/Content/EngineMaterials/Substrate/GLints/dict_16_192_64_0p5_0p02_0032_0013.uasset" 6102
"../../../Engine/Content/EngineMaterials/Substrate/GLints/dict_16_192_64_0p5_0p02_0032_0015.uasset" 6103
"/Engine/EngineMaterials/Substrate/GLints/dict_16_192_64_0p5_0p02_0032_0015" 6104
"/Engine/EngineMaterials/Substrate/GLints/dict_16_192_64_0p5_0p02_0032_0013" 6105
"/Engine/EngineMaterials/Substrate/GLints/dict_16_192_64_0p5_0p02_0032_0011" 6106
"/Engine/EngineMaterials/Substrate/GLints/dict_16_192_64_0p5_0p02_0031_0013" 6107
"/Engine/EngineMaterials/Substrate/GLints/dict_16_192_64_0p5_0p02_0031_0011" 6108
"../../../Engine/Content/EngineMaterials/Substrate/GLints/dict_16_192_64_0p5_0p02_0033_0002.uasset" 6109
"../../../Engine/Content/EngineMaterials/Substrate/GLints/dict_16_192_64_0p5_0p02_0033_0000.uasset" 6110
"../../../Engine/Content/EngineMaterials/Substrate/GLints/dict_16_192_64_0p5_0p02_0033_0006.uasset" 6111
"../../../Engine/Content/EngineMaterials/Substrate/GLints/dict_16_192_64_0p5_0p02_0033_0009.uasset" 6112
"../../../Engine/Content/EngineMaterials/Substrate/GLints/dict_16_192_64_0p5_0p02_0033_0004.uasset" 6113
"/Engine/EngineMaterials/Substrate/GLints/dict_16_192_64_0p5_0p02_0033_0000" 6114
"/Engine/EngineMaterials/Substrate/GLints/dict_16_192_64_0p5_0p02_0033_0009" 6115
"/Engine/EngineMaterials/Substrate/GLints/dict_16_192_64_0p5_0p02_0033_0006" 6116
"/Engine/EngineMaterials/Substrate/GLints/dict_16_192_64_0p5_0p02_0033_0004" 6117
"/Engine/EngineMaterials/Substrate/GLints/dict_16_192_64_0p5_0p02_0033_0002" 6118
"../../../Engine/Content/EngineMaterials/Substrate/GLints/dict_16_192_64_0p5_0p02_0033_0012.uasset" 6119
"../../../Engine/Content/EngineMaterials/Substrate/GLints/dict_16_192_64_0p5_0p02_0033_0005.uasset" 6120
"../../../Engine/Content/EngineMaterials/Substrate/GLints/dict_16_192_64_0p5_0p02_0033_0010.uasset" 6121
"../../../Engine/Content/EngineMaterials/Substrate/GLints/dict_16_192_64_0p5_0p02_0033_0011.uasset" 6122
"../../../Engine/Content/EngineMaterials/Substrate/GLints/dict_16_192_64_0p5_0p02_0033_0003.uasset" 6123
"../../../Engine/Content/EngineMaterials/Substrate/GLints/dict_16_192_64_0p5_0p02_0034_0001.uasset" 6124
"../../../Engine/Content/EngineMaterials/Substrate/GLints/dict_16_192_64_0p5_0p02_0033_0015.uasset" 6125
"../../../Engine/Content/EngineMaterials/Substrate/GLints/dict_16_192_64_0p5_0p02_0034_0003.uasset" 6126
"../../../Engine/Content/EngineMaterials/Substrate/GLints/dict_16_192_64_0p5_0p02_0033_0008.uasset" 6127
"../../../Engine/Content/EngineMaterials/Substrate/GLints/dict_16_192_64_0p5_0p02_0034_0000.uasset" 6128
"/Engine/EngineMaterials/Substrate/GLints/dict_16_192_64_0p5_0p02_0034_0003" 6129
"/Engine/EngineMaterials/Substrate/GLints/dict_16_192_64_0p5_0p02_0034_0001" 6130
"/Engine/EngineMaterials/Substrate/GLints/dict_16_192_64_0p5_0p02_0034_0000" 6131
"/Engine/EngineMaterials/Substrate/GLints/dict_16_192_64_0p5_0p02_0033_0015" 6132
"/Engine/EngineMaterials/Substrate/GLints/dict_16_192_64_0p5_0p02_0033_0012" 6133
"/Engine/EngineMaterials/Substrate/GLints/dict_16_192_64_0p5_0p02_0033_0011" 6134
"/Engine/EngineMaterials/Substrate/GLints/dict_16_192_64_0p5_0p02_0033_0010" 6135
"/Engine/EngineMaterials/Substrate/GLints/dict_16_192_64_0p5_0p02_0033_0008" 6136
"/Engine/EngineMaterials/Substrate/GLints/dict_16_192_64_0p5_0p02_0033_0005" 6137
"/Engine/EngineMaterials/Substrate/GLints/dict_16_192_64_0p5_0p02_0033_0003" 6138
"../../../Engine/Content/EngineMaterials/Substrate/GLints/dict_16_192_64_0p5_0p02_0034_0005.uasset" 6139
"../../../Engine/Content/EngineMaterials/Substrate/GLints/dict_16_192_64_0p5_0p02_0034_0007.uasset" 6140
"../../../Engine/Content/EngineMaterials/Substrate/GLints/dict_16_192_64_0p5_0p02_0034_0004.uasset" 6141
"../../../Engine/Content/EngineMaterials/Substrate/GLints/dict_16_192_64_0p5_0p02_0033_0001.uasset" 6142
"../../../Engine/Content/EngineMaterials/Substrate/GLints/dict_16_192_64_0p5_0p02_0034_0014.uasset" 6143
"/Engine/EngineMaterials/Substrate/GLints/dict_16_192_64_0p5_0p02_0033_0001" 6144
"/Engine/EngineMaterials/Substrate/GLints/dict_16_192_64_0p5_0p02_0034_0007" 6145
"/Engine/EngineMaterials/Substrate/GLints/dict_16_192_64_0p5_0p02_0034_0005" 6146
"/Engine/EngineMaterials/Substrate/GLints/dict_16_192_64_0p5_0p02_0034_0004" 6147
"/Engine/EngineMaterials/Substrate/GLints/dict_16_192_64_0p5_0p02_0034_0014" 6148
"../../../Engine/Content/EngineMaterials/Substrate/GLints/dict_16_192_64_0p5_0p02_0035_0000.uasset" 6149
"../../../Engine/Content/EngineMaterials/Substrate/GLints/dict_16_192_64_0p5_0p02_0035_0001.uasset" 6150
"../../../Engine/Content/EngineMaterials/Substrate/GLints/dict_16_192_64_0p5_0p02_0034_0008.uasset" 6151
"../../../Engine/Content/EngineMaterials/Substrate/GLints/dict_16_192_64_0p5_0p02_0034_0009.uasset" 6152
"../../../Engine/Content/EngineMaterials/Substrate/GLints/dict_16_192_64_0p5_0p02_0034_0013.uasset" 6153
"../../../Engine/Content/EngineMaterials/Substrate/GLints/dict_16_192_64_0p5_0p02_0034_0002.uasset" 6154
"/Engine/EngineMaterials/Substrate/GLints/dict_16_192_64_0p5_0p02_0034_0009" 6155
"../../../Engine/Content/EngineMaterials/Substrate/GLints/dict_16_192_64_0p5_0p02_0035_0003.uasset" 6156
"../../../Engine/Content/EngineMaterials/Substrate/GLints/dict_16_192_64_0p5_0p02_0034_0015.uasset" 6157
"../../../Engine/Content/EngineMaterials/Substrate/GLints/dict_16_192_64_0p5_0p02_0034_0011.uasset" 6158
"/Engine/EngineMaterials/Substrate/GLints/dict_16_192_64_0p5_0p02_0034_0013" 6159
"/Engine/EngineMaterials/Substrate/GLints/dict_16_192_64_0p5_0p02_0034_0002" 6160
"../../../Engine/Content/EngineMaterials/Substrate/GLints/dict_16_192_64_0p5_0p02_0034_0010.uasset" 6161
"/Engine/EngineMaterials/Substrate/GLints/dict_16_192_64_0p5_0p02_0034_0008" 6162
"/Engine/EngineMaterials/Substrate/GLints/dict_16_192_64_0p5_0p02_0035_0001" 6163
"/Engine/EngineMaterials/Substrate/GLints/dict_16_192_64_0p5_0p02_0035_0000" 6164
"/Engine/EngineMaterials/Substrate/GLints/dict_16_192_64_0p5_0p02_0035_0003" 6165
"/Engine/EngineMaterials/Substrate/GLints/dict_16_192_64_0p5_0p02_0034_0011" 6166
"/Engine/EngineMaterials/Substrate/GLints/dict_16_192_64_0p5_0p02_0034_0010" 6167
"/Engine/EngineMaterials/Substrate/GLints/dict_16_192_64_0p5_0p02_0034_0015" 6168
"../../../Engine/Content/EngineMaterials/Substrate/GLints/dict_16_192_64_0p5_0p02_0033_0014.uasset" 6169
"../../../Engine/Content/EngineMaterials/Substrate/GLints/dict_16_192_64_0p5_0p02_0035_0005.uasset" 6170
"/Engine/EngineMaterials/Substrate/GLints/dict_16_192_64_0p5_0p02_0033_0014" 6171
"/Engine/EngineMaterials/Substrate/GLints/dict_16_192_64_0p5_0p02_0035_0005" 6172
"../../../Engine/Content/EngineMaterials/Substrate/GLints/dict_16_192_64_0p5_0p02_0035_0004.uasset" 6173
"../../../Engine/Content/EngineMaterials/Substrate/GLints/dict_16_192_64_0p5_0p02_0033_0007.uasset" 6174
"../../../Engine/Content/EngineMaterials/Substrate/GLints/dict_16_192_64_0p5_0p02_0033_0013.uasset" 6175
"/Engine/EngineMaterials/Substrate/GLints/dict_16_192_64_0p5_0p02_0033_0013" 6176
"/Engine/EngineMaterials/Substrate/GLints/dict_16_192_64_0p5_0p02_0033_0007" 6177
"/Engine/EngineMaterials/Substrate/GLints/dict_16_192_64_0p5_0p02_0035_0004" 6178
"../../../Engine/Content/EngineMaterials/Substrate/GLints/dict_16_192_64_0p5_0p02_0035_0015.uasset" 6179
"../../../Engine/Content/EngineMaterials/Substrate/GLints/dict_16_192_64_0p5_0p02_0035_0011.uasset" 6180
"../../../Engine/Content/EngineMaterials/Substrate/GLints/dict_16_192_64_0p5_0p02_0035_0010.uasset" 6181
"../../../Engine/Content/EngineMaterials/Substrate/GLints/dict_16_192_64_0p5_0p02_0035_0009.uasset" 6182
"../../../Engine/Content/EngineMaterials/Substrate/GLints/dict_16_192_64_0p5_0p02_0035_0013.uasset" 6183
"../../../Engine/Content/EngineMaterials/Substrate/GLints/dict_16_192_64_0p5_0p02_0035_0006.uasset" 6184
"../../../Engine/Content/EngineMaterials/Substrate/GLints/dict_16_192_64_0p5_0p02_0035_0012.uasset" 6185
"../../../Engine/Content/EngineMaterials/Substrate/GLints/dict_16_192_64_0p5_0p02_0035_0007.uasset" 6186
"../../../Engine/Content/EngineMaterials/Substrate/GLints/dict_16_192_64_0p5_0p02_0035_0008.uasset" 6187
"../../../Engine/Content/EngineMaterials/Substrate/GLints/dict_16_192_64_0p5_0p02_0036_0000.uasset" 6188
"/Engine/EngineMaterials/Substrate/GLints/dict_16_192_64_0p5_0p02_0036_0000" 6189
"/Engine/EngineMaterials/Substrate/GLints/dict_16_192_64_0p5_0p02_0035_0015" 6190
"/Engine/EngineMaterials/Substrate/GLints/dict_16_192_64_0p5_0p02_0035_0013" 6191
"/Engine/EngineMaterials/Substrate/GLints/dict_16_192_64_0p5_0p02_0035_0012" 6192
"../../../Engine/Content/EngineMaterials/Substrate/GLints/dict_16_192_64_0p5_0p02_0036_0006.uasset" 6193
"/Engine/EngineMaterials/Substrate/GLints/dict_16_192_64_0p5_0p02_0035_0011" 6194
"/Engine/EngineMaterials/Substrate/GLints/dict_16_192_64_0p5_0p02_0035_0010" 6195
"/Engine/EngineMaterials/Substrate/GLints/dict_16_192_64_0p5_0p02_0035_0009" 6196
"/Engine/EngineMaterials/Substrate/GLints/dict_16_192_64_0p5_0p02_0035_0008" 6197
"../../../Engine/Content/EngineMaterials/Substrate/GLints/dict_16_192_64_0p5_0p02_0036_0004.uasset" 6198
"../../../Engine/Content/EngineMaterials/Substrate/GLints/dict_16_192_64_0p5_0p02_0036_0005.uasset" 6199
"../../../Engine/Content/EngineMaterials/Substrate/GLints/dict_16_192_64_0p5_0p02_0036_0003.uasset" 6200
"../../../Engine/Content/EngineMaterials/Substrate/GLints/dict_16_192_64_0p5_0p02_0036_0007.uasset" 6201
"/Engine/EngineMaterials/Substrate/GLints/dict_16_192_64_0p5_0p02_0035_0007" 6202
"/Engine/EngineMaterials/Substrate/GLints/dict_16_192_64_0p5_0p02_0035_0006" 6203
"/Engine/EngineMaterials/Substrate/GLints/dict_16_192_64_0p5_0p02_0036_0007" 6204
"/Engine/EngineMaterials/Substrate/GLints/dict_16_192_64_0p5_0p02_0036_0006" 6205
"/Engine/EngineMaterials/Substrate/GLints/dict_16_192_64_0p5_0p02_0036_0005" 6206
"../../../Engine/Content/EngineMaterials/Substrate/GLints/dict_16_192_64_0p5_0p02_0032_0012.uasset" 6207
"/Engine/EngineMaterials/Substrate/GLints/dict_16_192_64_0p5_0p02_0036_0004" 6208
"/Engine/EngineMaterials/Substrate/GLints/dict_16_192_64_0p5_0p02_0036_0003" 6209
"/Engine/EngineMaterials/Substrate/GLints/dict_16_192_64_0p5_0p02_0032_0012" 6210
"../../../Engine/Content/EngineMaterials/Substrate/GLints/dict_16_192_64_0p5_0p02_0036_0001.uasset" 6211
"../../../Engine/Content/EngineMaterials/Substrate/GLints/dict_16_192_64_0p5_0p02_0036_0011.uasset" 6212
"../../../Engine/Content/EngineMaterials/Substrate/GLints/dict_16_192_64_0p5_0p02_0036_0008.uasset" 6213
"../../../Engine/Content/EngineMaterials/Substrate/GLints/dict_16_192_64_0p5_0p02_0036_0012.uasset" 6214
"../../../Engine/Content/EngineMaterials/Substrate/GLints/dict_16_192_64_0p5_0p02_0037_0000.uasset" 6215
"../../../Engine/Content/EngineMaterials/Substrate/GLints/dict_16_192_64_0p5_0p02_0036_0013.uasset" 6216
"/Engine/EngineMaterials/Substrate/GLints/dict_16_192_64_0p5_0p02_0036_0001" 6217
"/Engine/EngineMaterials/Substrate/GLints/dict_16_192_64_0p5_0p02_0036_0012" 6218
"/Engine/EngineMaterials/Substrate/GLints/dict_16_192_64_0p5_0p02_0036_0008" 6219
"../../../Engine/Content/EngineMaterials/Substrate/GLints/dict_16_192_64_0p5_0p02_0037_0002.uasset" 6220
"/Engine/EngineMaterials/Substrate/GLints/dict_16_192_64_0p5_0p02_0036_0011" 6221
"../../../Engine/Content/EngineMaterials/Substrate/GLints/dict_16_192_64_0p5_0p02_0036_0015.uasset" 6222
"/Engine/EngineMaterials/Substrate/GLints/dict_16_192_64_0p5_0p02_0037_0000" 6223
"/Engine/EngineMaterials/Substrate/GLints/dict_16_192_64_0p5_0p02_0037_0002" 6224
"/Engine/EngineMaterials/Substrate/GLints/dict_16_192_64_0p5_0p02_0036_0013" 6225
"/Engine/EngineMaterials/Substrate/GLints/dict_16_192_64_0p5_0p02_0036_0015" 6226
"../../../Engine/Content/EngineMaterials/Substrate/GLints/dict_16_192_64_0p5_0p02_0037_0001.uasset" 6227
"../../../Engine/Content/EngineMaterials/Substrate/GLints/dict_16_192_64_0p5_0p02_0037_0003.uasset" 6228
"/Engine/EngineMaterials/Substrate/GLints/dict_16_192_64_0p5_0p02_0037_0001" 6229
"/Engine/EngineMaterials/Substrate/GLints/dict_16_192_64_0p5_0p02_0037_0003" 6230
"../../../Engine/Content/EngineMaterials/Substrate/GLints/dict_16_192_64_0p5_0p02_0036_0014.uasset" 6231
"/Engine/EngineMaterials/Substrate/GLints/dict_16_192_64_0p5_0p02_0036_0014" 6232
"../../../Engine/Content/EngineMaterials/Substrate/GLints/dict_16_192_64_0p5_0p02_0037_0008.uasset" 6233
"../../../Engine/Content/EngineMaterials/Substrate/GLints/dict_16_192_64_0p5_0p02_0037_0006.uasset" 6234
"../../../Engine/Content/EngineMaterials/Substrate/GLints/dict_16_192_64_0p5_0p02_0037_0014.uasset" 6235
"../../../Engine/Content/EngineMaterials/Substrate/GLints/dict_16_192_64_0p5_0p02_0037_0013.uasset" 6236
"../../../Engine/Content/EngineMaterials/Substrate/GLints/dict_16_192_64_0p5_0p02_0037_0004.uasset" 6237
"../../../Engine/Content/EngineMaterials/Substrate/GLints/dict_16_192_64_0p5_0p02_0037_0005.uasset" 6238
"../../../Engine/Content/EngineMaterials/Substrate/GLints/dict_16_192_64_0p5_0p02_0037_0007.uasset" 6239
"../../../Engine/Content/EngineMaterials/Substrate/GLints/dict_16_192_64_0p5_0p02_0037_0010.uasset" 6240
"../../../Engine/Content/EngineMaterials/Substrate/GLints/dict_16_192_64_0p5_0p02_0037_0011.uasset" 6241
"../../../Engine/Content/EngineMaterials/Substrate/GLints/dict_16_192_64_0p5_0p02_0037_0009.uasset" 6242
"../../../Engine/Content/EngineMaterials/Substrate/GLints/dict_16_192_64_0p5_0p02_0037_0015.uasset" 6243
"/Engine/EngineMaterials/Substrate/GLints/dict_16_192_64_0p5_0p02_0037_0011" 6244
"../../../Engine/Content/EngineMaterials/Substrate/GLints/dict_16_192_64_0p5_0p02_0038_0001.uasset" 6245
"../../../Engine/Content/EngineMaterials/Substrate/GLints/dict_16_192_64_0p5_0p02_0038_0003.uasset" 6246
"../../../Engine/Content/EngineMaterials/Substrate/GLints/dict_16_192_64_0p5_0p02_0038_0000.uasset" 6247
"/Engine/EngineMaterials/Substrate/GLints/dict_16_192_64_0p5_0p02_0037_0010" 6248
"/Engine/EngineMaterials/Substrate/GLints/dict_16_192_64_0p5_0p02_0037_0009" 6249
"/Engine/EngineMaterials/Substrate/GLints/dict_16_192_64_0p5_0p02_0037_0015" 6250
"/Engine/EngineMaterials/Substrate/GLints/dict_16_192_64_0p5_0p02_0037_0008" 6251
"/Engine/EngineMaterials/Substrate/GLints/dict_16_192_64_0p5_0p02_0037_0007" 6252
"../../../Engine/Content/EngineMaterials/Substrate/GLints/dict_16_192_64_0p5_0p02_0038_0004.uasset" 6253
"../../../Engine/Content/EngineMaterials/Substrate/GLints/dict_16_192_64_0p5_0p02_0038_0002.uasset" 6254
"/Engine/EngineMaterials/Substrate/GLints/dict_16_192_64_0p5_0p02_0037_0006" 6255
"/Engine/EngineMaterials/Substrate/GLints/dict_16_192_64_0p5_0p02_0037_0005" 6256
"/Engine/EngineMaterials/Substrate/GLints/dict_16_192_64_0p5_0p02_0037_0004" 6257
"/Engine/EngineMaterials/Substrate/GLints/dict_16_192_64_0p5_0p02_0037_0014" 6258
"/Engine/EngineMaterials/Substrate/GLints/dict_16_192_64_0p5_0p02_0037_0013" 6259
"/Engine/EngineMaterials/Substrate/GLints/dict_16_192_64_0p5_0p02_0038_0000" 6260
"/Engine/EngineMaterials/Substrate/GLints/dict_16_192_64_0p5_0p02_0038_0001" 6261
"/Engine/EngineMaterials/Substrate/GLints/dict_16_192_64_0p5_0p02_0038_0003" 6262
"/Engine/EngineMaterials/Substrate/GLints/dict_16_192_64_0p5_0p02_0038_0002" 6263
"../../../Engine/Content/EngineMaterials/Substrate/GLints/dict_16_192_64_0p5_0p02_0038_0007.uasset" 6264
"../../../Engine/Content/EngineMaterials/Substrate/GLints/dict_16_192_64_0p5_0p02_0038_0010.uasset" 6265
"../../../Engine/Content/EngineMaterials/Substrate/GLints/dict_16_192_64_0p5_0p02_0038_0011.uasset" 6266
"../../../Engine/Content/EngineMaterials/Substrate/GLints/dict_16_192_64_0p5_0p02_0038_0012.uasset" 6267
"../../../Engine/Content/EngineMaterials/Substrate/GLints/dict_16_192_64_0p5_0p02_0038_0009.uasset" 6268
"/Engine/EngineMaterials/Substrate/GLints/dict_16_192_64_0p5_0p02_0038_0004" 6269
"/Engine/EngineMaterials/Substrate/GLints/dict_16_192_64_0p5_0p02_0038_0011" 6270
"../../../Engine/Content/EngineMaterials/Substrate/GLints/dict_16_192_64_0p5_0p02_0038_0014.uasset" 6271
"/Engine/EngineMaterials/Substrate/GLints/dict_16_192_64_0p5_0p02_0038_0010" 6272
"/Engine/EngineMaterials/Substrate/GLints/dict_16_192_64_0p5_0p02_0038_0009" 6273
"/Engine/EngineMaterials/Substrate/GLints/dict_16_192_64_0p5_0p02_0038_0007" 6274
"/Engine/EngineMaterials/Substrate/GLints/dict_16_192_64_0p5_0p02_0038_0014" 6275
"../../../Engine/Content/EngineMaterials/Substrate/GLints/dict_16_192_64_0p5_0p02_0039_0001.uasset" 6276
"../../../Engine/Content/EngineMaterials/Substrate/GLints/dict_16_192_64_0p5_0p02_0039_0000.uasset" 6277
"../../../Engine/Content/EngineMaterials/Substrate/GLints/dict_16_192_64_0p5_0p02_0038_0015.uasset" 6278
"../../../Engine/Content/EngineMaterials/Substrate/GLints/dict_16_192_64_0p5_0p02_0039_0002.uasset" 6279
"/Engine/EngineMaterials/Substrate/GLints/dict_16_192_64_0p5_0p02_0039_0002" 6280
"/Engine/EngineMaterials/Substrate/GLints/dict_16_192_64_0p5_0p02_0039_0001" 6281
"../../../Engine/Content/EngineMaterials/Substrate/GLints/dict_16_192_64_0p5_0p02_0038_0013.uasset" 6282
"/Engine/EngineMaterials/Substrate/GLints/dict_16_192_64_0p5_0p02_0038_0012" 6283
"/Engine/EngineMaterials/Substrate/GLints/dict_16_192_64_0p5_0p02_0039_0000" 6284
"/Engine/EngineMaterials/Substrate/GLints/dict_16_192_64_0p5_0p02_0038_0015" 6285
"/Engine/EngineMaterials/Substrate/GLints/dict_16_192_64_0p5_0p02_0038_0013" 6286
"../../../Engine/Content/EngineMaterials/Substrate/GLints/dict_16_192_64_0p5_0p02_0039_0003.uasset" 6287
"/Engine/EngineMaterials/Substrate/GLints/dict_16_192_64_0p5_0p02_0039_0003" 6288
"../../../Engine/Content/EngineMaterials/Substrate/GLints/dict_16_192_64_0p5_0p02_0039_0006.uasset" 6289
"../../../Engine/Content/EngineMaterials/Substrate/GLints/dict_16_192_64_0p5_0p02_0039_0004.uasset" 6290
"../../../Engine/Content/EngineMaterials/Substrate/GLints/dict_16_192_64_0p5_0p02_0039_0008.uasset" 6291
"../../../Engine/Content/EngineMaterials/Substrate/GLints/dict_16_192_64_0p5_0p02_0039_0005.uasset" 6292
"../../../Engine/Content/EngineMaterials/Substrate/GLints/dict_16_192_64_0p5_0p02_0039_0009.uasset" 6293
"../../../Engine/Content/EngineMaterials/Substrate/GLints/dict_16_192_64_0p5_0p02_0039_0007.uasset" 6294
"../../../Engine/Content/EngineMaterials/Substrate/GLints/dict_16_192_64_0p5_0p02_0039_0010.uasset" 6295
"../../../Engine/Content/EngineMaterials/Substrate/GLints/dict_16_192_64_0p5_0p02_0039_0013.uasset" 6296
"../../../Engine/Content/EngineMaterials/Substrate/GLints/dict_16_192_64_0p5_0p02_0039_0014.uasset" 6297
"/Engine/EngineMaterials/Substrate/GLints/dict_16_192_64_0p5_0p02_0039_0010" 6298
"../../../Engine/Content/EngineMaterials/Substrate/GLints/dict_16_192_64_0p5_0p02_0039_0012.uasset" 6299
"../../../Engine/Content/EngineMaterials/Substrate/GLints/dict_16_192_64_0p5_0p02_0039_0011.uasset" 6300
"../../../Engine/Content/EngineMaterials/Substrate/GLints/dict_16_192_64_0p5_0p02_0039_0015.uasset" 6301
"/Engine/EngineMaterials/Substrate/GLints/dict_16_192_64_0p5_0p02_0039_0007" 6302
"/Engine/EngineMaterials/Substrate/GLints/dict_16_192_64_0p5_0p02_0039_0006" 6303
"/Engine/EngineMaterials/Substrate/GLints/dict_16_192_64_0p5_0p02_0039_0005" 6304
"/Engine/EngineMaterials/Substrate/GLints/dict_16_192_64_0p5_0p02_0039_0004" 6305
"/Engine/EngineMaterials/Substrate/GLints/dict_16_192_64_0p5_0p02_0039_0009" 6306
"/Engine/EngineMaterials/Substrate/GLints/dict_16_192_64_0p5_0p02_0039_0014" 6307
"/Engine/EngineMaterials/Substrate/GLints/dict_16_192_64_0p5_0p02_0039_0013" 6308
"/Engine/EngineMaterials/Substrate/GLints/dict_16_192_64_0p5_0p02_0039_0008" 6309
"/Engine/EngineMaterials/Substrate/GLints/dict_16_192_64_0p5_0p02_0039_0011" 6310
"/Engine/EngineMaterials/Substrate/GLints/dict_16_192_64_0p5_0p02_0039_0015" 6311
"/Engine/EngineMaterials/Substrate/GLints/dict_16_192_64_0p5_0p02_0039_0012" 6312
"../../../Engine/Content/EngineMaterials/Substrate/GLints/dict_16_192_64_0p5_0p02_0040_0002.uasset" 6313
"../../../Engine/Content/EngineMaterials/Substrate/GLints/dict_16_192_64_0p5_0p02_0040_0003.uasset" 6314
"../../../Engine/Content/EngineMaterials/Substrate/GLints/dict_16_192_64_0p5_0p02_0040_0001.uasset" 6315
"../../../Engine/Content/EngineMaterials/Substrate/GLints/dict_16_192_64_0p5_0p02_0040_0000.uasset" 6316
"../../../Engine/Content/EngineMaterials/Substrate/GLints/dict_16_192_64_0p5_0p02_0040_0005.uasset" 6317
"../../../Engine/Content/EngineMaterials/Substrate/GLints/dict_16_192_64_0p5_0p02_0040_0004.uasset" 6318
"/Engine/EngineMaterials/Substrate/GLints/dict_16_192_64_0p5_0p02_0040_0000" 6319
"../../../Engine/Content/EngineMaterials/Substrate/GLints/dict_16_192_64_0p5_0p02_0040_0008.uasset" 6320
"../../../Engine/Content/EngineMaterials/Substrate/GLints/dict_16_192_64_0p5_0p02_0040_0006.uasset" 6321
"../../../Engine/Content/EngineMaterials/Substrate/GLints/dict_16_192_64_0p5_0p02_0040_0009.uasset" 6322
"/Engine/EngineMaterials/Substrate/GLints/dict_16_192_64_0p5_0p02_0040_0003" 6323
"/Engine/EngineMaterials/Substrate/GLints/dict_16_192_64_0p5_0p02_0040_0002" 6324
"/Engine/EngineMaterials/Substrate/GLints/dict_16_192_64_0p5_0p02_0040_0001" 6325
"/Engine/EngineMaterials/Substrate/GLints/dict_16_192_64_0p5_0p02_0040_0008" 6326
"../../../Engine/Content/EngineMaterials/Substrate/GLints/dict_16_192_64_0p5_0p02_0040_0007.uasset" 6327
"/Engine/EngineMaterials/Substrate/GLints/dict_16_192_64_0p5_0p02_0040_0005" 6328
"/Engine/EngineMaterials/Substrate/GLints/dict_16_192_64_0p5_0p02_0040_0004" 6329
"/Engine/EngineMaterials/Substrate/GLints/dict_16_192_64_0p5_0p02_0040_0009" 6330
"/Engine/EngineMaterials/Substrate/GLints/dict_16_192_64_0p5_0p02_0040_0007" 6331
"../../../Engine/Content/EngineMaterials/Substrate/GLints/dict_16_192_64_0p5_0p02_0040_0012.uasset" 6332
"../../../Engine/Content/EngineMaterials/Substrate/GLints/dict_16_192_64_0p5_0p02_0040_0013.uasset" 6333
"../../../Engine/Content/EngineMaterials/Substrate/GLints/dict_16_192_64_0p5_0p02_0040_0011.uasset" 6334
"../../../Engine/Content/EngineMaterials/Substrate/GLints/dict_16_192_64_0p5_0p02_0040_0014.uasset" 6335
"/Engine/EngineMaterials/Substrate/GLints/dict_16_192_64_0p5_0p02_0040_0014" 6336
"/Engine/EngineMaterials/Substrate/GLints/dict_16_192_64_0p5_0p02_0040_0013" 6337
"/Engine/EngineMaterials/Substrate/GLints/dict_16_192_64_0p5_0p02_0040_0006" 6338
"../../../Engine/Content/EngineMaterials/Substrate/GLints/dict_16_192_64_0p5_0p02_0040_0015.uasset" 6339
"../../../Engine/Content/EngineMaterials/Substrate/GLints/dict_16_192_64_0p5_0p02_0040_0010.uasset" 6340
"/Engine/EngineMaterials/Substrate/GLints/dict_16_192_64_0p5_0p02_0040_0012" 6341
"/Engine/EngineMaterials/Substrate/GLints/dict_16_192_64_0p5_0p02_0040_0011" 6342
"../../../Engine/Content/EngineMaterials/Substrate/GLints/dict_16_192_64_0p5_0p02_0041_0001.uasset" 6343
"../../../Engine/Content/EngineMaterials/Substrate/GLints/dict_16_192_64_0p5_0p02_0041_0000.uasset" 6344
"../../../Engine/Content/EngineMaterials/Substrate/GLints/dict_16_192_64_0p5_0p02_0041_0003.uasset" 6345
"../../../Engine/Content/EngineMaterials/Substrate/GLints/dict_16_192_64_0p5_0p02_0036_0002.uasset" 6346
"/Engine/EngineMaterials/Substrate/GLints/dict_16_192_64_0p5_0p02_0041_0001" 6347
"../../../Engine/Content/EngineMaterials/Substrate/GLints/dict_16_192_64_0p5_0p02_0041_0002.uasset" 6348
"/Engine/EngineMaterials/Substrate/GLints/dict_16_192_64_0p5_0p02_0041_0000" 6349
"/Engine/EngineMaterials/Substrate/GLints/dict_16_192_64_0p5_0p02_0040_0015" 6350
"/Engine/EngineMaterials/Substrate/GLints/dict_16_192_64_0p5_0p02_0041_0003" 6351
"/Engine/EngineMaterials/Substrate/GLints/dict_16_192_64_0p5_0p02_0040_0010" 6352
"../../../Engine/Content/EngineMaterials/Substrate/GLints/dict_16_192_64_0p5_0p02_0036_0010.uasset" 6353
"/Engine/EngineMaterials/Substrate/GLints/dict_16_192_64_0p5_0p02_0036_0002" 6354
"/Engine/EngineMaterials/Substrate/GLints/dict_16_192_64_0p5_0p02_0036_0010" 6355
"/Engine/EngineMaterials/Substrate/GLints/dict_16_192_64_0p5_0p02_0041_0002" 6356
"../../../Engine/Content/EngineMaterials/Substrate/GLints/dict_16_192_64_0p5_0p02_0037_0012.uasset" 6357
"../../../Engine/Content/EngineMaterials/Substrate/GLints/dict_16_192_64_0p5_0p02_0041_0006.uasset" 6358
"../../../Engine/Content/EngineMaterials/Substrate/GLints/dict_16_192_64_0p5_0p02_0041_0005.uasset" 6359
"../../../Engine/Content/EngineMaterials/Substrate/GLints/dict_16_192_64_0p5_0p02_0041_0004.uasset" 6360
"../../../Engine/Content/EngineMaterials/Substrate/GLints/dict_16_192_64_0p5_0p02_0041_0007.uasset" 6361
"../../../Engine/Content/EngineMaterials/Substrate/GLints/dict_16_192_64_0p5_0p02_0041_0011.uasset" 6362
"/Engine/EngineMaterials/Substrate/GLints/dict_16_192_64_0p5_0p02_0041_0004" 6363
"/Engine/EngineMaterials/Substrate/GLints/dict_16_192_64_0p5_0p02_0041_0011" 6364
"/Engine/EngineMaterials/Substrate/GLints/dict_16_192_64_0p5_0p02_0041_0007" 6365
"/Engine/EngineMaterials/Substrate/GLints/dict_16_192_64_0p5_0p02_0041_0006" 6366
"/Engine/EngineMaterials/Substrate/GLints/dict_16_192_64_0p5_0p02_0041_0005" 6367
"/Engine/EngineMaterials/Substrate/GLints/dict_16_192_64_0p5_0p02_0037_0012" 6368
"../../../Engine/Content/EngineMaterials/Substrate/GLints/dict_16_192_64_0p5_0p02_0041_0014.uasset" 6369
"../../../Engine/Content/EngineMaterials/Substrate/GLints/dict_16_192_64_0p5_0p02_0041_0013.uasset" 6370
"/Engine/EngineMaterials/Substrate/GLints/dict_16_192_64_0p5_0p02_0041_0014" 6371
"/Engine/EngineMaterials/Substrate/GLints/dict_16_192_64_0p5_0p02_0041_0013" 6372
"../../../Engine/Content/EngineMaterials/Substrate/GLints/dict_16_192_64_0p5_0p02_0034_0006.uasset" 6373
"../../../Engine/Content/EngineMaterials/Substrate/GLints/dict_16_192_64_0p5_0p02_0034_0012.uasset" 6374
"/Engine/EngineMaterials/Substrate/GLints/dict_16_192_64_0p5_0p02_0034_0012" 6375
"/Engine/EngineMaterials/Substrate/GLints/dict_16_192_64_0p5_0p02_0034_0006" 6376
"../../../Engine/Content/EngineMaterials/Substrate/GLints/dict_16_192_64_0p5_0p02_0038_0006.uasset" 6377
"/Engine/EngineMaterials/Substrate/GLints/dict_16_192_64_0p5_0p02_0038_0006" 6378
"../../../Engine/Content/EngineMaterials/Substrate/GLints/dict_16_192_64_0p5_0p02_0035_0014.uasset" 6379
"../../../Engine/Content/EngineMaterials/Substrate/GLints/dict_16_192_64_0p5_0p02_0042_0006.uasset" 6380
"../../../Engine/Content/EngineMaterials/Substrate/GLints/dict_16_192_64_0p5_0p02_0042_0004.uasset" 6381
"../../../Engine/Content/EngineMaterials/Substrate/GLints/dict_16_192_64_0p5_0p02_0042_0007.uasset" 6382
"../../../Engine/Content/EngineMaterials/Substrate/GLints/dict_16_192_64_0p5_0p02_0041_0008.uasset" 6383
"../../../Engine/Content/EngineMaterials/Substrate/GLints/dict_16_192_64_0p5_0p02_0042_0005.uasset" 6384
"../../../Engine/Content/EngineMaterials/Substrate/GLints/dict_16_192_64_0p5_0p02_0041_0015.uasset" 6385
"../../../Engine/Content/EngineMaterials/Substrate/GLints/dict_16_192_64_0p5_0p02_0041_0010.uasset" 6386
"/Engine/EngineMaterials/Substrate/GLints/dict_16_192_64_0p5_0p02_0042_0007" 6387
"../../../Engine/Content/EngineMaterials/Substrate/GLints/dict_16_192_64_0p5_0p02_0042_0002.uasset" 6388
"../../../Engine/Content/EngineMaterials/Substrate/GLints/dict_16_192_64_0p5_0p02_0042_0000.uasset" 6389
"../../../Engine/Content/EngineMaterials/Substrate/GLints/dict_16_192_64_0p5_0p02_0042_0001.uasset" 6390
"/Engine/EngineMaterials/Substrate/GLints/dict_16_192_64_0p5_0p02_0042_0006" 6391
"/Engine/EngineMaterials/Substrate/GLints/dict_16_192_64_0p5_0p02_0035_0014" 6392
"/Engine/EngineMaterials/Substrate/GLints/dict_16_192_64_0p5_0p02_0042_0004" 6393
"/Engine/EngineMaterials/Substrate/GLints/dict_16_192_64_0p5_0p02_0041_0008" 6394
"../../../Engine/Content/EngineMaterials/Substrate/GLints/dict_16_192_64_0p5_0p02_0042_0003.uasset" 6395
"/Engine/EngineMaterials/Substrate/GLints/dict_16_192_64_0p5_0p02_0042_0005" 6396
"/Engine/EngineMaterials/Substrate/GLints/dict_16_192_64_0p5_0p02_0042_0002" 6397
"/Engine/EngineMaterials/Substrate/GLints/dict_16_192_64_0p5_0p02_0042_0001" 6398
"/Engine/EngineMaterials/Substrate/GLints/dict_16_192_64_0p5_0p02_0042_0000" 6399
"/Engine/EngineMaterials/Substrate/GLints/dict_16_192_64_0p5_0p02_0041_0010" 6400
"/Engine/EngineMaterials/Substrate/GLints/dict_16_192_64_0p5_0p02_0041_0015" 6401
"/Engine/EngineMaterials/Substrate/GLints/dict_16_192_64_0p5_0p02_0042_0003" 6402
"../../../Engine/Content/EngineMaterials/Substrate/GLints/dict_16_192_64_0p5_0p02_0038_0008.uasset" 6403
"../../../Engine/Content/EngineMaterials/Substrate/GLints/dict_16_192_64_0p5_0p02_0036_0009.uasset" 6404
"../../../Engine/Content/EngineMaterials/Substrate/GLints/dict_16_192_64_0p5_0p02_0042_0011.uasset" 6405
"../../../Engine/Content/EngineMaterials/Substrate/GLints/dict_16_192_64_0p5_0p02_0043_0001.uasset" 6406
"../../../Engine/Content/EngineMaterials/Substrate/GLints/dict_16_192_64_0p5_0p02_0042_0008.uasset" 6407
"../../../Engine/Content/EngineMaterials/Substrate/GLints/dict_16_192_64_0p5_0p02_0042_0010.uasset" 6408
"../../../Engine/Content/EngineMaterials/Substrate/GLints/dict_16_192_64_0p5_0p02_0042_0009.uasset" 6409
"../../../Engine/Content/EngineMaterials/Substrate/GLints/dict_16_192_64_0p5_0p02_0042_0015.uasset" 6410
"../../../Engine/Content/EngineMaterials/Substrate/GLints/dict_16_192_64_0p5_0p02_0043_0000.uasset" 6411
"../../../Engine/Content/EngineMaterials/Substrate/GLints/dict_16_192_64_0p5_0p02_0042_0012.uasset" 6412
"../../../Engine/Content/EngineMaterials/Substrate/GLints/dict_16_192_64_0p5_0p02_0042_0013.uasset" 6413
"../../../Engine/Content/EngineMaterials/Substrate/GLints/dict_16_192_64_0p5_0p02_0042_0014.uasset" 6414
"/Engine/EngineMaterials/Substrate/GLints/dict_16_192_64_0p5_0p02_0042_0010" 6415
"/Engine/EngineMaterials/Substrate/GLints/dict_16_192_64_0p5_0p02_0043_0000" 6416
"../../../Engine/Content/EngineMaterials/Substrate/GLints/dict_16_192_64_0p5_0p02_0043_0008.uasset" 6417
"../../../Engine/Content/EngineMaterials/Substrate/GLints/dict_16_192_64_0p5_0p02_0043_0007.uasset" 6418
"../../../Engine/Content/EngineMaterials/Substrate/GLints/dict_16_192_64_0p5_0p02_0043_0009.uasset" 6419
"../../../Engine/Content/EngineMaterials/Substrate/GLints/dict_16_192_64_0p5_0p02_0043_0003.uasset" 6420
"/Engine/EngineMaterials/Substrate/GLints/dict_16_192_64_0p5_0p02_0042_0015" 6421
"/Engine/EngineMaterials/Substrate/GLints/dict_16_192_64_0p5_0p02_0042_0014" 6422
"/Engine/EngineMaterials/Substrate/GLints/dict_16_192_64_0p5_0p02_0042_0013" 6423
"/Engine/EngineMaterials/Substrate/GLints/dict_16_192_64_0p5_0p02_0042_0009" 6424
"../../../Engine/Content/EngineMaterials/Substrate/GLints/dict_16_192_64_0p5_0p02_0043_0006.uasset" 6425
"/Engine/EngineMaterials/Substrate/GLints/dict_16_192_64_0p5_0p02_0042_0012" 6426
"/Engine/EngineMaterials/Substrate/GLints/dict_16_192_64_0p5_0p02_0043_0001" 6427
"/Engine/EngineMaterials/Substrate/GLints/dict_16_192_64_0p5_0p02_0038_0008" 6428
"/Engine/EngineMaterials/Substrate/GLints/dict_16_192_64_0p5_0p02_0042_0011" 6429
"/Engine/EngineMaterials/Substrate/GLints/dict_16_192_64_0p5_0p02_0042_0008" 6430
"/Engine/EngineMaterials/Substrate/GLints/dict_16_192_64_0p5_0p02_0036_0009" 6431
"/Engine/EngineMaterials/Substrate/GLints/dict_16_192_64_0p5_0p02_0043_0009" 6432
"/Engine/EngineMaterials/Substrate/GLints/dict_16_192_64_0p5_0p02_0043_0008" 6433
"/Engine/EngineMaterials/Substrate/GLints/dict_16_192_64_0p5_0p02_0043_0003" 6434
"/Engine/EngineMaterials/Substrate/GLints/dict_16_192_64_0p5_0p02_0043_0007" 6435
"/Engine/EngineMaterials/Substrate/GLints/dict_16_192_64_0p5_0p02_0043_0006" 6436
"../../../Engine/Content/EngineMaterials/Substrate/GLints/dict_16_192_64_0p5_0p02_0043_0014.uasset" 6437
"../../../Engine/Content/EngineMaterials/Substrate/GLints/dict_16_192_64_0p5_0p02_0043_0011.uasset" 6438
"../../../Engine/Content/EngineMaterials/Substrate/GLints/dict_16_192_64_0p5_0p02_0044_0001.uasset" 6439
"../../../Engine/Content/EngineMaterials/Substrate/GLints/dict_16_192_64_0p5_0p02_0043_0015.uasset" 6440
"../../../Engine/Content/EngineMaterials/Substrate/GLints/dict_16_192_64_0p5_0p02_0043_0013.uasset" 6441
"../../../Engine/Content/EngineMaterials/Substrate/GLints/dict_16_192_64_0p5_0p02_0044_0002.uasset" 6442
"../../../Engine/Content/EngineMaterials/Substrate/GLints/dict_16_192_64_0p5_0p02_0044_0003.uasset" 6443
"../../../Engine/Content/EngineMaterials/Substrate/GLints/dict_16_192_64_0p5_0p02_0044_0000.uasset" 6444
"/Engine/EngineMaterials/Substrate/GLints/dict_16_192_64_0p5_0p02_0044_0000" 6445
"/Engine/EngineMaterials/Substrate/GLints/dict_16_192_64_0p5_0p02_0043_0015" 6446
"/Engine/EngineMaterials/Substrate/GLints/dict_16_192_64_0p5_0p02_0043_0014" 6447
"/Engine/EngineMaterials/Substrate/GLints/dict_16_192_64_0p5_0p02_0043_0013" 6448
"/Engine/EngineMaterials/Substrate/GLints/dict_16_192_64_0p5_0p02_0043_0011" 6449
"/Engine/EngineMaterials/Substrate/GLints/dict_16_192_64_0p5_0p02_0044_0001" 6450
"/Engine/EngineMaterials/Substrate/GLints/dict_16_192_64_0p5_0p02_0044_0003" 6451
"/Engine/EngineMaterials/Substrate/GLints/dict_16_192_64_0p5_0p02_0044_0002" 6452
"../../../Engine/Content/EngineMaterials/Substrate/GLints/dict_16_192_64_0p5_0p02_0038_0005.uasset" 6453
"/Engine/EngineMaterials/Substrate/GLints/dict_16_192_64_0p5_0p02_0038_0005" 6454
"../../../Engine/Content/EngineMaterials/Substrate/GLints/dict_16_192_64_0p5_0p02_0044_0005.uasset" 6455
"../../../Engine/Content/EngineMaterials/Substrate/GLints/dict_16_192_64_0p5_0p02_0044_0009.uasset" 6456
"../../../Engine/Content/EngineMaterials/Substrate/GLints/dict_16_192_64_0p5_0p02_0044_0004.uasset" 6457
"../../../Engine/Content/EngineMaterials/Substrate/GLints/dict_16_192_64_0p5_0p02_0035_0002.uasset" 6458
"/Engine/EngineMaterials/Substrate/GLints/dict_16_192_64_0p5_0p02_0044_0009" 6459
"/Engine/EngineMaterials/Substrate/GLints/dict_16_192_64_0p5_0p02_0035_0002" 6460
"/Engine/EngineMaterials/Substrate/GLints/dict_16_192_64_0p5_0p02_0044_0005" 6461
"/Engine/EngineMaterials/Substrate/GLints/dict_16_192_64_0p5_0p02_0044_0004" 6462
"../../../Engine/Content/EngineMaterials/Substrate/GLints/dict_16_192_64_0p5_0p02_0044_0014.uasset" 6463
"../../../Engine/Content/EngineMaterials/Substrate/GLints/dict_16_192_64_0p5_0p02_0044_0011.uasset" 6464
"../../../Engine/Content/EngineMaterials/Substrate/GLints/dict_16_192_64_0p5_0p02_0044_0013.uasset" 6465
"../../../Engine/Content/EngineMaterials/Substrate/GLints/dict_16_192_64_0p5_0p02_0044_0015.uasset" 6466
"/Engine/EngineMaterials/Substrate/GLints/dict_16_192_64_0p5_0p02_0044_0013" 6467
"../../../Engine/Content/EngineMaterials/Substrate/GLints/dict_16_192_64_0p5_0p02_0044_0006.uasset" 6468
"/Engine/EngineMaterials/Substrate/GLints/dict_16_192_64_0p5_0p02_0044_0015" 6469
"/Engine/EngineMaterials/Substrate/GLints/dict_16_192_64_0p5_0p02_0044_0011" 6470
"/Engine/EngineMaterials/Substrate/GLints/dict_16_192_64_0p5_0p02_0044_0014" 6471
"/Engine/EngineMaterials/Substrate/GLints/dict_16_192_64_0p5_0p02_0044_0006" 6472
"../../../Engine/Content/EngineMaterials/Substrate/GLints/dict_16_192_64_0p5_0p02_0045_0003.uasset" 6473
"../../../Engine/Content/EngineMaterials/Substrate/GLints/dict_16_192_64_0p5_0p02_0045_0002.uasset" 6474
"../../../Engine/Content/EngineMaterials/Substrate/GLints/dict_16_192_64_0p5_0p02_0044_0007.uasset" 6475
"../../../Engine/Content/EngineMaterials/Substrate/GLints/dict_16_192_64_0p5_0p02_0045_0001.uasset" 6476
"../../../Engine/Content/EngineMaterials/Substrate/GLints/dict_16_192_64_0p5_0p02_0045_0004.uasset" 6477
"../../../Engine/Content/EngineMaterials/Substrate/GLints/dict_16_192_64_0p5_0p02_0045_0006.uasset" 6478
"../../../Engine/Content/EngineMaterials/Substrate/GLints/dict_16_192_64_0p5_0p02_0043_0012.uasset" 6479
"../../../Engine/Content/EngineMaterials/Substrate/GLints/dict_16_192_64_0p5_0p02_0045_0007.uasset" 6480
"/Engine/EngineMaterials/Substrate/GLints/dict_16_192_64_0p5_0p02_0045_0002" 6481
"/Engine/EngineMaterials/Substrate/GLints/dict_16_192_64_0p5_0p02_0045_0001" 6482
"/Engine/EngineMaterials/Substrate/GLints/dict_16_192_64_0p5_0p02_0045_0007" 6483
"/Engine/EngineMaterials/Substrate/GLints/dict_16_192_64_0p5_0p02_0043_0012" 6484
"/Engine/EngineMaterials/Substrate/GLints/dict_16_192_64_0p5_0p02_0045_0006" 6485
"/Engine/EngineMaterials/Substrate/GLints/dict_16_192_64_0p5_0p02_0044_0007" 6486
"/Engine/EngineMaterials/Substrate/GLints/dict_16_192_64_0p5_0p02_0045_0004" 6487
"/Engine/EngineMaterials/Substrate/GLints/dict_16_192_64_0p5_0p02_0045_0003" 6488
"../../../Engine/Content/EngineMaterials/Substrate/GLints/dict_16_192_64_0p5_0p02_0045_0011.uasset" 6489
"../../../Engine/Content/EngineMaterials/Substrate/GLints/dict_16_192_64_0p5_0p02_0045_0010.uasset" 6490
"../../../Engine/Content/EngineMaterials/Substrate/GLints/dict_16_192_64_0p5_0p02_0045_0009.uasset" 6491
"../../../Engine/Content/EngineMaterials/Substrate/GLints/dict_16_192_64_0p5_0p02_0044_0008.uasset" 6492
"../../../Engine/Content/EngineMaterials/Substrate/GLints/dict_16_192_64_0p5_0p02_0045_0008.uasset" 6493
"../../../Engine/Content/EngineMaterials/Substrate/GLints/dict_16_192_64_0p5_0p02_0045_0013.uasset" 6494
"../../../Engine/Content/EngineMaterials/Substrate/GLints/dict_16_192_64_0p5_0p02_0045_0014.uasset" 6495
"../../../Engine/Content/EngineMaterials/Substrate/GLints/dict_16_192_64_0p5_0p02_0045_0000.uasset" 6496
"/Engine/EngineMaterials/Substrate/GLints/dict_16_192_64_0p5_0p02_0045_0011" 6497
"../../../Engine/Content/EngineMaterials/Substrate/GLints/dict_16_192_64_0p5_0p02_0045_0012.uasset" 6498
"/Engine/EngineMaterials/Substrate/GLints/dict_16_192_64_0p5_0p02_0045_0010" 6499
"/Engine/EngineMaterials/Substrate/GLints/dict_16_192_64_0p5_0p02_0045_0000" 6500
"/Engine/EngineMaterials/Substrate/GLints/dict_16_192_64_0p5_0p02_0045_0009" 6501
"/Engine/EngineMaterials/Substrate/GLints/dict_16_192_64_0p5_0p02_0045_0008" 6502
"/Engine/EngineMaterials/Substrate/GLints/dict_16_192_64_0p5_0p02_0044_0008" 6503
"/Engine/EngineMaterials/Substrate/GLints/dict_16_192_64_0p5_0p02_0045_0014" 6504
"/Engine/EngineMaterials/Substrate/GLints/dict_16_192_64_0p5_0p02_0045_0013" 6505
"/Engine/EngineMaterials/Substrate/GLints/dict_16_192_64_0p5_0p02_0045_0012" 6506
"../../../Engine/Content/EngineMaterials/Substrate/GLints/dict_16_192_64_0p5_0p02_0045_0015.uasset" 6507
"../../../Engine/Content/EngineMaterials/Substrate/GLints/dict_16_192_64_0p5_0p02_0046_0003.uasset" 6508
"../../../Engine/Content/EngineMaterials/Substrate/GLints/dict_16_192_64_0p5_0p02_0046_0004.uasset" 6509
"../../../Engine/Content/EngineMaterials/Substrate/GLints/dict_16_192_64_0p5_0p02_0046_0000.uasset" 6510
"../../../Engine/Content/EngineMaterials/Substrate/GLints/dict_16_192_64_0p5_0p02_0041_0012.uasset" 6511
"../../../Engine/Content/EngineMaterials/Substrate/GLints/dict_16_192_64_0p5_0p02_0046_0002.uasset" 6512
"../../../Engine/Content/EngineMaterials/Substrate/GLints/dict_16_192_64_0p5_0p02_0046_0005.uasset" 6513
"../../../Engine/Content/EngineMaterials/Substrate/GLints/dict_16_192_64_0p5_0p02_0046_0001.uasset" 6514
"../../../Engine/Content/EngineMaterials/Substrate/GLints/dict_16_192_64_0p5_0p02_0043_0004.uasset" 6515
"/Engine/EngineMaterials/Substrate/GLints/dict_16_192_64_0p5_0p02_0046_0003" 6516
"/Engine/EngineMaterials/Substrate/GLints/dict_16_192_64_0p5_0p02_0043_0004" 6517
"/Engine/EngineMaterials/Substrate/GLints/dict_16_192_64_0p5_0p02_0046_0002" 6518
"/Engine/EngineMaterials/Substrate/GLints/dict_16_192_64_0p5_0p02_0041_0012" 6519
"/Engine/EngineMaterials/Substrate/GLints/dict_16_192_64_0p5_0p02_0046_0001" 6520
"/Engine/EngineMaterials/Substrate/GLints/dict_16_192_64_0p5_0p02_0046_0000" 6521
"/Engine/EngineMaterials/Substrate/GLints/dict_16_192_64_0p5_0p02_0045_0015" 6522
"/Engine/EngineMaterials/Substrate/GLints/dict_16_192_64_0p5_0p02_0046_0004" 6523
"/Engine/EngineMaterials/Substrate/GLints/dict_16_192_64_0p5_0p02_0046_0005" 6524
"../../../Engine/Content/EngineMaterials/Substrate/GLints/dict_16_192_64_0p5_0p02_0043_0002.uasset" 6525
"/Engine/EngineMaterials/Substrate/GLints/dict_16_192_64_0p5_0p02_0043_0002" 6526
"../../../Engine/Content/EngineMaterials/Substrate/GLints/dict_16_192_64_0p5_0p02_0044_0012.uasset" 6527
"/Engine/EngineMaterials/Substrate/GLints/dict_16_192_64_0p5_0p02_0044_0012" 6528
"../../../Engine/Content/EngineMaterials/Substrate/GLints/dict_16_192_64_0p5_0p02_0046_0007.uasset" 6529
"../../../Engine/Content/EngineMaterials/Substrate/GLints/dict_16_192_64_0p5_0p02_0046_0011.uasset" 6530
"../../../Engine/Content/EngineMaterials/Substrate/GLints/dict_16_192_64_0p5_0p02_0046_0010.uasset" 6531
"../../../Engine/Content/EngineMaterials/Substrate/GLints/dict_16_192_64_0p5_0p02_0046_0009.uasset" 6532
"../../../Engine/Content/EngineMaterials/Substrate/GLints/dict_16_192_64_0p5_0p02_0046_0008.uasset" 6533
"../../../Engine/Content/EngineMaterials/Substrate/GLints/dict_16_192_64_0p5_0p02_0046_0013.uasset" 6534
"../../../Engine/Content/EngineMaterials/Substrate/GLints/dict_16_192_64_0p5_0p02_0046_0014.uasset" 6535
"/Engine/EngineMaterials/Substrate/GLints/dict_16_192_64_0p5_0p02_0046_0011" 6536
"/Engine/EngineMaterials/Substrate/GLints/dict_16_192_64_0p5_0p02_0046_0010" 6537
"../../../Engine/Content/EngineMaterials/Substrate/GLints/dict_16_192_64_0p5_0p02_0047_0005.uasset" 6538
"/Engine/EngineMaterials/Substrate/GLints/dict_16_192_64_0p5_0p02_0046_0009" 6539
"../../../Engine/Content/EngineMaterials/Substrate/GLints/dict_16_192_64_0p5_0p02_0047_0004.uasset" 6540
"/Engine/EngineMaterials/Substrate/GLints/dict_16_192_64_0p5_0p02_0046_0008" 6541
"/Engine/EngineMaterials/Substrate/GLints/dict_16_192_64_0p5_0p02_0046_0007" 6542
"/Engine/EngineMaterials/Substrate/GLints/dict_16_192_64_0p5_0p02_0046_0013" 6543
"../../../Engine/Content/EngineMaterials/Substrate/GLints/dict_16_192_64_0p5_0p02_0047_0003.uasset" 6544
"/Engine/EngineMaterials/Substrate/GLints/dict_16_192_64_0p5_0p02_0047_0004" 6545
"../../../Engine/Content/EngineMaterials/Substrate/GLints/dict_16_192_64_0p5_0p02_0044_0010.uasset" 6546
"/Engine/EngineMaterials/Substrate/GLints/dict_16_192_64_0p5_0p02_0047_0003" 6547
"/Engine/EngineMaterials/Substrate/GLints/dict_16_192_64_0p5_0p02_0046_0014" 6548
"/Engine/EngineMaterials/Substrate/GLints/dict_16_192_64_0p5_0p02_0047_0005" 6549
"/Engine/EngineMaterials/Substrate/GLints/dict_16_192_64_0p5_0p02_0044_0010" 6550
"../../../Engine/Content/EngineMaterials/Substrate/GLints/dict_16_192_64_0p5_0p02_0043_0005.uasset" 6551
"../../../Engine/Content/EngineMaterials/Substrate/GLints/dict_16_192_64_0p5_0p02_0047_0007.uasset" 6552
"/Engine/EngineMaterials/Substrate/GLints/dict_16_192_64_0p5_0p02_0043_0005" 6553
"/Engine/EngineMaterials/Substrate/GLints/dict_16_192_64_0p5_0p02_0047_0007" 6554
"../../../Engine/Content/EngineMaterials/Substrate/GLints/dict_16_192_64_0p5_0p02_0041_0009.uasset" 6555
"../../../Engine/Content/EngineMaterials/Substrate/GLints/dict_16_192_64_0p5_0p02_0046_0006.uasset" 6556
"../../../Engine/Content/EngineMaterials/Substrate/GLints/dict_16_192_64_0p5_0p02_0046_0015.uasset" 6557
"/Engine/EngineMaterials/Substrate/GLints/dict_16_192_64_0p5_0p02_0046_0015" 6558
"/Engine/EngineMaterials/Substrate/GLints/dict_16_192_64_0p5_0p02_0041_0009" 6559
"/Engine/EngineMaterials/Substrate/GLints/dict_16_192_64_0p5_0p02_0046_0006" 6560
"../../../Engine/Content/EngineMaterials/Substrate/GLints/dict_16_192_64_0p5_0p02_0043_0010.uasset" 6561
"../../../Engine/Content/EngineMaterials/Substrate/GLints/dict_16_192_64_0p5_0p02_0047_0011.uasset" 6562
"../../../Engine/Content/EngineMaterials/Substrate/GLints/dict_16_192_64_0p5_0p02_0047_0015.uasset" 6563
"../../../Engine/Content/EngineMaterials/Substrate/GLints/dict_16_192_64_0p5_0p02_0048_0000.uasset" 6564
"../../../Engine/Content/EngineMaterials/Substrate/GLints/dict_16_192_64_0p5_0p02_0047_0012.uasset" 6565
"../../../Engine/Content/EngineMaterials/Substrate/GLints/dict_16_192_64_0p5_0p02_0047_0010.uasset" 6566
"../../../Engine/Content/EngineMaterials/Substrate/GLints/dict_16_192_64_0p5_0p02_0048_0007.uasset" 6567
"../../../Engine/Content/EngineMaterials/Substrate/GLints/dict_16_192_64_0p5_0p02_0048_0004.uasset" 6568
"../../../Engine/Content/EngineMaterials/Substrate/GLints/dict_16_192_64_0p5_0p02_0048_0006.uasset" 6569
"../../../Engine/Content/EngineMaterials/Substrate/GLints/dict_16_192_64_0p5_0p02_0048_0005.uasset" 6570
"/Engine/EngineMaterials/Substrate/GLints/dict_16_192_64_0p5_0p02_0048_0000" 6571
"/Engine/EngineMaterials/Substrate/GLints/dict_16_192_64_0p5_0p02_0048_0006" 6572
"/Engine/EngineMaterials/Substrate/GLints/dict_16_192_64_0p5_0p02_0047_0012" 6573
"/Engine/EngineMaterials/Substrate/GLints/dict_16_192_64_0p5_0p02_0048_0005" 6574
"/Engine/EngineMaterials/Substrate/GLints/dict_16_192_64_0p5_0p02_0047_0011" 6575
"/Engine/EngineMaterials/Substrate/GLints/dict_16_192_64_0p5_0p02_0048_0004" 6576
"/Engine/EngineMaterials/Substrate/GLints/dict_16_192_64_0p5_0p02_0047_0010" 6577
"/Engine/EngineMaterials/Substrate/GLints/dict_16_192_64_0p5_0p02_0043_0010" 6578
"/Engine/EngineMaterials/Substrate/GLints/dict_16_192_64_0p5_0p02_0047_0015" 6579
"/Engine/EngineMaterials/Substrate/GLints/dict_16_192_64_0p5_0p02_0048_0007" 6580
"../../../Engine/Content/EngineMaterials/Substrate/GLints/dict_16_192_64_0p5_0p02_0045_0005.uasset" 6581
"/Engine/EngineMaterials/Substrate/GLints/dict_16_192_64_0p5_0p02_0045_0005" 6582
"../../../Engine/Content/EngineMaterials/Substrate/GLints/dict_16_192_64_0p5_0p02_0047_0002.uasset" 6583
"/Engine/EngineMaterials/Substrate/GLints/dict_16_192_64_0p5_0p02_0047_0002" 6584
"../../../Engine/Content/EngineMaterials/Substrate/GLints/dict_16_192_64_0p5_0p02_0048_0011.uasset" 6585
"../../../Engine/Content/EngineMaterials/Substrate/GLints/dict_16_192_64_0p5_0p02_0048_0010.uasset" 6586
"../../../Engine/Content/EngineMaterials/Substrate/GLints/dict_16_192_64_0p5_0p02_0048_0003.uasset" 6587
"../../../Engine/Content/EngineMaterials/Substrate/GLints/dict_16_192_64_0p5_0p02_0048_0012.uasset" 6588
"../../../Engine/Content/EngineMaterials/Substrate/GLints/dict_16_192_64_0p5_0p02_0048_0009.uasset" 6589
"/Engine/EngineMaterials/Substrate/GLints/dict_16_192_64_0p5_0p02_0048_0010" 6590
"/Engine/EngineMaterials/Substrate/GLints/dict_16_192_64_0p5_0p02_0048_0009" 6591
"../../../Engine/Content/EngineMaterials/Substrate/GLints/dict_16_192_64_0p5_0p02_0049_0001.uasset" 6592
"../../../Engine/Content/EngineMaterials/Substrate/GLints/dict_16_192_64_0p5_0p02_0048_0015.uasset" 6593
"../../../Engine/Content/EngineMaterials/Substrate/GLints/dict_16_192_64_0p5_0p02_0049_0003.uasset" 6594
"../../../Engine/Content/EngineMaterials/Substrate/GLints/dict_16_192_64_0p5_0p02_0049_0000.uasset" 6595
"../../../Engine/Content/EngineMaterials/Substrate/GLints/dict_16_192_64_0p5_0p02_0047_0009.uasset" 6596
"../../../Engine/Content/EngineMaterials/Substrate/GLints/dict_16_192_64_0p5_0p02_0047_0006.uasset" 6597
"../../../Engine/Content/EngineMaterials/Substrate/GLints/dict_16_192_64_0p5_0p02_0047_0014.uasset" 6598
"../../../Engine/Content/EngineMaterials/Substrate/GLints/dict_16_192_64_0p5_0p02_0047_0001.uasset" 6599
"../../../Engine/Content/EngineMaterials/Substrate/GLints/dict_16_192_64_0p5_0p02_0047_0008.uasset" 6600
"../../../Engine/Content/EngineMaterials/Substrate/GLints/dict_16_192_64_0p5_0p02_0048_0008.uasset" 6601
"../../../Engine/Content/EngineMaterials/Substrate/GLints/dict_16_192_64_0p5_0p02_0048_0001.uasset" 6602
"../../../Engine/Content/EngineMaterials/Substrate/GLints/dict_16_192_64_0p5_0p02_0049_0004.uasset" 6603
"../../../Engine/Content/EngineMaterials/Substrate/GLints/dict_16_192_64_0p5_0p02_0049_0005.uasset" 6604
"../../../Engine/Content/EngineMaterials/Substrate/GLints/dict_16_192_64_0p5_0p02_0047_0013.uasset" 6605
"../../../Engine/Content/EngineMaterials/Substrate/GLints/dict_16_192_64_0p5_0p02_0049_0006.uasset" 6606
"/Engine/EngineMaterials/Substrate/GLints/dict_16_192_64_0p5_0p02_0048_0003" 6607
"/Engine/EngineMaterials/Substrate/GLints/dict_16_192_64_0p5_0p02_0048_0011" 6608
"/Engine/EngineMaterials/Substrate/GLints/dict_16_192_64_0p5_0p02_0048_0012" 6609
"/Engine/EngineMaterials/Substrate/GLints/dict_16_192_64_0p5_0p02_0047_0014" 6610
"/Engine/EngineMaterials/Substrate/GLints/dict_16_192_64_0p5_0p02_0047_0013" 6611
"/Engine/EngineMaterials/Substrate/GLints/dict_16_192_64_0p5_0p02_0047_0001" 6612
"/Engine/EngineMaterials/Substrate/GLints/dict_16_192_64_0p5_0p02_0049_0006" 6613
"/Engine/EngineMaterials/Substrate/GLints/dict_16_192_64_0p5_0p02_0049_0005" 6614
"/Engine/EngineMaterials/Substrate/GLints/dict_16_192_64_0p5_0p02_0049_0004" 6615
"/Engine/EngineMaterials/Substrate/GLints/dict_16_192_64_0p5_0p02_0047_0009" 6616
"/Engine/EngineMaterials/Substrate/GLints/dict_16_192_64_0p5_0p02_0047_0008" 6617
"/Engine/EngineMaterials/Substrate/GLints/dict_16_192_64_0p5_0p02_0049_0003" 6618
"/Engine/EngineMaterials/Substrate/GLints/dict_16_192_64_0p5_0p02_0049_0000" 6619
"/Engine/EngineMaterials/Substrate/GLints/dict_16_192_64_0p5_0p02_0048_0008" 6620
"/Engine/EngineMaterials/Substrate/GLints/dict_16_192_64_0p5_0p02_0048_0015" 6621
"/Engine/EngineMaterials/Substrate/GLints/dict_16_192_64_0p5_0p02_0048_0001" 6622
"/Engine/EngineMaterials/Substrate/GLints/dict_16_192_64_0p5_0p02_0049_0001" 6623
"/Engine/EngineMaterials/Substrate/GLints/dict_16_192_64_0p5_0p02_0047_0006" 6624
"../../../Engine/Content/EngineMaterials/Substrate/GLints/dict_16_192_64_0p5_0p02_0049_0008.uasset" 6625
"../../../Engine/Content/EngineMaterials/Substrate/GLints/dict_16_192_64_0p5_0p02_0049_0007.uasset" 6626
"../../../Engine/Content/EngineMaterials/Substrate/GLints/dict_16_192_64_0p5_0p02_0049_0011.uasset" 6627
"../../../Engine/Content/EngineMaterials/Substrate/GLints/dict_16_192_64_0p5_0p02_0046_0012.uasset" 6628
"../../../Engine/Content/EngineMaterials/Substrate/GLints/dict_16_192_64_0p5_0p02_0049_0009.uasset" 6629
"/Engine/EngineMaterials/Substrate/GLints/dict_16_192_64_0p5_0p02_0046_0012" 6630
"/Engine/EngineMaterials/Substrate/GLints/dict_16_192_64_0p5_0p02_0049_0009" 6631
"/Engine/EngineMaterials/Substrate/GLints/dict_16_192_64_0p5_0p02_0049_0008" 6632
"/Engine/EngineMaterials/Substrate/GLints/dict_16_192_64_0p5_0p02_0049_0007" 6633
"/Engine/EngineMaterials/Substrate/GLints/dict_16_192_64_0p5_0p02_0049_0011" 6634
"../../../Engine/Content/EngineMaterials/Substrate/GLints/dict_16_192_64_0p5_0p02_0047_0000.uasset" 6635
"/Engine/EngineMaterials/Substrate/GLints/dict_16_192_64_0p5_0p02_0047_0000" 6636
"../../../Engine/Content/EngineMaterials/Substrate/GLints/dict_16_192_64_0p5_0p02_0048_0002.uasset" 6637
"/Engine/EngineMaterials/Substrate/GLints/dict_16_192_64_0p5_0p02_0048_0002" 6638
"../../../Engine/Content/EngineMaterials/Substrate/GLints/dict_16_192_64_0p5_0p02_0048_0014.uasset" 6639
"/Engine/EngineMaterials/Substrate/GLints/dict_16_192_64_0p5_0p02_0048_0014" 6640
"../../../Engine/Content/EngineMaterials/Substrate/GLints/dict_16_192_64_0p5_0p02_0049_0010.uasset" 6641
"../../../Engine/Content/EngineMaterials/Substrate/GLints/dict_16_192_64_0p5_0p02_0049_0012.uasset" 6642
"../../../Engine/Content/EngineMaterials/Substrate/GLints/dict_16_192_64_0p5_0p02_0049_0013.uasset" 6643
"../../../Engine/Content/EngineMaterials/Substrate/GLints/dict_16_192_64_0p5_0p02_0050_0005.uasset" 6644
"../../../Engine/Content/EngineMaterials/Substrate/GLints/dict_16_192_64_0p5_0p02_0050_0000.uasset" 6645
"../../../Engine/Content/EngineMaterials/Substrate/GLints/dict_16_192_64_0p5_0p02_0049_0015.uasset" 6646
"../../../Engine/Content/EngineMaterials/Substrate/GLints/dict_16_192_64_0p5_0p02_0050_0001.uasset" 6647
"../../../Engine/Content/EngineMaterials/Substrate/GLints/dict_16_192_64_0p5_0p02_0049_0014.uasset" 6648
"/Engine/EngineMaterials/Substrate/GLints/dict_16_192_64_0p5_0p02_0050_0001" 6649
"/Engine/EngineMaterials/Substrate/GLints/dict_16_192_64_0p5_0p02_0050_0000" 6650
"/Engine/EngineMaterials/Substrate/GLints/dict_16_192_64_0p5_0p02_0049_0010" 6651
"/Engine/EngineMaterials/Substrate/GLints/dict_16_192_64_0p5_0p02_0049_0012" 6652
"/Engine/EngineMaterials/Substrate/GLints/dict_16_192_64_0p5_0p02_0049_0015" 6653
"../../../Engine/Content/EngineMaterials/Substrate/GLints/dict_16_192_64_0p5_0p02_0050_0012.uasset" 6654
"../../../Engine/Content/EngineMaterials/Substrate/GLints/dict_16_192_64_0p5_0p02_0050_0009.uasset" 6655
"/Engine/EngineMaterials/Substrate/GLints/dict_16_192_64_0p5_0p02_0049_0014" 6656
"../../../Engine/Content/EngineMaterials/Substrate/GLints/dict_16_192_64_0p5_0p02_0050_0008.uasset" 6657
"/Engine/EngineMaterials/Substrate/GLints/dict_16_192_64_0p5_0p02_0050_0005" 6658
"../../../Engine/Content/EngineMaterials/Substrate/GLints/dict_16_192_64_0p5_0p02_0050_0011.uasset" 6659
"/Engine/EngineMaterials/Substrate/GLints/dict_16_192_64_0p5_0p02_0049_0013" 6660
"../../../Engine/Content/EngineMaterials/Substrate/GLints/dict_16_192_64_0p5_0p02_0050_0010.uasset" 6661
"/Engine/EngineMaterials/Substrate/GLints/dict_16_192_64_0p5_0p02_0050_0012" 6662
"/Engine/EngineMaterials/Substrate/GLints/dict_16_192_64_0p5_0p02_0050_0011" 6663
"/Engine/EngineMaterials/Substrate/GLints/dict_16_192_64_0p5_0p02_0050_0010" 6664
"/Engine/EngineMaterials/Substrate/GLints/dict_16_192_64_0p5_0p02_0050_0009" 6665
"/Engine/EngineMaterials/Substrate/GLints/dict_16_192_64_0p5_0p02_0050_0008" 6666
"../../../Engine/Content/EngineMaterials/Substrate/GLints/dict_16_192_64_0p5_0p02_0049_0002.uasset" 6667
"../../../Engine/Content/EngineMaterials/Substrate/GLints/dict_16_192_64_0p5_0p02_0048_0013.uasset" 6668
"../../../Engine/Content/EngineMaterials/Substrate/GLints/dict_16_192_64_0p5_0p02_0050_0004.uasset" 6669
"../../../Engine/Content/EngineMaterials/Substrate/GLints/dict_16_192_64_0p5_0p02_0050_0013.uasset" 6670
"../../../Engine/Content/EngineMaterials/Substrate/GLints/dict_16_192_64_0p5_0p02_0050_0014.uasset" 6671
"../../../Engine/Content/EngineMaterials/Substrate/GLints/dict_16_192_64_0p5_0p02_0050_0015.uasset" 6672
"../../../Engine/Content/EngineMaterials/Substrate/GLints/dict_16_192_64_0p5_0p02_0051_0001.uasset" 6673
"../../../Engine/Content/EngineMaterials/Substrate/GLints/dict_16_192_64_0p5_0p02_0051_0003.uasset" 6674
"../../../Engine/Content/EngineMaterials/Substrate/GLints/dict_16_192_64_0p5_0p02_0051_0008.uasset" 6675
"../../../Engine/Content/EngineMaterials/Substrate/GLints/dict_16_192_64_0p5_0p02_0051_0005.uasset" 6676
"../../../Engine/Content/EngineMaterials/Substrate/GLints/dict_16_192_64_0p5_0p02_0051_0002.uasset" 6677
"../../../Engine/Content/EngineMaterials/Substrate/GLints/dict_16_192_64_0p5_0p02_0051_0009.uasset" 6678
"../../../Engine/Content/EngineMaterials/Substrate/GLints/dict_16_192_64_0p5_0p02_0051_0000.uasset" 6679
"../../../Engine/Content/EngineMaterials/Substrate/GLints/dict_16_192_64_0p5_0p02_0051_0011.uasset" 6680
"../../../Engine/Content/EngineMaterials/Substrate/GLints/dict_16_192_64_0p5_0p02_0051_0012.uasset" 6681
"../../../Engine/Content/EngineMaterials/Substrate/GLints/dict_16_192_64_0p5_0p02_0051_0014.uasset" 6682
"../../../Engine/Content/EngineMaterials/Substrate/GLints/dict_16_192_64_0p5_0p02_0051_0010.uasset" 6683
"../../../Engine/Content/EngineMaterials/Substrate/GLints/dict_16_192_64_0p5_0p02_0051_0004.uasset" 6684
"../../../Engine/Content/EngineMaterials/Substrate/GLints/dict_16_192_64_0p5_0p02_0050_0002.uasset" 6685
"../../../Engine/Content/EngineMaterials/Substrate/GLints/dict_16_192_64_0p5_0p02_0052_0003.uasset" 6686
"../../../Engine/Content/EngineMaterials/Substrate/GLints/dict_16_192_64_0p5_0p02_0052_0002.uasset" 6687
"../../../Engine/Content/EngineMaterials/Substrate/GLints/dict_16_192_64_0p5_0p02_0051_0015.uasset" 6688
"../../../Engine/Content/EngineMaterials/Substrate/GLints/dict_16_192_64_0p5_0p02_0052_0004.uasset" 6689
"../../../Engine/Content/EngineMaterials/Substrate/GLints/dict_16_192_64_0p5_0p02_0052_0000.uasset" 6690
"../../../Engine/Content/EngineMaterials/Substrate/GLints/dict_16_192_64_0p5_0p02_0051_0013.uasset" 6691
"../../../Engine/Content/EngineMaterials/Substrate/GLints/dict_16_192_64_0p5_0p02_0052_0005.uasset" 6692
"../../../Engine/Content/EngineMaterials/Substrate/GLints/dict_16_192_64_0p5_0p02_0051_0007.uasset" 6693
"../../../Engine/Content/EngineMaterials/Substrate/GLints/dict_16_192_64_0p5_0p02_0052_0001.uasset" 6694
"../../../Engine/Content/EngineMaterials/Substrate/GLints/dict_16_192_64_0p5_0p02_0050_0007.uasset" 6695
"../../../Engine/Content/EngineMaterials/Substrate/GLints/dict_16_192_64_0p5_0p02_0050_0006.uasset" 6696
"../../../Engine/Content/EngineMaterials/Substrate/GLints/dict_16_192_64_0p5_0p02_0050_0003.uasset" 6697
"../../../Engine/Content/EngineMaterials/Substrate/GLints/dict_16_192_64_0p5_0p02_0051_0006.uasset" 6698
"/Engine/EngineMaterials/Substrate/GLints/dict_16_192_64_0p5_0p02_0048_0013" 6699
"/Engine/EngineMaterials/Substrate/GLints/dict_16_192_64_0p5_0p02_0052_0000" 6700
"/Engine/EngineMaterials/Substrate/GLints/dict_16_192_64_0p5_0p02_0051_0000" 6701
"/Engine/EngineMaterials/Substrate/GLints/dict_16_192_64_0p5_0p02_0051_0015" 6702
"/Engine/EngineMaterials/Substrate/GLints/dict_16_192_64_0p5_0p02_0051_0014" 6703
"/Engine/EngineMaterials/Substrate/GLints/dict_16_192_64_0p5_0p02_0051_0005" 6704
"/Engine/EngineMaterials/Substrate/GLints/dict_16_192_64_0p5_0p02_0050_0015" 6705
"/Engine/EngineMaterials/Substrate/GLints/dict_16_192_64_0p5_0p02_0051_0004" 6706
"/Engine/EngineMaterials/Substrate/GLints/dict_16_192_64_0p5_0p02_0051_0013" 6707
"/Engine/EngineMaterials/Substrate/GLints/dict_16_192_64_0p5_0p02_0050_0014" 6708
"/Engine/EngineMaterials/Substrate/GLints/dict_16_192_64_0p5_0p02_0051_0003" 6709
"/Engine/EngineMaterials/Substrate/GLints/dict_16_192_64_0p5_0p02_0051_0006" 6710
"/Engine/EngineMaterials/Substrate/GLints/dict_16_192_64_0p5_0p02_0051_0002" 6711
"/Engine/EngineMaterials/Substrate/GLints/dict_16_192_64_0p5_0p02_0050_0013" 6712
"/Engine/EngineMaterials/Substrate/GLints/dict_16_192_64_0p5_0p02_0052_0005" 6713
"/Engine/EngineMaterials/Substrate/GLints/dict_16_192_64_0p5_0p02_0052_0004" 6714
"/Engine/EngineMaterials/Substrate/GLints/dict_16_192_64_0p5_0p02_0051_0012" 6715
"/Engine/EngineMaterials/Substrate/GLints/dict_16_192_64_0p5_0p02_0052_0003" 6716
"/Engine/EngineMaterials/Substrate/GLints/dict_16_192_64_0p5_0p02_0051_0011" 6717
"/Engine/EngineMaterials/Substrate/GLints/dict_16_192_64_0p5_0p02_0052_0002" 6718
"/Engine/EngineMaterials/Substrate/GLints/dict_16_192_64_0p5_0p02_0052_0001" 6719
"/Engine/EngineMaterials/Substrate/GLints/dict_16_192_64_0p5_0p02_0049_0002" 6720
"/Engine/EngineMaterials/Substrate/GLints/dict_16_192_64_0p5_0p02_0050_0007" 6721
"/Engine/EngineMaterials/Substrate/GLints/dict_16_192_64_0p5_0p02_0050_0006" 6722
"/Engine/EngineMaterials/Substrate/GLints/dict_16_192_64_0p5_0p02_0051_0007" 6723
"/Engine/EngineMaterials/Substrate/GLints/dict_16_192_64_0p5_0p02_0051_0001" 6724
"/Engine/EngineMaterials/Substrate/GLints/dict_16_192_64_0p5_0p02_0051_0010" 6725
"/Engine/EngineMaterials/Substrate/GLints/dict_16_192_64_0p5_0p02_0051_0009" 6726
"/Engine/EngineMaterials/Substrate/GLints/dict_16_192_64_0p5_0p02_0050_0004" 6727
"/Engine/EngineMaterials/Substrate/GLints/dict_16_192_64_0p5_0p02_0050_0003" 6728
"/Engine/EngineMaterials/Substrate/GLints/dict_16_192_64_0p5_0p02_0051_0008" 6729
"/Engine/EngineMaterials/Substrate/GLints/dict_16_192_64_0p5_0p02_0050_0002" 6730
"../../../Engine/Content/EngineMaterials/Substrate/GLints/dict_16_192_64_0p5_0p02_0052_0006.uasset" 6731
"../../../Engine/Content/EngineMaterials/Substrate/GLints/dict_16_192_64_0p5_0p02_0052_0007.uasset" 6732
"/Engine/EngineMaterials/Substrate/GLints/dict_16_192_64_0p5_0p02_0052_0007" 6733
"/Engine/EngineMaterials/Substrate/GLints/dict_16_192_64_0p5_0p02_0052_0006" 6734
"../../../Engine/Content/EngineMaterials/Substrate/GLints/dict_16_192_64_0p5_0p02_0052_0008.uasset" 6735
"/Engine/EngineMaterials/Substrate/GLints/dict_16_192_64_0p5_0p02_0052_0008" 6736
"../../../Engine/Content/EngineMaterials/Substrate/GLints/dict_16_192_64_0p5_0p02_0052_0011.uasset" 6737
"../../../Engine/Content/EngineMaterials/Substrate/GLints/dict_16_192_64_0p5_0p02_0052_0009.uasset" 6738
"/Engine/EngineMaterials/Substrate/GLints/dict_16_192_64_0p5_0p02_0052_0011" 6739
"/Engine/EngineMaterials/Substrate/GLints/dict_16_192_64_0p5_0p02_0052_0009" 6740
"../../../Engine/Content/EngineMaterials/Substrate/GLints/dict_16_192_64_0p5_0p02_0053_0001.uasset" 6741
"../../../Engine/Content/EngineMaterials/Substrate/GLints/dict_16_192_64_0p5_0p02_0053_0002.uasset" 6742
"../../../Engine/Content/EngineMaterials/Substrate/GLints/dict_16_192_64_0p5_0p02_0052_0015.uasset" 6743
"../../../Engine/Content/EngineMaterials/Substrate/GLints/dict_16_192_64_0p5_0p02_0052_0013.uasset" 6744
"../../../Engine/Content/EngineMaterials/Substrate/GLints/dict_16_192_64_0p5_0p02_0053_0000.uasset" 6745
"/Engine/EngineMaterials/Substrate/GLints/dict_16_192_64_0p5_0p02_0053_0002" 6746
"/Engine/EngineMaterials/Substrate/GLints/dict_16_192_64_0p5_0p02_0053_0001" 6747
"/Engine/EngineMaterials/Substrate/GLints/dict_16_192_64_0p5_0p02_0053_0000" 6748
"/Engine/EngineMaterials/Substrate/GLints/dict_16_192_64_0p5_0p02_0052_0015" 6749
"/Engine/EngineMaterials/Substrate/GLints/dict_16_192_64_0p5_0p02_0052_0013" 6750
"../../../Engine/Content/EngineMaterials/Substrate/GLints/dict_16_192_64_0p5_0p02_0052_0014.uasset" 6751
"../../../Engine/Content/EngineMaterials/Substrate/GLints/dict_16_192_64_0p5_0p02_0052_0012.uasset" 6752
"../../../Engine/Content/EngineMaterials/Substrate/GLints/dict_16_192_64_0p5_0p02_0053_0003.uasset" 6753
"../../../Engine/Content/EngineMaterials/Substrate/GLints/dict_16_192_64_0p5_0p02_0053_0004.uasset" 6754
"/Engine/EngineMaterials/Substrate/GLints/dict_16_192_64_0p5_0p02_0053_0004" 6755
"/Engine/EngineMaterials/Substrate/GLints/dict_16_192_64_0p5_0p02_0053_0003" 6756
"../../../Engine/Content/EngineMaterials/Substrate/GLints/dict_16_192_64_0p5_0p02_0052_0010.uasset" 6757
"/Engine/EngineMaterials/Substrate/GLints/dict_16_192_64_0p5_0p02_0052_0014" 6758
"/Engine/EngineMaterials/Substrate/GLints/dict_16_192_64_0p5_0p02_0052_0012" 6759
"/Engine/EngineMaterials/Substrate/GLints/dict_16_192_64_0p5_0p02_0052_0010" 6760
"../../../Engine/Content/EngineMaterials/Substrate/GLints/dict_16_192_64_0p5_0p02_0053_0007.uasset" 6761
"../../../Engine/Content/EngineMaterials/Substrate/GLints/dict_16_192_64_0p5_0p02_0053_0006.uasset" 6762
"../../../Engine/Content/EngineMaterials/Substrate/GLints/dict_16_192_64_0p5_0p02_0053_0008.uasset" 6763
"../../../Engine/Content/EngineMaterials/Substrate/GLints/dict_16_192_64_0p5_0p02_0053_0005.uasset" 6764
"/Engine/EngineMaterials/Substrate/GLints/dict_16_192_64_0p5_0p02_0053_0008" 6765
"/Engine/EngineMaterials/Substrate/GLints/dict_16_192_64_0p5_0p02_0053_0007" 6766
"/Engine/EngineMaterials/Substrate/GLints/dict_16_192_64_0p5_0p02_0053_0006" 6767
"/Engine/EngineMaterials/Substrate/GLints/dict_16_192_64_0p5_0p02_0053_0005" 6768
"../../../Engine/Content/EngineMaterials/Substrate/GLints/dict_16_192_64_0p5_0p02_0053_0009.uasset" 6769
"../../../Engine/Content/EngineMaterials/Substrate/GLints/dict_16_192_64_0p5_0p02_0053_0010.uasset" 6770
"/Engine/EngineMaterials/Substrate/GLints/dict_16_192_64_0p5_0p02_0053_0010" 6771
"../../../Engine/Content/EngineMaterials/Substrate/GLints/dict_16_192_64_0p5_0p02_0053_0014.uasset" 6772
"../../../Engine/Content/EngineMaterials/Substrate/GLints/dict_16_192_64_0p5_0p02_0053_0012.uasset" 6773
"../../../Engine/Content/EngineMaterials/Substrate/GLints/dict_16_192_64_0p5_0p02_0053_0015.uasset" 6774
"../../../Engine/Content/EngineMaterials/Substrate/GLints/dict_16_192_64_0p5_0p02_0053_0011.uasset" 6775
"/Engine/EngineMaterials/Substrate/GLints/dict_16_192_64_0p5_0p02_0053_0009" 6776
"/Engine/EngineMaterials/Substrate/GLints/dict_16_192_64_0p5_0p02_0053_0015" 6777
"/Engine/EngineMaterials/Substrate/GLints/dict_16_192_64_0p5_0p02_0053_0014" 6778
"/Engine/EngineMaterials/Substrate/GLints/dict_16_192_64_0p5_0p02_0053_0012" 6779
"/Engine/EngineMaterials/Substrate/GLints/dict_16_192_64_0p5_0p02_0053_0011" 6780
"../../../Engine/Content/EngineMaterials/Substrate/GLints/dict_16_192_64_0p5_0p02_0053_0013.uasset" 6781
"../../../Engine/Content/EngineMaterials/Substrate/GLints/dict_16_192_64_0p5_0p02_0054_0004.uasset" 6782
"../../../Engine/Content/EngineMaterials/Substrate/GLints/dict_16_192_64_0p5_0p02_0054_0001.uasset" 6783
"../../../Engine/Content/EngineMaterials/Substrate/GLints/dict_16_192_64_0p5_0p02_0054_0000.uasset" 6784
"../../../Engine/Content/EngineMaterials/Substrate/GLints/dict_16_192_64_0p5_0p02_0054_0002.uasset" 6785
"/Engine/EngineMaterials/Substrate/GLints/dict_16_192_64_0p5_0p02_0054_0004" 6786
"/Engine/EngineMaterials/Substrate/GLints/dict_16_192_64_0p5_0p02_0054_0002" 6787
"../../../Engine/Content/EngineMaterials/Substrate/GLints/dict_16_192_64_0p5_0p02_0054_0007.uasset" 6788
"/Engine/EngineMaterials/Substrate/GLints/dict_16_192_64_0p5_0p02_0054_0001" 6789
"/Engine/EngineMaterials/Substrate/GLints/dict_16_192_64_0p5_0p02_0054_0000" 6790
"/Engine/EngineMaterials/Substrate/GLints/dict_16_192_64_0p5_0p02_0053_0013" 6791
"/Engine/EngineMaterials/Substrate/GLints/dict_16_192_64_0p5_0p02_0054_0007" 6792
"../../../Engine/Content/EngineMaterials/Substrate/GLints/dict_16_192_64_0p5_0p02_0054_0008.uasset" 6793
"../../../Engine/Content/EngineMaterials/Substrate/GLints/dict_16_192_64_0p5_0p02_0054_0006.uasset" 6794
"../../../Engine/Content/EngineMaterials/Substrate/GLints/dict_16_192_64_0p5_0p02_0054_0011.uasset" 6795
"../../../Engine/Content/EngineMaterials/Substrate/GLints/dict_16_192_64_0p5_0p02_0054_0010.uasset" 6796
"../../../Engine/Content/EngineMaterials/Substrate/GLints/dict_16_192_64_0p5_0p02_0054_0009.uasset" 6797
"/Engine/EngineMaterials/Substrate/GLints/dict_16_192_64_0p5_0p02_0054_0011" 6798
"/Engine/EngineMaterials/Substrate/GLints/dict_16_192_64_0p5_0p02_0054_0010" 6799
"/Engine/EngineMaterials/Substrate/GLints/dict_16_192_64_0p5_0p02_0054_0009" 6800
"/Engine/EngineMaterials/Substrate/GLints/dict_16_192_64_0p5_0p02_0054_0008" 6801
"/Engine/EngineMaterials/Substrate/GLints/dict_16_192_64_0p5_0p02_0054_0006" 6802
"../../../Engine/Content/EngineMaterials/Substrate/GLints/dict_16_192_64_0p5_0p02_0054_0014.uasset" 6803
"../../../Engine/Content/EngineMaterials/Substrate/GLints/dict_16_192_64_0p5_0p02_0055_0000.uasset" 6804
"../../../Engine/Content/EngineMaterials/Substrate/GLints/dict_16_192_64_0p5_0p02_0054_0003.uasset" 6805
"/Engine/EngineMaterials/Substrate/GLints/dict_16_192_64_0p5_0p02_0054_0003" 6806
"/Engine/EngineMaterials/Substrate/GLints/dict_16_192_64_0p5_0p02_0054_0014" 6807
"/Engine/EngineMaterials/Substrate/GLints/dict_16_192_64_0p5_0p02_0055_0000" 6808
"../../../Engine/Content/EngineMaterials/Substrate/GLints/dict_16_192_64_0p5_0p02_0055_0001.uasset" 6809
"../../../Engine/Content/EngineMaterials/Substrate/GLints/dict_16_192_64_0p5_0p02_0054_0005.uasset" 6810
"../../../Engine/Content/EngineMaterials/Substrate/GLints/dict_16_192_64_0p5_0p02_0055_0007.uasset" 6811
"../../../Engine/Content/EngineMaterials/Substrate/GLints/dict_16_192_64_0p5_0p02_0054_0013.uasset" 6812
"../../../Engine/Content/EngineMaterials/Substrate/GLints/dict_16_192_64_0p5_0p02_0054_0012.uasset" 6813
"../../../Engine/Content/EngineMaterials/Substrate/GLints/dict_16_192_64_0p5_0p02_0055_0003.uasset" 6814
"../../../Engine/Content/EngineMaterials/Substrate/GLints/dict_16_192_64_0p5_0p02_0055_0002.uasset" 6815
"../../../Engine/Content/EngineMaterials/Substrate/GLints/dict_16_192_64_0p5_0p02_0055_0004.uasset" 6816
"/Engine/EngineMaterials/Substrate/GLints/dict_16_192_64_0p5_0p02_0054_0005" 6817
"../../../Engine/Content/EngineMaterials/Substrate/GLints/dict_16_192_64_0p5_0p02_0055_0006.uasset" 6818
"/Engine/EngineMaterials/Substrate/GLints/dict_16_192_64_0p5_0p02_0055_0007" 6819
"/Engine/EngineMaterials/Substrate/GLints/dict_16_192_64_0p5_0p02_0055_0003" 6820
"/Engine/EngineMaterials/Substrate/GLints/dict_16_192_64_0p5_0p02_0055_0002" 6821
"/Engine/EngineMaterials/Substrate/GLints/dict_16_192_64_0p5_0p02_0054_0013" 6822
"/Engine/EngineMaterials/Substrate/GLints/dict_16_192_64_0p5_0p02_0054_0012" 6823
"/Engine/EngineMaterials/Substrate/GLints/dict_16_192_64_0p5_0p02_0055_0001" 6824
"/Engine/EngineMaterials/Substrate/GLints/dict_16_192_64_0p5_0p02_0055_0004" 6825
"../../../Engine/Content/EngineMaterials/Substrate/GLints/dict_16_192_64_0p5_0p02_0055_0012.uasset" 6826
"../../../Engine/Content/EngineMaterials/Substrate/GLints/dict_16_192_64_0p5_0p02_0054_0015.uasset" 6827
"../../../Engine/Content/EngineMaterials/Substrate/GLints/dict_16_192_64_0p5_0p02_0055_0013.uasset" 6828
"../../../Engine/Content/EngineMaterials/Substrate/GLints/dict_16_192_64_0p5_0p02_0055_0014.uasset" 6829
"../../../Engine/Content/EngineMaterials/Substrate/GLints/dict_16_192_64_0p5_0p02_0055_0005.uasset" 6830
"../../../Engine/Content/EngineMaterials/Substrate/GLints/dict_16_192_64_0p5_0p02_0055_0008.uasset" 6831
"/Engine/EngineMaterials/Substrate/GLints/dict_16_192_64_0p5_0p02_0055_0014" 6832
"../../../Engine/Content/EngineMaterials/Substrate/GLints/dict_16_192_64_0p5_0p02_0055_0009.uasset" 6833
"../../../Engine/Content/EngineMaterials/Substrate/GLints/dict_16_192_64_0p5_0p02_0055_0011.uasset" 6834
"../../../Engine/Content/EngineMaterials/Substrate/GLints/dict_16_192_64_0p5_0p02_0055_0010.uasset" 6835
"/Engine/EngineMaterials/Substrate/GLints/dict_16_192_64_0p5_0p02_0055_0013" 6836
"/Engine/EngineMaterials/Substrate/GLints/dict_16_192_64_0p5_0p02_0055_0012" 6837
"/Engine/EngineMaterials/Substrate/GLints/dict_16_192_64_0p5_0p02_0055_0008" 6838
"/Engine/EngineMaterials/Substrate/GLints/dict_16_192_64_0p5_0p02_0055_0006" 6839
"/Engine/EngineMaterials/Substrate/GLints/dict_16_192_64_0p5_0p02_0055_0005" 6840
"/Engine/EngineMaterials/Substrate/GLints/dict_16_192_64_0p5_0p02_0054_0015" 6841
"/Engine/EngineMaterials/Substrate/GLints/dict_16_192_64_0p5_0p02_0055_0011" 6842
"/Engine/EngineMaterials/Substrate/GLints/dict_16_192_64_0p5_0p02_0055_0010" 6843
"/Engine/EngineMaterials/Substrate/GLints/dict_16_192_64_0p5_0p02_0055_0009" 6844
"../../../Engine/Content/EngineMaterials/Substrate/GLints/dict_16_192_64_0p5_0p02_0056_0001.uasset" 6845
"../../../Engine/Content/EngineMaterials/Substrate/GLints/dict_16_192_64_0p5_0p02_0056_0006.uasset" 6846
"../../../Engine/Content/EngineMaterials/Substrate/GLints/dict_16_192_64_0p5_0p02_0056_0005.uasset" 6847
"../../../Engine/Content/EngineMaterials/Substrate/GLints/dict_16_192_64_0p5_0p02_0056_0002.uasset" 6848
"/Engine/EngineMaterials/Substrate/GLints/dict_16_192_64_0p5_0p02_0056_0002" 6849
"/Engine/EngineMaterials/Substrate/GLints/dict_16_192_64_0p5_0p02_0056_0006" 6850
"../../../Engine/Content/EngineMaterials/Substrate/GLints/dict_16_192_64_0p5_0p02_0056_0010.uasset" 6851
"../../../Engine/Content/EngineMaterials/Substrate/GLints/dict_16_192_64_0p5_0p02_0056_0009.uasset" 6852
"../../../Engine/Content/EngineMaterials/Substrate/GLints/dict_16_192_64_0p5_0p02_0056_0007.uasset" 6853
"/Engine/EngineMaterials/Substrate/GLints/dict_16_192_64_0p5_0p02_0056_0009" 6854
"/Engine/EngineMaterials/Substrate/GLints/dict_16_192_64_0p5_0p02_0056_0010" 6855
"/Engine/EngineMaterials/Substrate/GLints/dict_16_192_64_0p5_0p02_0056_0007" 6856
"../../../Engine/Content/EngineMaterials/Substrate/GLints/dict_16_192_64_0p5_0p02_0056_0004.uasset" 6857
"../../../Engine/Content/EngineMaterials/Substrate/GLints/dict_16_192_64_0p5_0p02_0056_0015.uasset" 6858
"../../../Engine/Content/EngineMaterials/Substrate/GLints/dict_16_192_64_0p5_0p02_0056_0014.uasset" 6859
"../../../Engine/Content/EngineMaterials/Substrate/GLints/dict_16_192_64_0p5_0p02_0057_0001.uasset" 6860
"../../../Engine/Content/EngineMaterials/Substrate/GLints/dict_16_192_64_0p5_0p02_0056_0013.uasset" 6861
"../../../Engine/Content/EngineMaterials/Substrate/GLints/dict_16_192_64_0p5_0p02_0056_0012.uasset" 6862
"/Engine/EngineMaterials/Substrate/GLints/dict_16_192_64_0p5_0p02_0056_0012" 6863
"/Engine/EngineMaterials/Substrate/GLints/dict_16_192_64_0p5_0p02_0056_0001" 6864
"/Engine/EngineMaterials/Substrate/GLints/dict_16_192_64_0p5_0p02_0057_0001" 6865
"/Engine/EngineMaterials/Substrate/GLints/dict_16_192_64_0p5_0p02_0056_0015" 6866
"/Engine/EngineMaterials/Substrate/GLints/dict_16_192_64_0p5_0p02_0056_0014" 6867
"/Engine/EngineMaterials/Substrate/GLints/dict_16_192_64_0p5_0p02_0056_0013" 6868
"/Engine/EngineMaterials/Substrate/GLints/dict_16_192_64_0p5_0p02_0056_0004" 6869
"/Engine/EngineMaterials/Substrate/GLints/dict_16_192_64_0p5_0p02_0056_0005" 6870
"../../../Engine/Content/EngineMaterials/Substrate/GLints/dict_16_192_64_0p5_0p02_0057_0003.uasset" 6871
"../../../Engine/Content/EngineMaterials/Substrate/GLints/dict_16_192_64_0p5_0p02_0057_0006.uasset" 6872
"../../../Engine/Content/EngineMaterials/Substrate/GLints/dict_16_192_64_0p5_0p02_0057_0004.uasset" 6873
"../../../Engine/Content/EngineMaterials/Substrate/GLints/dict_16_192_64_0p5_0p02_0057_0000.uasset" 6874
"../../../Engine/Content/EngineMaterials/Substrate/GLints/dict_16_192_64_0p5_0p02_0057_0008.uasset" 6875
"../../../Engine/Content/EngineMaterials/Substrate/GLints/dict_16_192_64_0p5_0p02_0057_0012.uasset" 6876
"/Engine/EngineMaterials/Substrate/GLints/dict_16_192_64_0p5_0p02_0057_0004" 6877
"../../../Engine/Content/EngineMaterials/Substrate/GLints/dict_16_192_64_0p5_0p02_0057_0005.uasset" 6878
"../../../Engine/Content/EngineMaterials/Substrate/GLints/dict_16_192_64_0p5_0p02_0057_0007.uasset" 6879
"../../../Engine/Content/EngineMaterials/Substrate/GLints/dict_16_192_64_0p5_0p02_0057_0009.uasset" 6880
"/Engine/EngineMaterials/Substrate/GLints/dict_16_192_64_0p5_0p02_0057_0012" 6881
"/Engine/EngineMaterials/Substrate/GLints/dict_16_192_64_0p5_0p02_0057_0008" 6882
"/Engine/EngineMaterials/Substrate/GLints/dict_16_192_64_0p5_0p02_0057_0003" 6883
"../../../Engine/Content/EngineMaterials/Substrate/GLints/dict_16_192_64_0p5_0p02_0057_0015.uasset" 6884
"/Engine/EngineMaterials/Substrate/GLints/dict_16_192_64_0p5_0p02_0057_0006" 6885
"/Engine/EngineMaterials/Substrate/GLints/dict_16_192_64_0p5_0p02_0057_0000" 6886
"/Engine/EngineMaterials/Substrate/GLints/dict_16_192_64_0p5_0p02_0057_0009" 6887
"/Engine/EngineMaterials/Substrate/GLints/dict_16_192_64_0p5_0p02_0057_0007" 6888
"/Engine/EngineMaterials/Substrate/GLints/dict_16_192_64_0p5_0p02_0057_0005" 6889
"/Engine/EngineMaterials/Substrate/GLints/dict_16_192_64_0p5_0p02_0057_0015" 6890
"../../../Engine/Content/EngineMaterials/Substrate/GLints/dict_16_192_64_0p5_0p02_0057_0014.uasset" 6891
"../../../Engine/Content/EngineMaterials/Substrate/GLints/dict_16_192_64_0p5_0p02_0058_0001.uasset" 6892
"../../../Engine/Content/EngineMaterials/Substrate/GLints/dict_16_192_64_0p5_0p02_0057_0013.uasset" 6893
"../../../Engine/Content/EngineMaterials/Substrate/GLints/dict_16_192_64_0p5_0p02_0058_0000.uasset" 6894
"../../../Engine/Content/EngineMaterials/Substrate/GLints/dict_16_192_64_0p5_0p02_0058_0002.uasset" 6895
"../../../Engine/Content/EngineMaterials/Substrate/GLints/dict_16_192_64_0p5_0p02_0057_0010.uasset" 6896
"/Engine/EngineMaterials/Substrate/GLints/dict_16_192_64_0p5_0p02_0058_0000" 6897
"/Engine/EngineMaterials/Substrate/GLints/dict_16_192_64_0p5_0p02_0057_0010" 6898
"/Engine/EngineMaterials/Substrate/GLints/dict_16_192_64_0p5_0p02_0057_0014" 6899
"/Engine/EngineMaterials/Substrate/GLints/dict_16_192_64_0p5_0p02_0057_0013" 6900
"/Engine/EngineMaterials/Substrate/GLints/dict_16_192_64_0p5_0p02_0058_0002" 6901
"../../../Engine/Content/EngineMaterials/Substrate/GLints/dict_16_192_64_0p5_0p02_0058_0004.uasset" 6902
"../../../Engine/Content/EngineMaterials/Substrate/GLints/dict_16_192_64_0p5_0p02_0058_0005.uasset" 6903
"../../../Engine/Content/EngineMaterials/Substrate/GLints/dict_16_192_64_0p5_0p02_0058_0003.uasset" 6904
"../../../Engine/Content/EngineMaterials/Substrate/GLints/dict_16_192_64_0p5_0p02_0057_0011.uasset" 6905
"../../../Engine/Content/EngineMaterials/Substrate/GLints/dict_16_192_64_0p5_0p02_0057_0002.uasset" 6906
"/Engine/EngineMaterials/Substrate/GLints/dict_16_192_64_0p5_0p02_0057_0011" 6907
"/Engine/EngineMaterials/Substrate/GLints/dict_16_192_64_0p5_0p02_0058_0003" 6908
"../../../Engine/Content/EngineMaterials/Substrate/GLints/dict_16_192_64_0p5_0p02_0058_0010.uasset" 6909
"../../../Engine/Content/EngineMaterials/Substrate/GLints/dict_16_192_64_0p5_0p02_0058_0012.uasset" 6910
"../../../Engine/Content/EngineMaterials/Substrate/GLints/dict_16_192_64_0p5_0p02_0058_0008.uasset" 6911
"/Engine/EngineMaterials/Substrate/GLints/dict_16_192_64_0p5_0p02_0058_0005" 6912
"../../../Engine/Content/EngineMaterials/Substrate/GLints/dict_16_192_64_0p5_0p02_0058_0006.uasset" 6913
"/Engine/EngineMaterials/Substrate/GLints/dict_16_192_64_0p5_0p02_0058_0010" 6914
"../../../Engine/Content/EngineMaterials/Substrate/GLints/dict_16_192_64_0p5_0p02_0058_0011.uasset" 6915
"/Engine/EngineMaterials/Substrate/GLints/dict_16_192_64_0p5_0p02_0057_0002" 6916
"../../../Engine/Content/EngineMaterials/Substrate/GLints/dict_16_192_64_0p5_0p02_0058_0009.uasset" 6917
"../../../Engine/Content/EngineMaterials/Substrate/GLints/dict_16_192_64_0p5_0p02_0058_0013.uasset" 6918
"../../../Engine/Content/EngineMaterials/Substrate/GLints/dict_16_192_64_0p5_0p02_0058_0014.uasset" 6919
"../../../Engine/Content/EngineMaterials/Substrate/GLints/dict_16_192_64_0p5_0p02_0059_0002.uasset" 6920
"../../../Engine/Content/EngineMaterials/Substrate/GLints/dict_16_192_64_0p5_0p02_0059_0001.uasset" 6921
"../../../Engine/Content/EngineMaterials/Substrate/GLints/dict_16_192_64_0p5_0p02_0059_0004.uasset" 6922
"../../../Engine/Content/EngineMaterials/Substrate/GLints/dict_16_192_64_0p5_0p02_0059_0003.uasset" 6923
"../../../Engine/Content/EngineMaterials/Substrate/GLints/dict_16_192_64_0p5_0p02_0058_0015.uasset" 6924
"/Engine/EngineMaterials/Substrate/GLints/dict_16_192_64_0p5_0p02_0058_0012" 6925
"/Engine/EngineMaterials/Substrate/GLints/dict_16_192_64_0p5_0p02_0058_0008" 6926
"/Engine/EngineMaterials/Substrate/GLints/dict_16_192_64_0p5_0p02_0058_0001" 6927
"/Engine/EngineMaterials/Substrate/GLints/dict_16_192_64_0p5_0p02_0058_0004" 6928
"/Engine/EngineMaterials/Substrate/GLints/dict_16_192_64_0p5_0p02_0059_0001" 6929
"/Engine/EngineMaterials/Substrate/GLints/dict_16_192_64_0p5_0p02_0058_0011" 6930
"/Engine/EngineMaterials/Substrate/GLints/dict_16_192_64_0p5_0p02_0058_0015" 6931
"/Engine/EngineMaterials/Substrate/GLints/dict_16_192_64_0p5_0p02_0058_0014" 6932
"/Engine/EngineMaterials/Substrate/GLints/dict_16_192_64_0p5_0p02_0059_0004" 6933
"/Engine/EngineMaterials/Substrate/GLints/dict_16_192_64_0p5_0p02_0058_0013" 6934
"/Engine/EngineMaterials/Substrate/GLints/dict_16_192_64_0p5_0p02_0058_0009" 6935
"/Engine/EngineMaterials/Substrate/GLints/dict_16_192_64_0p5_0p02_0059_0003" 6936
"/Engine/EngineMaterials/Substrate/GLints/dict_16_192_64_0p5_0p02_0058_0006" 6937
"/Engine/EngineMaterials/Substrate/GLints/dict_16_192_64_0p5_0p02_0059_0002" 6938
"../../../Engine/Content/EngineMaterials/Substrate/GLints/dict_16_192_64_0p5_0p02_0056_0003.uasset" 6939
"../../../Engine/Content/EngineMaterials/Substrate/GLints/dict_16_192_64_0p5_0p02_0058_0007.uasset" 6940
"../../../Engine/Content/EngineMaterials/Substrate/GLints/dict_16_192_64_0p5_0p02_0056_0011.uasset" 6941
"../../../Engine/Content/EngineMaterials/Substrate/GLints/dict_16_192_64_0p5_0p02_0056_0000.uasset" 6942
"../../../Engine/Content/EngineMaterials/Substrate/GLints/dict_16_192_64_0p5_0p02_0055_0015.uasset" 6943
"/Engine/EngineMaterials/Substrate/GLints/dict_16_192_64_0p5_0p02_0056_0003" 6944
"/Engine/EngineMaterials/Substrate/GLints/dict_16_192_64_0p5_0p02_0056_0000" 6945
"../../../Engine/Content/EngineMaterials/Substrate/GLints/dict_16_192_64_0p5_0p02_0056_0008.uasset" 6946
"../../../Engine/Content/EngineMaterials/Substrate/GLints/dict_16_192_64_0p5_0p02_0059_0005.uasset" 6947
"/Engine/EngineMaterials/Substrate/GLints/dict_16_192_64_0p5_0p02_0055_0015" 6948
"/Engine/EngineMaterials/Substrate/GLints/dict_16_192_64_0p5_0p02_0056_0011" 6949
"/Engine/EngineMaterials/Substrate/GLints/dict_16_192_64_0p5_0p02_0058_0007" 6950
"/Engine/EngineMaterials/Substrate/GLints/dict_16_192_64_0p5_0p02_0059_0005" 6951
"/Engine/EngineMaterials/Substrate/GLints/dict_16_192_64_0p5_0p02_0056_0008" 6952
"../../../Engine/Content/EngineMaterials/Substrate/GLints/dict_16_192_64_0p5_0p02_0059_0006.uasset" 6953
"../../../Engine/Content/EngineMaterials/Substrate/GLints/dict_16_192_64_0p5_0p02_0060_0004.uasset" 6954
"../../../Engine/Content/EngineMaterials/Substrate/GLints/dict_16_192_64_0p5_0p02_0060_0000.uasset" 6955
"../../../Engine/Content/EngineMaterials/Substrate/GLints/dict_16_192_64_0p5_0p02_0059_0014.uasset" 6956
"../../../Engine/Content/EngineMaterials/Substrate/GLints/dict_16_192_64_0p5_0p02_0059_0010.uasset" 6957
"../../../Engine/Content/EngineMaterials/Substrate/GLints/dict_16_192_64_0p5_0p02_0060_0002.uasset" 6958
"../../../Engine/Content/EngineMaterials/Substrate/GLints/dict_16_192_64_0p5_0p02_0060_0001.uasset" 6959
"../../../Engine/Content/EngineMaterials/Substrate/GLints/dict_16_192_64_0p5_0p02_0059_0009.uasset" 6960
"../../../Engine/Content/EngineMaterials/Substrate/GLints/dict_16_192_64_0p5_0p02_0059_0013.uasset" 6961
"../../../Engine/Content/EngineMaterials/Substrate/GLints/dict_16_192_64_0p5_0p02_0059_0012.uasset" 6962
"../../../Engine/Content/EngineMaterials/Substrate/GLints/dict_16_192_64_0p5_0p02_0059_0008.uasset" 6963
"../../../Engine/Content/EngineMaterials/Substrate/GLints/dict_16_192_64_0p5_0p02_0059_0007.uasset" 6964
"../../../Engine/Content/EngineMaterials/Substrate/GLints/dict_16_192_64_0p5_0p02_0059_0015.uasset" 6965
"/Engine/EngineMaterials/Substrate/GLints/dict_16_192_64_0p5_0p02_0059_0010" 6966
"/Engine/EngineMaterials/Substrate/GLints/dict_16_192_64_0p5_0p02_0059_0013" 6967
"/Engine/EngineMaterials/Substrate/GLints/dict_16_192_64_0p5_0p02_0059_0009" 6968
"/Engine/EngineMaterials/Substrate/GLints/dict_16_192_64_0p5_0p02_0059_0008" 6969
"../../../Engine/Content/EngineMaterials/Substrate/GLints/dict_16_192_64_0p5_0p02_0060_0007.uasset" 6970
"/Engine/EngineMaterials/Substrate/GLints/dict_16_192_64_0p5_0p02_0059_0007" 6971
"../../../Engine/Content/EngineMaterials/Substrate/GLints/dict_16_192_64_0p5_0p02_0060_0006.uasset" 6972
"../../../Engine/Content/EngineMaterials/Substrate/GLints/dict_16_192_64_0p5_0p02_0060_0008.uasset" 6973
"/Engine/EngineMaterials/Substrate/GLints/dict_16_192_64_0p5_0p02_0060_0002" 6974
"../../../Engine/Content/EngineMaterials/Substrate/GLints/dict_16_192_64_0p5_0p02_0060_0009.uasset" 6975
"/Engine/EngineMaterials/Substrate/GLints/dict_16_192_64_0p5_0p02_0060_0001" 6976
"/Engine/EngineMaterials/Substrate/GLints/dict_16_192_64_0p5_0p02_0060_0000" 6977
"/Engine/EngineMaterials/Substrate/GLints/dict_16_192_64_0p5_0p02_0059_0006" 6978
"/Engine/EngineMaterials/Substrate/GLints/dict_16_192_64_0p5_0p02_0059_0015" 6979
"../../../Engine/Content/EngineMaterials/Substrate/GLints/dict_16_192_64_0p5_0p02_0060_0005.uasset" 6980
"/Engine/EngineMaterials/Substrate/GLints/dict_16_192_64_0p5_0p02_0059_0012" 6981
"/Engine/EngineMaterials/Substrate/GLints/dict_16_192_64_0p5_0p02_0060_0004" 6982
"/Engine/EngineMaterials/Substrate/GLints/dict_16_192_64_0p5_0p02_0059_0014" 6983
"/Engine/EngineMaterials/Substrate/GLints/dict_16_192_64_0p5_0p02_0060_0009" 6984
"/Engine/EngineMaterials/Substrate/GLints/dict_16_192_64_0p5_0p02_0060_0008" 6985
"/Engine/EngineMaterials/Substrate/GLints/dict_16_192_64_0p5_0p02_0060_0007" 6986
"/Engine/EngineMaterials/Substrate/GLints/dict_16_192_64_0p5_0p02_0060_0006" 6987
"/Engine/EngineMaterials/Substrate/GLints/dict_16_192_64_0p5_0p02_0060_0005" 6988
"../../../Engine/Content/EngineMaterials/Substrate/GLints/dict_16_192_64_0p5_0p02_0059_0011.uasset" 6989
"/Engine/EngineMaterials/Substrate/GLints/dict_16_192_64_0p5_0p02_0059_0011" 6990
"../../../Engine/Content/EngineMaterials/Substrate/GLints/dict_16_192_64_0p5_0p02_0060_0012.uasset" 6991
"../../../Engine/Content/EngineMaterials/Substrate/GLints/dict_16_192_64_0p5_0p02_0060_0014.uasset" 6992
"../../../Engine/Content/EngineMaterials/Substrate/GLints/dict_16_192_64_0p5_0p02_0061_0003.uasset" 6993
"../../../Engine/Content/EngineMaterials/Substrate/GLints/dict_16_192_64_0p5_0p02_0061_0001.uasset" 6994
"../../../Engine/Content/EngineMaterials/Substrate/GLints/dict_16_192_64_0p5_0p02_0060_0013.uasset" 6995
"../../../Engine/Content/EngineMaterials/Substrate/GLints/dict_16_192_64_0p5_0p02_0060_0015.uasset" 6996
"../../../Engine/Content/EngineMaterials/Substrate/GLints/dict_16_192_64_0p5_0p02_0061_0004.uasset" 6997
"../../../Engine/Content/EngineMaterials/Substrate/GLints/dict_16_192_64_0p5_0p02_0061_0002.uasset" 6998
"../../../Engine/Content/EngineMaterials/Substrate/GLints/dict_16_192_64_0p5_0p02_0061_0005.uasset" 6999
"/Engine/EngineMaterials/Substrate/GLints/dict_16_192_64_0p5_0p02_0060_0013" 7000
"/Engine/EngineMaterials/Substrate/GLints/dict_16_192_64_0p5_0p02_0061_0002" 7001
"../../../Engine/Content/EngineMaterials/Substrate/GLints/dict_16_192_64_0p5_0p02_0061_0008.uasset" 7002
"/Engine/EngineMaterials/Substrate/GLints/dict_16_192_64_0p5_0p02_0060_0012" 7003
"../../../Engine/Content/EngineMaterials/Substrate/GLints/dict_16_192_64_0p5_0p02_0061_0010.uasset" 7004
"../../../Engine/Content/EngineMaterials/Substrate/GLints/dict_16_192_64_0p5_0p02_0061_0006.uasset" 7005
"/Engine/EngineMaterials/Substrate/GLints/dict_16_192_64_0p5_0p02_0061_0001" 7006
"/Engine/EngineMaterials/Substrate/GLints/dict_16_192_64_0p5_0p02_0061_0004" 7007
"/Engine/EngineMaterials/Substrate/GLints/dict_16_192_64_0p5_0p02_0060_0015" 7008
"/Engine/EngineMaterials/Substrate/GLints/dict_16_192_64_0p5_0p02_0060_0014" 7009
"/Engine/EngineMaterials/Substrate/GLints/dict_16_192_64_0p5_0p02_0061_0003" 7010
"/Engine/EngineMaterials/Substrate/GLints/dict_16_192_64_0p5_0p02_0061_0005" 7011
"/Engine/EngineMaterials/Substrate/GLints/dict_16_192_64_0p5_0p02_0061_0010" 7012
"/Engine/EngineMaterials/Substrate/GLints/dict_16_192_64_0p5_0p02_0061_0008" 7013
"/Engine/EngineMaterials/Substrate/GLints/dict_16_192_64_0p5_0p02_0061_0006" 7014
"../../../Engine/Content/EngineMaterials/Substrate/GLints/dict_16_192_64_0p5_0p02_0061_0007.uasset" 7015
"../../../Engine/Content/EngineMaterials/Substrate/GLints/dict_16_192_64_0p5_0p02_0061_0013.uasset" 7016
"../../../Engine/Content/EngineMaterials/Substrate/GLints/dict_16_192_64_0p5_0p02_0061_0009.uasset" 7017
"../../../Engine/Content/EngineMaterials/Substrate/GLints/dict_16_192_64_0p5_0p02_0061_0011.uasset" 7018
"/Engine/EngineMaterials/Substrate/GLints/dict_16_192_64_0p5_0p02_0061_0013" 7019
"/Engine/EngineMaterials/Substrate/GLints/dict_16_192_64_0p5_0p02_0061_0011" 7020
"/Engine/EngineMaterials/Substrate/GLints/dict_16_192_64_0p5_0p02_0061_0009" 7021
"/Engine/EngineMaterials/Substrate/GLints/dict_16_192_64_0p5_0p02_0061_0007" 7022
"../../../Engine/Content/EngineMaterials/Substrate/GLints/dict_16_192_64_0p5_0p02_0060_0011.uasset" 7023
"../../../Engine/Content/EngineMaterials/Substrate/GLints/dict_16_192_64_0p5_0p02_0059_0000.uasset" 7024
"/Engine/EngineMaterials/Substrate/GLints/dict_16_192_64_0p5_0p02_0059_0000" 7025
"/Engine/EngineMaterials/Substrate/GLints/dict_16_192_64_0p5_0p02_0060_0011" 7026
"../../../Engine/Content/EngineMaterials/Substrate/GLints/dict_16_192_64_0p5_0p02_0060_0010.uasset" 7027
"/Engine/EngineMaterials/Substrate/GLints/dict_16_192_64_0p5_0p02_0060_0010" 7028
"../../../Engine/Content/EngineMaterials/Substrate/GLints/dict_16_192_64_0p5_0p02_0061_0012.uasset" 7029
"../../../Engine/Content/EngineMaterials/Substrate/GLints/dict_16_192_64_0p5_0p02_0060_0003.uasset" 7030
"../../../Engine/Content/EngineMaterials/Substrate/GLints/dict_16_192_64_0p5_0p02_0061_0000.uasset" 7031
"/Engine/EngineMaterials/Substrate/GLints/dict_16_192_64_0p5_0p02_0060_0003" 7032
"/Engine/EngineMaterials/Substrate/GLints/dict_16_192_64_0p5_0p02_0061_0000" 7033
"/Engine/EngineMaterials/Substrate/GLints/dict_16_192_64_0p5_0p02_0061_0012" 7034
"../../../Engine/Content/EngineMaterials/Substrate/GLints/dict_16_192_64_0p5_0p02_0061_0015.uasset" 7035
"../../../Engine/Content/EngineMaterials/Substrate/GLints/dict_16_192_64_0p5_0p02_0062_0000.uasset" 7036
"/Engine/EngineMaterials/Substrate/GLints/dict_16_192_64_0p5_0p02_0062_0000" 7037
"/Engine/EngineMaterials/Substrate/GLints/dict_16_192_64_0p5_0p02_0061_0015" 7038
"../../../Engine/Content/EngineMaterials/Substrate/GLints/dict_16_192_64_0p5_0p02_0061_0014.uasset" 7039
"../../../Engine/Content/EngineMaterials/Substrate/GLints/dict_16_192_64_0p5_0p02_0062_0006.uasset" 7040
"../../../Engine/Content/EngineMaterials/Substrate/GLints/dict_16_192_64_0p5_0p02_0062_0001.uasset" 7041
"../../../Engine/Content/EngineMaterials/Substrate/GLints/dict_16_192_64_0p5_0p02_0062_0005.uasset" 7042
"../../../Engine/Content/EngineMaterials/Substrate/GLints/dict_16_192_64_0p5_0p02_0062_0002.uasset" 7043
"../../../Engine/Content/EngineMaterials/Substrate/GLints/dict_16_192_64_0p5_0p02_0062_0003.uasset" 7044
"/Engine/EngineMaterials/Substrate/GLints/dict_16_192_64_0p5_0p02_0062_0001" 7045
"../../../Engine/Content/EngineMaterials/Substrate/GLints/dict_16_192_64_0p5_0p02_0062_0004.uasset" 7046
"/Engine/EngineMaterials/Substrate/GLints/dict_16_192_64_0p5_0p02_0061_0014" 7047
"/Engine/EngineMaterials/Substrate/GLints/dict_16_192_64_0p5_0p02_0062_0006" 7048
"/Engine/EngineMaterials/Substrate/GLints/dict_16_192_64_0p5_0p02_0062_0005" 7049
"/Engine/EngineMaterials/Substrate/GLints/dict_16_192_64_0p5_0p02_0062_0002" 7050
"/Engine/EngineMaterials/Substrate/GLints/dict_16_192_64_0p5_0p02_0062_0004" 7051
"/Engine/EngineMaterials/Substrate/GLints/dict_16_192_64_0p5_0p02_0062_0003" 7052
"../../../Engine/Content/EngineMaterials/Substrate/GLints/dict_16_192_64_0p5_0p02_0062_0007.uasset" 7053
"/Engine/EngineMaterials/Substrate/GLints/dict_16_192_64_0p5_0p02_0062_0007" 7054
"../../../Engine/Content/EngineMaterials/Substrate/GLints/dict_16_192_64_0p5_0p02_0063_0000.uasset" 7055
"../../../Engine/Content/EngineMaterials/Substrate/GLints/dict_16_192_64_0p5_0p02_0063_0003.uasset" 7056
"../../../Engine/Content/EngineMaterials/Substrate/GLints/dict_16_192_64_0p5_0p02_0062_0010.uasset" 7057
"../../../Engine/Content/EngineMaterials/Substrate/GLints/dict_16_192_64_0p5_0p02_0062_0009.uasset" 7058
"../../../Engine/Content/EngineMaterials/Substrate/GLints/dict_16_192_64_0p5_0p02_0062_0008.uasset" 7059
"../../../Engine/Content/EngineMaterials/Substrate/GLints/dict_16_192_64_0p5_0p02_0062_0011.uasset" 7060
"../../../Engine/Content/EngineMaterials/Substrate/GLints/dict_16_192_64_0p5_0p02_0062_0013.uasset" 7061
"../../../Engine/Content/EngineMaterials/Substrate/GLints/dict_16_192_64_0p5_0p02_0063_0001.uasset" 7062
"../../../Engine/Content/EngineMaterials/Substrate/GLints/dict_16_192_64_0p5_0p02_0063_0002.uasset" 7063
"../../../Engine/Content/EngineMaterials/Substrate/GLints/dict_16_192_64_0p5_0p02_0062_0014.uasset" 7064
"../../../Engine/Content/EngineMaterials/Substrate/GLints/dict_16_192_64_0p5_0p02_0063_0007.uasset" 7065
"/Engine/EngineMaterials/Substrate/GLints/dict_16_192_64_0p5_0p02_0063_0000" 7066
"../../../Engine/Content/EngineMaterials/Substrate/GLints/dict_16_192_64_0p5_0p02_0063_0008.uasset" 7067
"../../../Engine/Content/EngineMaterials/Substrate/GLints/dict_16_192_64_0p5_0p02_0063_0006.uasset" 7068
"../../../Engine/Content/EngineMaterials/Substrate/GLints/dict_16_192_64_0p5_0p02_0063_0005.uasset" 7069
"../../../Engine/Content/EngineMaterials/Substrate/GLints/dict_16_192_64_0p5_0p02_0063_0009.uasset" 7070
"/Engine/EngineMaterials/Substrate/GLints/dict_16_192_64_0p5_0p02_0062_0014" 7071
"/Engine/EngineMaterials/Substrate/GLints/dict_16_192_64_0p5_0p02_0062_0013" 7072
"../../../Engine/Content/EngineMaterials/Substrate/GLints/dict_16_192_64_0p5_0p02_0063_0011.uasset" 7073
"../../../Engine/Content/EngineMaterials/Substrate/GLints/dict_16_192_64_0p5_0p02_0063_0012.uasset" 7074
"/Engine/EngineMaterials/Substrate/GLints/dict_16_192_64_0p5_0p02_0063_0007" 7075
"../../../Engine/Content/EngineMaterials/Substrate/GLints/dict_16_192_64_0p5_0p02_0063_0013.uasset" 7076
"../../../Engine/Content/EngineMaterials/Substrate/GLints/dict_16_192_64_0p5_0p02_0063_0014.uasset" 7077
"../../../Engine/Content/EngineMaterials/Substrate/GLints/dict_16_192_64_0p5_0p02_0063_0010.uasset" 7078
"/Engine/EngineMaterials/Substrate/GLints/dict_16_192_64_0p5_0p02_0062_0011" 7079
"/Engine/EngineMaterials/Substrate/GLints/dict_16_192_64_0p5_0p02_0063_0003" 7080
"/Engine/EngineMaterials/Substrate/GLints/dict_16_192_64_0p5_0p02_0062_0010" 7081
"/Engine/EngineMaterials/Substrate/GLints/dict_16_192_64_0p5_0p02_0063_0002" 7082
"/Engine/EngineMaterials/Substrate/GLints/dict_16_192_64_0p5_0p02_0062_0009" 7083
"/Engine/EngineMaterials/Substrate/GLints/dict_16_192_64_0p5_0p02_0063_0001" 7084
"/Engine/EngineMaterials/Substrate/GLints/dict_16_192_64_0p5_0p02_0062_0008" 7085
"/Engine/EngineMaterials/Substrate/GLints/dict_16_192_64_0p5_0p02_0063_0013" 7086
"/Engine/EngineMaterials/Substrate/GLints/dict_16_192_64_0p5_0p02_0063_0014" 7087
"/Engine/EngineMaterials/Substrate/GLints/dict_16_192_64_0p5_0p02_0063_0012" 7088
"/Engine/EngineMaterials/Substrate/GLints/dict_16_192_64_0p5_0p02_0063_0009" 7089
"/Engine/EngineMaterials/Substrate/GLints/dict_16_192_64_0p5_0p02_0063_0008" 7090
"/Engine/EngineMaterials/Substrate/GLints/dict_16_192_64_0p5_0p02_0063_0010" 7091
"/Engine/EngineMaterials/Substrate/GLints/dict_16_192_64_0p5_0p02_0063_0011" 7092
"/Engine/EngineMaterials/Substrate/GLints/dict_16_192_64_0p5_0p02_0063_0006" 7093
"/Engine/EngineMaterials/Substrate/GLints/dict_16_192_64_0p5_0p02_0063_0005" 7094
"../../../Engine/Content/EngineMaterials/Substrate/Glints2/dict_0000_0006.uasset" 7095
"../../../Engine/Content/EngineMaterials/Substrate/Glints2/dict_0000_0002.uasset" 7096
"../../../Engine/Content/EngineMaterials/Substrate/Glints2/dict_0000_0003.uasset" 7097
"../../../Engine/Content/EngineMaterials/Substrate/Glints2/dict_0000_0000.uasset" 7098
"../../../Engine/Content/EngineMaterials/Substrate/Glints2/dict_0000_0007.uasset" 7099
"../../../Engine/Content/EngineMaterials/Substrate/Glints2/dict_0000_0008.uasset" 7100
"../../../Engine/Content/EngineMaterials/Substrate/Glints2/dict_0000_0005.uasset" 7101
"../../../Engine/Content/EngineMaterials/Substrate/Glints2/dict_0000_0001.uasset" 7102
"/Engine/EngineMaterials/Substrate/Glints2/dict_0000_0003" 7103
"/Engine/EngineMaterials/Substrate/Glints2/dict_0000_0002" 7104
"/Engine/EngineMaterials/Substrate/Glints2/dict_0000_0001" 7105
"/Engine/EngineMaterials/Substrate/Glints2/dict_0000_0000" 7106
"/Engine/EngineMaterials/Substrate/Glints2/dict_0000_0005" 7107
"/Engine/EngineMaterials/Substrate/Glints2/dict_0000_0008" 7108
"/Engine/EngineMaterials/Substrate/Glints2/dict_0000_0006" 7109
"/Engine/EngineMaterials/Substrate/Glints2/dict_0000_0007" 7110
"../../../Engine/Content/EngineMaterials/Substrate/Glints2/dict_0000_0010.uasset" 7111
"../../../Engine/Content/EngineMaterials/Substrate/Glints2/dict_0000_0004.uasset" 7112
"../../../Engine/Content/EngineMaterials/Substrate/Glints2/dict_0000_0014.uasset" 7113
"../../../Engine/Content/EngineMaterials/Substrate/Glints2/dict_0000_0012.uasset" 7114
"../../../Engine/Content/EngineMaterials/Substrate/Glints2/dict_0000_0011.uasset" 7115
"../../../Engine/Content/EngineMaterials/Substrate/Glints2/dict_0000_0016.uasset" 7116
"../../../Engine/Content/EngineMaterials/Substrate/Glints2/dict_0000_0013.uasset" 7117
"../../../Engine/Content/EngineMaterials/Substrate/GLints/AGlintTex2dArray.uasset" 7118
"/Engine/EngineMaterials/Substrate/Glints2/dict_0000_0016" 7119
"/Engine/EngineMaterials/Substrate/Glints2/dict_0000_0014" 7120
"/Engine/EngineMaterials/Substrate/Glints2/dict_0000_0004" 7121
"../../../Engine/Content/EngineMaterials/Substrate/Glints2/dict_0000_0019.uasset" 7122
"/Engine/EngineMaterials/Substrate/Glints2/dict_0000_0013" 7123
"../../../Engine/Content/EngineMaterials/Substrate/Glints2/dict_0000_0009.uasset" 7124
"../../../Engine/Content/EngineMaterials/Substrate/Glints2/dict_0000_0018.uasset" 7125
"/Engine/EngineMaterials/Substrate/Glints2/dict_0000_0012" 7126
"/Engine/EngineMaterials/Substrate/Glints2/dict_0000_0010" 7127
"/Engine/EngineMaterials/Substrate/Glints2/dict_0000_0019" 7128
"/Engine/EngineMaterials/Substrate/Glints2/dict_0000_0018" 7129
"/Engine/EngineMaterials/Substrate/Glints2/dict_0000_0009" 7130
"/Engine/EngineMaterials/Substrate/Glints2/dict_0000_0011" 7131
"../../../Engine/Content/EngineMaterials/Substrate/Glints2/dict_0000_0024.uasset" 7132
"../../../Engine/Content/EngineMaterials/Substrate/Glints2/dict_0000_0028.uasset" 7133
"../../../Engine/Content/EngineMaterials/Substrate/Glints2/dict_0000_0023.uasset" 7134
"../../../Engine/Content/EngineMaterials/Substrate/Glints2/dict_0000_0022.uasset" 7135
"/Engine/EngineMaterials/Substrate/Glints2/dict_0000_0023" 7136
"../../../Engine/Content/EngineMaterials/Substrate/Glints2/dict_0000_0021.uasset" 7137
"../../../Engine/Content/EngineMaterials/Substrate/Glints2/dict_0000_0020.uasset" 7138
"../../../Engine/Content/EngineMaterials/Substrate/Glints2/dict_0000_0027.uasset" 7139
"../../../Engine/Content/EngineMaterials/Substrate/Glints2/dict_0000_0026.uasset" 7140
"/Engine/EngineMaterials/Substrate/Glints2/dict_0000_0028" 7141
"../../../Engine/Content/EngineMaterials/Substrate/Glints2/dict_0000_0017.uasset" 7142
"/Engine/EngineMaterials/Substrate/Glints2/dict_0000_0017" 7143
"/Engine/EngineMaterials/Substrate/Glints2/dict_0000_0026" 7144
"/Engine/EngineMaterials/Substrate/Glints2/dict_0000_0024" 7145
"/Engine/EngineMaterials/Substrate/Glints2/dict_0000_0022" 7146
"/Engine/EngineMaterials/Substrate/Glints2/dict_0000_0021" 7147
"/Engine/EngineMaterials/Substrate/Glints2/dict_0000_0020" 7148
"/Engine/EngineMaterials/Substrate/Glints2/dict_0000_0027" 7149
"../../../Engine/Content/EngineMaterials/Substrate/Glints2/dict_0000_0029.uasset" 7150
"../../../Engine/Content/EngineMaterials/Substrate/Glints2/dict_0000_0032.uasset" 7151
"../../../Engine/Content/EngineMaterials/Substrate/Glints2/dict_0000_0031.uasset" 7152
"../../../Engine/Content/EngineMaterials/Substrate/Glints2/dict_0000_0036.uasset" 7153
"../../../Engine/Content/EngineMaterials/Substrate/Glints2/dict_0000_0033.uasset" 7154
"../../../Engine/Content/EngineMaterials/Substrate/Glints2/dict_0000_0030.uasset" 7155
"../../../Engine/Content/EngineMaterials/Substrate/Glints2/dict_0000_0034.uasset" 7156
"../../../Engine/Content/EngineMaterials/Substrate/Glints2/dict_0000_0035.uasset" 7157
"/Engine/EngineMaterials/Substrate/Glints2/dict_0000_0034" 7158
"../../../Engine/Content/EngineMaterials/Substrate/GLints/dict_16_192_64_0p5_0p02_0063_0015.uasset" 7159
"/Engine/EngineMaterials/Substrate/Glints2/dict_0000_0033" 7160
"/Engine/EngineMaterials/Substrate/Glints2/dict_0000_0032" 7161
"/Engine/EngineMaterials/Substrate/Glints2/dict_0000_0031" 7162
"/Engine/EngineMaterials/Substrate/Glints2/dict_0000_0030" 7163
"/Engine/EngineMaterials/Substrate/Glints2/dict_0000_0036" 7164
"/Engine/EngineMaterials/Substrate/Glints2/dict_0000_0035" 7165
"/Engine/EngineMaterials/Substrate/Glints2/dict_0000_0029" 7166
"/Engine/EngineMaterials/Substrate/GLints/dict_16_192_64_0p5_0p02_0063_0015" 7167
"../../../Engine/Content/EngineMaterials/Substrate/Glints2/dict_0000_0037.uasset" 7168
"../../../Engine/Content/EngineMaterials/Substrate/Glints2/dict_0000_0044.uasset" 7169
"../../../Engine/Content/EngineMaterials/Substrate/Glints2/dict_0000_0043.uasset" 7170
"../../../Engine/Content/EngineMaterials/Substrate/Glints2/dict_0000_0046.uasset" 7171
"../../../Engine/Content/EngineMaterials/Substrate/Glints2/dict_0000_0045.uasset" 7172
"../../../Engine/Content/EngineMaterials/Substrate/Glints2/dict_0000_0040.uasset" 7173
"../../../Engine/Content/EngineMaterials/Substrate/Glints2/dict_0000_0038.uasset" 7174
"../../../Engine/Content/EngineMaterials/Substrate/Glints2/dict_0000_0042.uasset" 7175
"../../../Engine/Content/EngineMaterials/Substrate/Glints2/dict_0000_0041.uasset" 7176
"../../../Engine/Content/EngineMaterials/Substrate/Glints2/dict_0000_0047.uasset" 7177
"../../../Engine/Content/EngineMaterials/Substrate/GLints/dict_16_192_64_0p5_0p02_0062_0012.uasset" 7178
"../../../Engine/Content/EngineMaterials/Substrate/Glints2/dict_0000_0048.uasset" 7179
"../../../Engine/Content/EngineMaterials/Substrate/Glints2/dict_0000_0052.uasset" 7180
"../../../Engine/Content/EngineMaterials/Substrate/Glints2/dict_0000_0051.uasset" 7181
"../../../Engine/Content/EngineMaterials/Substrate/Glints2/dict_0000_0050.uasset" 7182
"../../../Engine/Content/EngineMaterials/Substrate/Glints2/dict_0000_0053.uasset" 7183
"../../../Engine/Content/EngineMaterials/Substrate/Glints2/dict_0000_0049.uasset" 7184
"/Engine/EngineMaterials/Substrate/Glints2/dict_0000_0053" 7185
"/Engine/EngineMaterials/Substrate/Glints2/dict_0000_0040" 7186
"/Engine/EngineMaterials/Substrate/Glints2/dict_0000_0052" 7187
"/Engine/EngineMaterials/Substrate/Glints2/dict_0000_0051" 7188
"/Engine/EngineMaterials/Substrate/GLints/dict_16_192_64_0p5_0p02_0062_0012" 7189
"/Engine/EngineMaterials/Substrate/Glints2/dict_0000_0046" 7190
"/Engine/EngineMaterials/Substrate/Glints2/dict_0000_0050" 7191
"/Engine/EngineMaterials/Substrate/Glints2/dict_0000_0049" 7192
"/Engine/EngineMaterials/Substrate/Glints2/dict_0000_0048" 7193
"/Engine/EngineMaterials/Substrate/Glints2/dict_0000_0038" 7194
"/Engine/EngineMaterials/Substrate/Glints2/dict_0000_0037" 7195
"/Engine/EngineMaterials/Substrate/Glints2/dict_0000_0043" 7196
"/Engine/EngineMaterials/Substrate/Glints2/dict_0000_0044" 7197
"/Engine/EngineMaterials/Substrate/Glints2/dict_0000_0042" 7198
"../../../Engine/Content/EngineMaterials/Substrate/Glints2/dict_0000_0015.uasset" 7199
"/Engine/EngineMaterials/Substrate/Glints2/dict_0000_0041" 7200
"/Engine/EngineMaterials/Substrate/Glints2/dict_0000_0045" 7201
"/Engine/EngineMaterials/Substrate/Glints2/dict_0000_0047" 7202
"/Engine/EngineMaterials/Substrate/Glints2/dict_0000_0015" 7203
"../../../Engine/Content/EngineMaterials/Substrate/Glints2/dict_0000_0039.uasset" 7204
"/Engine/EngineMaterials/Substrate/Glints2/dict_0000_0039" 7205
"../../../Engine/Content/EngineMaterials/Substrate/Glints2/dict_0000_0055.uasset" 7206
"../../../Engine/Content/EngineMaterials/Substrate/Glints2/dict_0000_0060.uasset" 7207
"../../../Engine/Content/EngineMaterials/Substrate/Glints2/dict_0000_0061.uasset" 7208
"../../../Engine/Content/EngineMaterials/Substrate/Glints2/dict_0000_0062.uasset" 7209
"../../../Engine/Content/EngineMaterials/Substrate/Glints2/dict_0000_0057.uasset" 7210
"/Engine/EngineMaterials/Substrate/Glints2/dict_0000_0061" 7211
"/Engine/EngineMaterials/Substrate/Glints2/dict_0000_0062" 7212
"/Engine/EngineMaterials/Substrate/Glints2/dict_0000_0060" 7213
"/Engine/EngineMaterials/Substrate/Glints2/dict_0000_0057" 7214
"/Engine/EngineMaterials/Substrate/Glints2/dict_0000_0055" 7215
"../../../Engine/Content/EngineMaterials/Substrate/Glints2/dict_0000_0064.uasset" 7216
"../../../Engine/Content/EngineMaterials/Substrate/Glints2/dict_0000_0066.uasset" 7217
"../../../Engine/Content/EngineMaterials/Substrate/Glints2/dict_0000_0067.uasset" 7218
"../../../Engine/Content/EngineMaterials/Substrate/GLints/dict_16_192_64_0p5_0p02_0062_0015.uasset" 7219
"../../../Engine/Content/EngineMaterials/Substrate/Glints2/dict_0000_0068.uasset" 7220
"../../../Engine/Content/EngineMaterials/Substrate/Glints2/dict_0000_0070.uasset" 7221
"../../../Engine/Content/EngineMaterials/Substrate/GLints/dict_16_192_64_0p5_0p02_0063_0004.uasset" 7222
"../../../Engine/Content/EngineMaterials/Substrate/Glints2/dict_0000_0069.uasset" 7223
"../../../Engine/Content/EngineMaterials/Substrate/Glints2/dict_0000_0071.uasset" 7224
"/Engine/EngineMaterials/Substrate/GLints/dict_16_192_64_0p5_0p02_0062_0015" 7225
"../../../Engine/Content/EngineMaterials/Substrate/Glints2/dict_0000_0072.uasset" 7226
"/Engine/EngineMaterials/Substrate/Glints2/dict_0000_0071" 7227
"../../../Engine/Content/EngineMaterials/Substrate/Glints2/dict_0000_0073.uasset" 7228
"/Engine/EngineMaterials/Substrate/Glints2/dict_0000_0070" 7229
"/Engine/EngineMaterials/Substrate/Glints2/dict_0000_0069" 7230
"/Engine/EngineMaterials/Substrate/Glints2/dict_0000_0068" 7231
"../../../Engine/Content/EngineMaterials/Substrate/Glints2/dict_0000_0075.uasset" 7232
"/Engine/EngineMaterials/Substrate/Glints2/dict_0000_0067" 7233
"../../../Engine/Content/EngineMaterials/Substrate/Glints2/dict_0000_0076.uasset" 7234
"/Engine/EngineMaterials/Substrate/Glints2/dict_0000_0066" 7235
"/Engine/EngineMaterials/Substrate/GLints/AGlintTex2dArray" 7236
"../../../Engine/Content/EngineMaterials/Substrate/Glints2/dict_0000_0079.uasset" 7237
"../../../Engine/Content/EngineMaterials/Substrate/Glints2/dict_0000_0078.uasset" 7238
"../../../Engine/Content/EngineMaterials/Substrate/Glints2/dict_0000_0080.uasset" 7239
"../../../Engine/Content/EngineMaterials/Substrate/Glints2/dict_0000_0083.uasset" 7240
"../../../Engine/Content/EngineMaterials/Substrate/Glints2/dict_0000_0081.uasset" 7241
"../../../Engine/Content/EngineMaterials/Substrate/Glints2/dict_0000_0085.uasset" 7242
"../../../Engine/Content/EngineMaterials/Substrate/Glints2/dict_0000_0025.uasset" 7243
"../../../Engine/Content/EngineMaterials/Substrate/Glints2/dict_0000_0084.uasset" 7244
"../../../Engine/Content/EngineMaterials/Substrate/Glints2/dict_0000_0082.uasset" 7245
"../../../Engine/Content/EngineMaterials/Substrate/Glints2/dict_0000_0058.uasset" 7246
"../../../Engine/Content/EngineMaterials/Substrate/Glints2/dict_0000_0086.uasset" 7247
"../../../Engine/Content/EngineMaterials/Substrate/Glints2/dict_0000_0056.uasset" 7248
"../../../Engine/Content/EngineMaterials/Substrate/Glints2/dict_0000_0059.uasset" 7249
"../../../Engine/Content/EngineMaterials/Substrate/Glints2/dict_0000_0063.uasset" 7250
"../../../Engine/Content/EngineMaterials/Substrate/Glints2/dict_0000_0054.uasset" 7251
"../../../Engine/Content/EngineMaterials/Substrate/Glints2/dict_0000_0077.uasset" 7252
"/Engine/EngineMaterials/Substrate/Glints2/dict_0000_0064" 7253
"../../../Engine/Content/EngineMaterials/Substrate/Glints2/dict_0000_0074.uasset" 7254
"/Engine/EngineMaterials/Substrate/Glints2/dict_0000_0079" 7255
"/Engine/EngineMaterials/Substrate/Glints2/dict_0000_0078" 7256
"/Engine/EngineMaterials/Substrate/Glints2/dict_0000_0086" 7257
"/Engine/EngineMaterials/Substrate/Glints2/dict_0000_0077" 7258
"/Engine/EngineMaterials/Substrate/Glints2/dict_0000_0080" 7259
"/Engine/EngineMaterials/Substrate/Glints2/dict_0000_0085" 7260
"/Engine/EngineMaterials/Substrate/Glints2/dict_0000_0025" 7261
"/Engine/EngineMaterials/Substrate/Glints2/dict_0000_0076" 7262
"/Engine/EngineMaterials/Substrate/Glints2/dict_0000_0075" 7263
"/Engine/EngineMaterials/Substrate/Glints2/dict_0000_0084" 7264
"/Engine/EngineMaterials/Substrate/Glints2/dict_0000_0081" 7265
"/Engine/EngineMaterials/Substrate/Glints2/dict_0000_0073" 7266
"/Engine/EngineMaterials/Substrate/Glints2/dict_0000_0072" 7267
"/Engine/EngineMaterials/Substrate/Glints2/dict_0000_0059" 7268
"/Engine/EngineMaterials/Substrate/Glints2/dict_0000_0058" 7269
"/Engine/EngineMaterials/Substrate/Glints2/dict_0000_0083" 7270
"/Engine/EngineMaterials/Substrate/Glints2/dict_0000_0056" 7271
"/Engine/EngineMaterials/Substrate/Glints2/dict_0000_0082" 7272
"/Engine/EngineMaterials/Substrate/Glints2/dict_0000_0054" 7273
"/Engine/EngineMaterials/Substrate/Glints2/dict_0000_0063" 7274
"/Engine/EngineMaterials/Substrate/Glints2/dict_0000_0074" 7275
"../../../Engine/Content/EngineMaterials/Substrate/Glints2/dict_0000_0065.uasset" 7276
"../../../Engine/Content/EngineMaterials/Substrate/Glints2/dict_0000_0094.uasset" 7277
"../../../Engine/Content/EngineMaterials/Substrate/Glints2/dict_0000_0091.uasset" 7278
"../../../Engine/Content/EngineMaterials/Substrate/Glints2/dict_0000_0088.uasset" 7279
"../../../Engine/Content/EngineMaterials/Substrate/Glints2/dict_0000_0092.uasset" 7280
"../../../Engine/Content/EngineMaterials/Substrate/Glints2/dict_0000_0100.uasset" 7281
"../../../Engine/Content/EngineMaterials/Substrate/Glints2/dict_0000_0089.uasset" 7282
"../../../Engine/Content/EngineMaterials/Substrate/Glints2/dict_0000_0095.uasset" 7283
"../../../Engine/Content/EngineMaterials/Substrate/Glints2/dict_0000_0090.uasset" 7284
"../../../Engine/Content/EngineMaterials/Substrate/Glints2/dict_0000_0093.uasset" 7285
"../../../Engine/Content/EngineMaterials/Substrate/Glints2/dict_0000_0087.uasset" 7286
"../../../Engine/Content/EngineMaterials/Substrate/Glints2/dict_0000_0103.uasset" 7287
"../../../Engine/Content/EngineMaterials/Substrate/Glints2/dict_0000_0112.uasset" 7288
"../../../Engine/Content/EngineMaterials/Substrate/Glints2/dict_0000_0107.uasset" 7289
"../../../Engine/Content/EngineMaterials/Substrate/Glints2/dict_0000_0104.uasset" 7290
"../../../Engine/Content/EngineMaterials/Substrate/Glints2/dict_0000_0106.uasset" 7291
"../../../Engine/Content/EngineMaterials/Substrate/Glints2/dict_0000_0105.uasset" 7292
"../../../Engine/Content/EngineMaterials/Substrate/Glints2/dict_0000_0110.uasset" 7293
"../../../Engine/Content/EngineMaterials/Substrate/Glints2/dict_0000_0111.uasset" 7294
"../../../Engine/Content/EngineMaterials/Substrate/Glints2/dict_0000_0109.uasset" 7295
"../../../Engine/Content/EngineMaterials/Substrate/Glints2/dict_0000_0108.uasset" 7296
"/Engine/EngineMaterials/Substrate/Glints2/dict_0000_0112" 7297
"/Engine/EngineMaterials/Substrate/Glints2/dict_0000_0111" 7298
"/Engine/EngineMaterials/Substrate/Glints2/dict_0000_0110" 7299
"/Engine/EngineMaterials/Substrate/Glints2/dict_0000_0109" 7300
"/Engine/EngineMaterials/Substrate/Glints2/dict_0000_0108" 7301
"/Engine/EngineMaterials/Substrate/Glints2/dict_0000_0107" 7302
"/Engine/EngineMaterials/Substrate/Glints2/dict_0000_0106" 7303
"/Engine/EngineMaterials/Substrate/Glints2/dict_0000_0105" 7304
"/Engine/EngineMaterials/Substrate/Glints2/dict_0000_0104" 7305
"/Engine/EngineMaterials/Substrate/Glints2/dict_0000_0095" 7306
"/Engine/EngineMaterials/Substrate/Glints2/dict_0000_0094" 7307
"/Engine/EngineMaterials/Substrate/Glints2/dict_0000_0093" 7308
"../../../Engine/Content/EngineMaterials/Substrate/Glints2/dict_0000_0117.uasset" 7309
"../../../Engine/Content/EngineMaterials/Substrate/Glints2/dict_0000_0114.uasset" 7310
"../../../Engine/Content/EngineMaterials/Substrate/Glints2/dict_0000_0113.uasset" 7311
"../../../Engine/Content/EngineMaterials/Substrate/Glints2/dict_0000_0115.uasset" 7312
"/Engine/EngineMaterials/Substrate/Glints2/dict_0000_0092" 7313
"/Engine/EngineMaterials/Substrate/Glints2/dict_0000_0100" 7314
"../../../Engine/Content/EngineMaterials/Substrate/Glints2/dict_0000_0116.uasset" 7315
"/Engine/EngineMaterials/Substrate/Glints2/dict_0000_0091" 7316
"/Engine/EngineMaterials/Substrate/Glints2/dict_0000_0090" 7317
"/Engine/EngineMaterials/Substrate/Glints2/dict_0000_0065" 7318
"/Engine/EngineMaterials/Substrate/Glints2/dict_0000_0089" 7319
"/Engine/EngineMaterials/Substrate/Glints2/dict_0000_0088" 7320
"/Engine/EngineMaterials/Substrate/Glints2/dict_0000_0087" 7321
"/Engine/EngineMaterials/Substrate/Glints2/dict_0000_0116" 7322
"/Engine/EngineMaterials/Substrate/Glints2/dict_0000_0115" 7323
"/Engine/EngineMaterials/Substrate/Glints2/dict_0000_0114" 7324
"/Engine/EngineMaterials/Substrate/Glints2/dict_0000_0113" 7325
"/Engine/EngineMaterials/Substrate/Glints2/dict_0000_0117" 7326
"../../../Engine/Content/EngineMaterials/Substrate/Glints2/dict_0000_0099.uasset" 7327
"../../../Engine/Content/EngineMaterials/Substrate/Glints2/dict_0000_0097.uasset" 7328
"../../../Engine/Content/EngineMaterials/Substrate/Glints2/dict_0000_0118.uasset" 7329
"../../../Engine/Content/EngineMaterials/Substrate/Glints2/dict_0000_0122.uasset" 7330
"../../../Engine/Content/EngineMaterials/Substrate/Glints2/dict_0000_0119.uasset" 7331
"../../../Engine/Content/EngineMaterials/Substrate/Glints2/dict_0000_0098.uasset" 7332
"../../../Engine/Content/EngineMaterials/Substrate/Glints2/dict_0000_0101.uasset" 7333
"../../../Engine/Content/EngineMaterials/Substrate/Glints2/dict_0000_0121.uasset" 7334
"/Engine/EngineMaterials/Substrate/Glints2/dict_0000_0103" 7335
"../../../Engine/Content/EngineMaterials/Substrate/Glints2/dict_0000_0130.uasset" 7336
"../../../Engine/Content/EngineMaterials/Substrate/Glints2/dict_0000_0123.uasset" 7337
"../../../Engine/Content/EngineMaterials/Substrate/Glints2/dict_0000_0124.uasset" 7338
"../../../Engine/Content/EngineMaterials/Substrate/Glints2/dict_0000_0129.uasset" 7339
"../../../Engine/Content/EngineMaterials/Substrate/Glints2/dict_0000_0126.uasset" 7340
"/Engine/EngineMaterials/Substrate/Glints2/dict_0000_0101" 7341
"../../../Engine/Content/EngineMaterials/Substrate/Glints2/dict_0000_0125.uasset" 7342
"/Engine/EngineMaterials/Substrate/Glints2/dict_0000_0122" 7343
"/Engine/EngineMaterials/Substrate/Glints2/dict_0000_0099" 7344
"/Engine/EngineMaterials/Substrate/Glints2/dict_0000_0121" 7345
"../../../Engine/Content/EngineMaterials/Substrate/Glints2/dict_0000_0120.uasset" 7346
"/Engine/EngineMaterials/Substrate/Glints2/dict_0000_0119" 7347
"/Engine/EngineMaterials/Substrate/Glints2/dict_0000_0098" 7348
"../../../Engine/Content/EngineMaterials/Substrate/Glints2/dict_0000_0128.uasset" 7349
"../../../Engine/Content/EngineMaterials/Substrate/Glints2/dict_0000_0127.uasset" 7350
"/Engine/EngineMaterials/Substrate/Glints2/dict_0000_0118" 7351
"/Engine/EngineMaterials/Substrate/Glints2/dict_0000_0097" 7352
"/Engine/EngineMaterials/Substrate/Glints2/dict_0000_0130" 7353
"/Engine/EngineMaterials/Substrate/Glints2/dict_0000_0129" 7354
"/Engine/EngineMaterials/Substrate/Glints2/dict_0000_0128" 7355
"/Engine/EngineMaterials/Substrate/Glints2/dict_0000_0127" 7356
"/Engine/EngineMaterials/Substrate/Glints2/dict_0000_0126" 7357
"../../../Engine/Content/EngineMaterials/Substrate/Glints2/dict_0000_0102.uasset" 7358
"../../../Engine/Content/EngineMaterials/Substrate/Glints2/dict_0000_0137.uasset" 7359
"../../../Engine/Content/EngineMaterials/Substrate/Glints2/dict_0000_0132.uasset" 7360
"/Engine/EngineMaterials/Substrate/Glints2/dict_0000_0125" 7361
"../../../Engine/Content/EngineMaterials/Substrate/Glints2/dict_0000_0134.uasset" 7362
"/Engine/EngineMaterials/Substrate/Glints2/dict_0000_0124" 7363
"/Engine/EngineMaterials/Substrate/Glints2/dict_0000_0123" 7364
"../../../Engine/Content/EngineMaterials/Substrate/Glints2/dict_0000_0096.uasset" 7365
"/Engine/EngineMaterials/Substrate/Glints2/dict_0000_0120" 7366
"/Engine/EngineMaterials/Substrate/Glints2/dict_0000_0137" 7367
"/Engine/EngineMaterials/Substrate/Glints2/dict_0000_0134" 7368
"/Engine/EngineMaterials/Substrate/Glints2/dict_0000_0132" 7369
"../../../Engine/Content/EngineMaterials/Substrate/Glints2/dict_0000_0131.uasset" 7370
"../../../Engine/Content/EngineMaterials/Substrate/Glints2/dict_0000_0135.uasset" 7371
"/Engine/EngineMaterials/Substrate/Glints2/dict_0000_0102" 7372
"/Engine/EngineMaterials/Substrate/Glints2/dict_0000_0135" 7373
"/Engine/EngineMaterials/Substrate/Glints2/dict_0000_0131" 7374
"../../../Engine/Content/EngineMaterials/Substrate/Glints2/dict_0000_0144.uasset" 7375
"../../../Engine/Content/EngineMaterials/Substrate/Glints2/dict_0000_0143.uasset" 7376
"../../../Engine/Content/EngineMaterials/Substrate/Glints2/dict_0000_0145.uasset" 7377
"../../../Engine/Content/EngineMaterials/Substrate/Glints2/dict_0000_0146.uasset" 7378
"/Engine/EngineMaterials/Substrate/Glints2/dict_0000_0096" 7379
"/Engine/EngineMaterials/Substrate/Glints2/dict_0000_0146" 7380
"/Engine/EngineMaterials/Substrate/Glints2/dict_0000_0145" 7381
"../../../Engine/Content/EngineMaterials/Substrate/Glints2/dict_0000_0149.uasset" 7382
"../../../Engine/Content/EngineMaterials/Substrate/Glints2/dict_0000_0136.uasset" 7383
"../../../Engine/Content/EngineMaterials/Substrate/Glints2/dict_0000_0141.uasset" 7384
"../../../Engine/Content/EngineMaterials/Substrate/Glints2/dict_0000_0138.uasset" 7385
"../../../Engine/Content/EngineMaterials/Substrate/Glints2/dict_0000_0147.uasset" 7386
"../../../Engine/Content/EngineMaterials/Substrate/Glints2/dict_0000_0150.uasset" 7387
"../../../Engine/Content/EngineMaterials/Substrate/Glints2/dict_0000_0142.uasset" 7388
"/Engine/EngineMaterials/Substrate/Glints2/dict_0000_0144" 7389
"/Engine/EngineMaterials/Substrate/Glints2/dict_0000_0143" 7390
"../../../Engine/Content/EngineMaterials/Substrate/Glints2/dict_0000_0140.uasset" 7391
"/Engine/EngineMaterials/Substrate/Glints2/dict_0000_0142" 7392
"../../../Engine/Content/EngineMaterials/Substrate/Glints2/dict_0000_0139.uasset" 7393
"../../../Engine/Content/EngineMaterials/Substrate/Glints2/dict_0000_0148.uasset" 7394
"/Engine/EngineMaterials/Substrate/Glints2/dict_0000_0141" 7395
"/Engine/EngineMaterials/Substrate/Glints2/dict_0000_0140" 7396
"/Engine/EngineMaterials/Substrate/Glints2/dict_0000_0136" 7397
"/Engine/EngineMaterials/Substrate/Glints2/dict_0000_0138" 7398
"/Engine/EngineMaterials/Substrate/Glints2/dict_0000_0150" 7399
"/Engine/EngineMaterials/Substrate/Glints2/dict_0000_0149" 7400
"/Engine/EngineMaterials/Substrate/Glints2/dict_0000_0147" 7401
"/Engine/EngineMaterials/Substrate/Glints2/dict_0000_0139" 7402
"../../../Engine/Content/EngineMaterials/Substrate/Glints2/dict_0000_0164.uasset" 7403
"../../../Engine/Content/EngineMaterials/Substrate/Glints2/dict_0000_0151.uasset" 7404
"../../../Engine/Content/EngineMaterials/Substrate/Glints2/dict_0000_0162.uasset" 7405
"../../../Engine/Content/EngineMaterials/Substrate/Glints2/dict_0000_0156.uasset" 7406
"../../../Engine/Content/EngineMaterials/Substrate/Glints2/dict_0000_0157.uasset" 7407
"/Engine/EngineMaterials/Substrate/Glints2/dict_0000_0148" 7408
"../../../Engine/Content/EngineMaterials/Substrate/Glints2/dict_0000_0159.uasset" 7409
"/Engine/EngineMaterials/Substrate/Glints2/dict_0000_0164" 7410
"/Engine/EngineMaterials/Substrate/Glints2/dict_0000_0162" 7411
"/Engine/EngineMaterials/Substrate/Glints2/dict_0000_0159" 7412
"../../../Engine/Content/EngineMaterials/Substrate/Glints2/dict_0000_0160.uasset" 7413
"/Engine/EngineMaterials/Substrate/Glints2/dict_0000_0151" 7414
"../../../Engine/Content/EngineMaterials/Substrate/Glints2/dict_0000_0161.uasset" 7415
"/Engine/EngineMaterials/Substrate/Glints2/dict_0000_0157" 7416
"../../../Engine/Content/EngineMaterials/Substrate/Glints2/dict_0000_0152.uasset" 7417
"/Engine/EngineMaterials/Substrate/Glints2/dict_0000_0156" 7418
"../../../Engine/Content/EngineMaterials/Substrate/Glints2/dict_0000_0163.uasset" 7419
"/Engine/EngineMaterials/Substrate/Glints2/dict_0000_0161" 7420
"/Engine/EngineMaterials/Substrate/Glints2/dict_0000_0152" 7421
"/Engine/EngineMaterials/Substrate/Glints2/dict_0000_0163" 7422
"../../../Engine/Content/EngineMaterials/Substrate/Glints2/dict_0000_0158.uasset" 7423
"/Engine/EngineMaterials/Substrate/Glints2/dict_0000_0158" 7424
"../../../Engine/Content/EngineMaterials/Substrate/Glints2/dict_0000_0168.uasset" 7425
"../../../Engine/Content/EngineMaterials/Substrate/Glints2/dict_0000_0169.uasset" 7426
"../../../Engine/Content/EngineMaterials/Substrate/Glints2/dict_0000_0167.uasset" 7427
"../../../Engine/Content/EngineMaterials/Substrate/Glints2/dict_0000_0172.uasset" 7428
"../../../Engine/Content/EngineMaterials/Substrate/Glints2/dict_0000_0171.uasset" 7429
"../../../Engine/Content/EngineMaterials/Substrate/Glints2/dict_0000_0165.uasset" 7430
"../../../Engine/Content/EngineMaterials/Substrate/Glints2/dict_0000_0153.uasset" 7431
"../../../Engine/Content/EngineMaterials/Substrate/Glints2/dict_0000_0170.uasset" 7432
"../../../Engine/Content/EngineMaterials/Substrate/Glints2/dict_0000_0154.uasset" 7433
"../../../Engine/Content/EngineMaterials/Substrate/Glints2/dict_0000_0155.uasset" 7434
"/Engine/EngineMaterials/Substrate/Glints2/dict_0000_0171" 7435
"/Engine/EngineMaterials/Substrate/Glints2/dict_0000_0165" 7436
"/Engine/EngineMaterials/Substrate/Glints2/dict_0000_0160" 7437
"/Engine/EngineMaterials/Substrate/Glints2/dict_0000_0155" 7438
"/Engine/EngineMaterials/Substrate/Glints2/dict_0000_0154" 7439
"/Engine/EngineMaterials/Substrate/Glints2/dict_0000_0153" 7440
"/Engine/EngineMaterials/Substrate/Glints2/dict_0000_0172" 7441
"/Engine/EngineMaterials/Substrate/Glints2/dict_0000_0170" 7442
"../../../Engine/Content/EngineMaterials/Substrate/Glints2/dict_0000_0177.uasset" 7443
"../../../Engine/Content/EngineMaterials/Substrate/Glints2/dict_0000_0179.uasset" 7444
"../../../Engine/Content/EngineMaterials/Substrate/Glints2/dict_0000_0180.uasset" 7445
"../../../Engine/Content/EngineMaterials/Substrate/Glints2/dict_0000_0178.uasset" 7446
"../../../Engine/Content/EngineMaterials/Substrate/Glints2/dict_0000_0175.uasset" 7447
"/Engine/EngineMaterials/Substrate/Glints2/dict_0000_0169" 7448
"/Engine/EngineMaterials/Substrate/Glints2/dict_0000_0168" 7449
"../../../Engine/Content/EngineMaterials/Substrate/Glints2/dict_0000_0166.uasset" 7450
"../../../Engine/Content/EngineMaterials/Substrate/Glints2/dict_0000_0184.uasset" 7451
"../../../Engine/Content/EngineMaterials/Substrate/Glints2/dict_0000_0182.uasset" 7452
"/Engine/EngineMaterials/Substrate/Glints2/dict_0000_0167" 7453
"/Engine/EngineMaterials/Substrate/Glints2/dict_0000_0179" 7454
"/Engine/EngineMaterials/Substrate/Glints2/dict_0000_0178" 7455
"/Engine/EngineMaterials/Substrate/Glints2/dict_0000_0177" 7456
"/Engine/EngineMaterials/Substrate/Glints2/dict_0000_0166" 7457
"/Engine/EngineMaterials/Substrate/Glints2/dict_0000_0175" 7458
"/Engine/EngineMaterials/Substrate/Glints2/dict_0000_0184" 7459
"../../../Engine/Content/EngineMaterials/Substrate/Glints2/dict_0000_0181.uasset" 7460
"../../../Engine/Content/EngineMaterials/Substrate/Glints2/dict_0000_0183.uasset" 7461
"/Engine/EngineMaterials/Substrate/Glints2/dict_0000_0182" 7462
"/Engine/EngineMaterials/Substrate/Glints2/dict_0000_0180" 7463
"/Engine/EngineMaterials/Substrate/Glints2/dict_0000_0181" 7464
"/Engine/EngineMaterials/Substrate/Glints2/dict_0000_0183" 7465
"../../../Engine/Content/EngineMaterials/Substrate/Glints2/dict_0000_0133.uasset" 7466
"/Engine/EngineMaterials/Substrate/Glints2/dict_0000_0133" 7467
"../../../Engine/Content/EngineMaterials/Substrate/Glints2/dict_0000_0176.uasset" 7468
"/Engine/EngineMaterials/Substrate/Glints2/dict_0000_0176" 7469
"../../../Engine/Content/EngineMaterials/Substrate/Glints2/dict_0000_0173.uasset" 7470
"../../../Engine/Content/EngineMaterials/Substrate/Glints2/dict_0000_0174.uasset" 7471
"/Engine/EngineMaterials/Substrate/Glints2/dict_0000_0174" 7472
"/Engine/EngineMaterials/Substrate/Glints2/dict_0000_0173" 7473
"../../../Engine/Content/EngineMaterials/Substrate/Glints2/dict_0000_0195.uasset" 7474
"../../../Engine/Content/EngineMaterials/Substrate/Glints2/dict_0000_0194.uasset" 7475
"../../../Engine/Content/EngineMaterials/Substrate/Glints2/dict_0000_0188.uasset" 7476
"../../../Engine/Content/EngineMaterials/Substrate/Glints2/dict_0000_0189.uasset" 7477
"../../../Engine/Content/EngineMaterials/Substrate/Glints2/dict_0000_0190.uasset" 7478
"../../../Engine/Content/EngineMaterials/Substrate/Glints2/dict_0000_0185.uasset" 7479
"../../../Engine/Content/EngineMaterials/Substrate/Glints2/dict_0000_0187.uasset" 7480
"../../../Engine/Content/EngineMaterials/Substrate/Glints2/dict_0000_0192.uasset" 7481
"../../../Engine/Content/EngineMaterials/Substrate/Glints2/dict_0000_0191.uasset" 7482
"../../../Engine/Content/EngineMaterials/Substrate/Glints2/dict_0000_0193.uasset" 7483
"../../../Engine/Content/EngineMaterials/Substrate/Glints2/dict_0000_0199.uasset" 7484
"/Engine/EngineMaterials/Substrate/Glints2/dict_0000_0187" 7485
"../../../Engine/Content/EngineMaterials/Substrate/Glints2/dict_0000_0196.uasset" 7486
"../../../Engine/Content/EngineMaterials/Substrate/Glints2/dict_0000_0186.uasset" 7487
"/Engine/EngineMaterials/Substrate/Glints2/dict_0000_0190" 7488
"../../../Engine/Content/EngineMaterials/Substrate/Glints2/dict_0000_0201.uasset" 7489
"../../../Engine/Content/EngineMaterials/Substrate/Glints2/dict_0000_0203.uasset" 7490
"/Engine/EngineMaterials/Substrate/Glints2/dict_0000_0185" 7491
"/Engine/EngineMaterials/Substrate/Glints2/dict_0000_0189" 7492
"../../../Engine/Content/EngineMaterials/Substrate/Glints2/dict_0000_0200.uasset" 7493
"/Engine/EngineMaterials/Substrate/Glints2/dict_0000_0191" 7494
"/Engine/EngineMaterials/Substrate/Glints2/dict_0000_0188" 7495
"../../../Engine/Content/EngineMaterials/Substrate/Glints2/dict_0000_0204.uasset" 7496
"../../../Engine/Content/EngineMaterials/Substrate/Glints2/dict_0000_0202.uasset" 7497
"/Engine/EngineMaterials/Substrate/Glints2/dict_0000_0195" 7498
"/Engine/EngineMaterials/Substrate/Glints2/dict_0000_0194" 7499
"/Engine/EngineMaterials/Substrate/Glints2/dict_0000_0193" 7500
"/Engine/EngineMaterials/Substrate/Glints2/dict_0000_0192" 7501
"/Engine/EngineMaterials/Substrate/Glints2/dict_0000_0202" 7502
"/Engine/EngineMaterials/Substrate/Glints2/dict_0000_0186" 7503
"/Engine/EngineMaterials/Substrate/Glints2/dict_0000_0201" 7504
"/Engine/EngineMaterials/Substrate/Glints2/dict_0000_0200" 7505
"/Engine/EngineMaterials/Substrate/Glints2/dict_0000_0204" 7506
"/Engine/EngineMaterials/Substrate/Glints2/dict_0000_0199" 7507
"/Engine/EngineMaterials/Substrate/Glints2/dict_0000_0203" 7508
"/Engine/EngineMaterials/Substrate/Glints2/dict_0000_0196" 7509
"../../../Engine/Content/EngineMaterials/Substrate/Glints2/dict_0000_0205.uasset" 7510
"../../../Engine/Content/EngineMaterials/Substrate/Glints2/dict_0000_0198.uasset" 7511
"/Engine/EngineMaterials/Substrate/Glints2/dict_0000_0205" 7512
"/Engine/EngineMaterials/Substrate/Glints2/dict_0000_0198" 7513
"../../../Engine/Content/EngineMaterials/Substrate/Glints2/dict_0000_0216.uasset" 7514
"../../../Engine/Content/EngineMaterials/Substrate/Glints2/dict_0000_0215.uasset" 7515
"../../../Engine/Content/EngineMaterials/Substrate/Glints2/dict_0000_0220.uasset" 7516
"../../../Engine/Content/EngineMaterials/Substrate/Glints2/dict_0000_0210.uasset" 7517
"../../../Engine/Content/EngineMaterials/Substrate/Glints2/dict_0000_0219.uasset" 7518
"../../../Engine/Content/EngineMaterials/Substrate/Glints2/dict_0000_0213.uasset" 7519
"../../../Engine/Content/EngineMaterials/Substrate/Glints2/dict_0000_0221.uasset" 7520
"../../../Engine/Content/EngineMaterials/Substrate/Glints2/dict_0000_0217.uasset" 7521
"../../../Engine/Content/EngineMaterials/Substrate/Glints2/dict_0000_0207.uasset" 7522
"../../../Engine/Content/EngineMaterials/Substrate/Glints2/dict_0000_0214.uasset" 7523
"../../../Engine/Content/EngineMaterials/Substrate/Glints2/dict_0000_0222.uasset" 7524
"../../../Engine/Content/EngineMaterials/Substrate/Glints2/dict_0000_0224.uasset" 7525
"../../../Engine/Content/EngineMaterials/Substrate/Glints2/dict_0000_0197.uasset" 7526
"/Engine/EngineMaterials/Substrate/Glints2/dict_0000_0210" 7527
"/Engine/EngineMaterials/Substrate/Glints2/dict_0000_0214" 7528
"/Engine/EngineMaterials/Substrate/Glints2/dict_0000_0207" 7529
"/Engine/EngineMaterials/Substrate/Glints2/dict_0000_0213" 7530
"/Engine/EngineMaterials/Substrate/Glints2/dict_0000_0224" 7531
"/Engine/EngineMaterials/Substrate/Glints2/dict_0000_0222" 7532
"/Engine/EngineMaterials/Substrate/Glints2/dict_0000_0216" 7533
"/Engine/EngineMaterials/Substrate/Glints2/dict_0000_0221" 7534
"/Engine/EngineMaterials/Substrate/Glints2/dict_0000_0220" 7535
"/Engine/EngineMaterials/Substrate/Glints2/dict_0000_0219" 7536
"/Engine/EngineMaterials/Substrate/Glints2/dict_0000_0217" 7537
"/Engine/EngineMaterials/Substrate/Glints2/dict_0000_0197" 7538
"../../../Engine/Content/EngineMaterials/Substrate/Glints2/dict_0000_0225.uasset" 7539
"../../../Engine/Content/EngineMaterials/Substrate/Glints2/dict_0000_0227.uasset" 7540
"../../../Engine/Content/EngineMaterials/Substrate/Glints2/dict_0000_0223.uasset" 7541
"../../../Engine/Content/EngineMaterials/Substrate/Glints2/dict_0000_0218.uasset" 7542
"../../../Engine/Content/EngineMaterials/Substrate/Glints2/dict_0000_0211.uasset" 7543
"/Engine/EngineMaterials/Substrate/Glints2/dict_0000_0225" 7544
"/Engine/EngineMaterials/Substrate/Glints2/dict_0000_0223" 7545
"../../../Engine/Content/EngineMaterials/Substrate/Glints2/dict_0000_0209.uasset" 7546
"/Engine/EngineMaterials/Substrate/Glints2/dict_0000_0215" 7547
"/Engine/EngineMaterials/Substrate/Glints2/dict_0000_0227" 7548
"/Engine/EngineMaterials/Substrate/Glints2/dict_0000_0209" 7549
"../../../Engine/Content/EngineMaterials/Substrate/Glints2/dict_0000_0208.uasset" 7550
"/Engine/EngineMaterials/Substrate/Glints2/dict_0000_0208" 7551
"/Engine/EngineMaterials/Substrate/Glints2/dict_0000_0211" 7552
"../../../Engine/Content/EngineMaterials/Substrate/Glints2/dict_0000_0226.uasset" 7553
"/Engine/EngineMaterials/Substrate/Glints2/dict_0000_0226" 7554
"../../../Engine/Content/EngineMaterials/Substrate/Glints2/dict_0000_0231.uasset" 7555
"../../../Engine/Content/EngineMaterials/Substrate/Glints2/dict_0000_0239.uasset" 7556
"../../../Engine/Content/EngineMaterials/Substrate/Glints2/dict_0000_0236.uasset" 7557
"../../../Engine/Content/EngineMaterials/Substrate/Glints2/dict_0000_0237.uasset" 7558
"../../../Engine/Content/EngineMaterials/Substrate/Glints2/dict_0000_0232.uasset" 7559
"../../../Engine/Content/EngineMaterials/Substrate/Glints2/dict_0000_0235.uasset" 7560
"../../../Engine/Content/EngineMaterials/Substrate/Glints2/dict_0000_0234.uasset" 7561
"../../../Engine/Content/EngineMaterials/Substrate/Glints2/dict_0000_0233.uasset" 7562
"../../../Engine/Content/EngineMaterials/Substrate/Glints2/dict_0000_0230.uasset" 7563
"/Engine/EngineMaterials/Substrate/Glints2/dict_0000_0234" 7564
"/Engine/EngineMaterials/Substrate/Glints2/dict_0000_0233" 7565
"/Engine/EngineMaterials/Substrate/Glints2/dict_0000_0232" 7566
"/Engine/EngineMaterials/Substrate/Glints2/dict_0000_0231" 7567
"/Engine/EngineMaterials/Substrate/Glints2/dict_0000_0236" 7568
"/Engine/EngineMaterials/Substrate/Glints2/dict_0000_0230" 7569
"/Engine/EngineMaterials/Substrate/Glints2/dict_0000_0235" 7570
"/Engine/EngineMaterials/Substrate/Glints2/dict_0000_0239" 7571
"/Engine/EngineMaterials/Substrate/Glints2/dict_0000_0218" 7572
"/Engine/EngineMaterials/Substrate/Glints2/dict_0000_0237" 7573
"../../../Engine/Content/EngineMaterials/Substrate/Glints2/dict_0000_0228.uasset" 7574
"/Engine/EngineMaterials/Substrate/Glints2/dict_0000_0228" 7575
"../../../Engine/Content/EngineMaterials/Substrate/Glints2/dict_0000_0229.uasset" 7576
"../../../Engine/Content/EngineMaterials/Substrate/Glints2/dict_0000_0206.uasset" 7577
"/Engine/EngineMaterials/Substrate/Glints2/dict_0000_0206" 7578
"/Engine/EngineMaterials/Substrate/Glints2/dict_0000_0229" 7579
"../../../Engine/Content/EngineMaterials/Substrate/Glints2/dict_0000_0212.uasset" 7580
"/Engine/EngineMaterials/Substrate/Glints2/dict_0000_0212" 7581
"../../../Engine/Content/EngineMaterials/Substrate/Glints2/dict_0000_0238.uasset" 7582
"../../../Engine/Content/EngineMaterials/Substrate/Glints2/dict_0000_0242.uasset" 7583
"../../../Engine/Content/EngineMaterials/Substrate/Glints2/dict_0000_0247.uasset" 7584
"../../../Engine/Content/EngineMaterials/Substrate/Glints2/dict_0000_0245.uasset" 7585
"../../../Engine/Content/EngineMaterials/Substrate/Glints2/dict_0000_0243.uasset" 7586
"../../../Engine/Content/EngineMaterials/Substrate/Glints2/dict_0000_0251.uasset" 7587
"../../../Engine/Content/EngineMaterials/Substrate/Glints2/dict_0000_0253.uasset" 7588
"../../../Engine/Content/EngineMaterials/Substrate/Glints2/dict_0000_0252.uasset" 7589
"../../../Engine/Content/EngineMaterials/Substrate/Glints2/dict_0001_0003.uasset" 7590
"../../../Engine/Content/EngineMaterials/Substrate/Glints2/dict_0001_0004.uasset" 7591
"../../../Engine/Content/EngineMaterials/Substrate/Glints2/dict_0000_0249.uasset" 7592
"../../../Engine/Content/EngineMaterials/Substrate/Glints2/dict_0000_0255.uasset" 7593
"../../../Engine/Content/EngineMaterials/Substrate/Glints2/dict_0001_0002.uasset" 7594
"../../../Engine/Content/EngineMaterials/Substrate/Glints2/dict_0000_0244.uasset" 7595
"../../../Engine/Content/EngineMaterials/Substrate/Glints2/dict_0001_0000.uasset" 7596
"../../../Engine/Content/EngineMaterials/Substrate/Glints2/dict_0000_0250.uasset" 7597
"../../../Engine/Content/EngineMaterials/Substrate/Glints2/dict_0000_0246.uasset" 7598
"../../../Engine/Content/EngineMaterials/Substrate/Glints2/dict_0000_0248.uasset" 7599
"../../../Engine/Content/EngineMaterials/Substrate/Glints2/dict_0001_0006.uasset" 7600
"../../../Engine/Content/EngineMaterials/Substrate/Glints2/dict_0001_0012.uasset" 7601
"../../../Engine/Content/EngineMaterials/Substrate/Glints2/dict_0001_0008.uasset" 7602
"../../../Engine/Content/EngineMaterials/Substrate/Glints2/dict_0001_0010.uasset" 7603
"../../../Engine/Content/EngineMaterials/Substrate/Glints2/dict_0001_0005.uasset" 7604
"../../../Engine/Content/EngineMaterials/Substrate/Glints2/dict_0001_0007.uasset" 7605
"../../../Engine/Content/EngineMaterials/Substrate/Glints2/dict_0001_0009.uasset" 7606
"../../../Engine/Content/EngineMaterials/Substrate/Glints2/dict_0001_0014.uasset" 7607
"../../../Engine/Content/EngineMaterials/Substrate/Glints2/dict_0001_0011.uasset" 7608
"../../../Engine/Content/EngineMaterials/Substrate/Glints2/dict_0001_0013.uasset" 7609
"../../../Engine/Content/EngineMaterials/Substrate/Glints2/dict_0000_0254.uasset" 7610
"/Engine/EngineMaterials/Substrate/Glints2/dict_0000_0247" 7611
"/Engine/EngineMaterials/Substrate/Glints2/dict_0001_0010" 7612
"/Engine/EngineMaterials/Substrate/Glints2/dict_0000_0253" 7613
"/Engine/EngineMaterials/Substrate/Glints2/dict_0000_0254" 7614
"/Engine/EngineMaterials/Substrate/Glints2/dict_0001_0014" 7615
"/Engine/EngineMaterials/Substrate/Glints2/dict_0001_0000" 7616
"/Engine/EngineMaterials/Substrate/Glints2/dict_0000_0246" 7617
"/Engine/EngineMaterials/Substrate/Glints2/dict_0000_0245" 7618
"/Engine/EngineMaterials/Substrate/Glints2/dict_0000_0252" 7619
"/Engine/EngineMaterials/Substrate/Glints2/dict_0000_0244" 7620
"/Engine/EngineMaterials/Substrate/Glints2/dict_0001_0009" 7621
"/Engine/EngineMaterials/Substrate/Glints2/dict_0001_0008" 7622
"/Engine/EngineMaterials/Substrate/Glints2/dict_0001_0013" 7623
"/Engine/EngineMaterials/Substrate/Glints2/dict_0001_0007" 7624
"/Engine/EngineMaterials/Substrate/Glints2/dict_0000_0243" 7625
"/Engine/EngineMaterials/Substrate/Glints2/dict_0001_0006" 7626
"/Engine/EngineMaterials/Substrate/Glints2/dict_0000_0251" 7627
"/Engine/EngineMaterials/Substrate/Glints2/dict_0000_0242" 7628
"/Engine/EngineMaterials/Substrate/Glints2/dict_0000_0255" 7629
"/Engine/EngineMaterials/Substrate/Glints2/dict_0001_0005" 7630
"/Engine/EngineMaterials/Substrate/Glints2/dict_0001_0012" 7631
"/Engine/EngineMaterials/Substrate/Glints2/dict_0001_0004" 7632
"/Engine/EngineMaterials/Substrate/Glints2/dict_0000_0248" 7633
"/Engine/EngineMaterials/Substrate/Glints2/dict_0000_0250" 7634
"/Engine/EngineMaterials/Substrate/Glints2/dict_0001_0011" 7635
"/Engine/EngineMaterials/Substrate/Glints2/dict_0000_0249" 7636
"/Engine/EngineMaterials/Substrate/Glints2/dict_0001_0003" 7637
"/Engine/EngineMaterials/Substrate/Glints2/dict_0000_0238" 7638
"/Engine/EngineMaterials/Substrate/Glints2/dict_0001_0002" 7639
"../../../Engine/Content/EngineMaterials/Substrate/Glints2/dict_0001_0018.uasset" 7640
"../../../Engine/Content/EngineMaterials/Substrate/Glints2/dict_0001_0020.uasset" 7641
"../../../Engine/Content/EngineMaterials/Substrate/Glints2/dict_0001_0025.uasset" 7642
"../../../Engine/Content/EngineMaterials/Substrate/Glints2/dict_0001_0024.uasset" 7643
"../../../Engine/Content/EngineMaterials/Substrate/Glints2/dict_0001_0017.uasset" 7644
"../../../Engine/Content/EngineMaterials/Substrate/Glints2/dict_0001_0021.uasset" 7645
"../../../Engine/Content/EngineMaterials/Substrate/Glints2/dict_0001_0022.uasset" 7646
"../../../Engine/Content/EngineMaterials/Substrate/Glints2/dict_0001_0023.uasset" 7647
"/Engine/EngineMaterials/Substrate/Glints2/dict_0001_0025" 7648
"../../../Engine/Content/EngineMaterials/Substrate/Glints2/dict_0001_0019.uasset" 7649
"../../../Engine/Content/EngineMaterials/Substrate/Glints2/dict_0001_0016.uasset" 7650
"../../../Engine/Content/EngineMaterials/Substrate/Glints2/dict_0001_0015.uasset" 7651
"/Engine/EngineMaterials/Substrate/Glints2/dict_0001_0024" 7652
"../../../Engine/Content/EngineMaterials/Substrate/Glints2/dict_0001_0028.uasset" 7653
"../../../Engine/Content/EngineMaterials/Substrate/Glints2/dict_0001_0027.uasset" 7654
"../../../Engine/Content/EngineMaterials/Substrate/Glints2/dict_0001_0026.uasset" 7655
"../../../Engine/Content/EngineMaterials/Substrate/Glints2/dict_0001_0029.uasset" 7656
"/Engine/EngineMaterials/Substrate/Glints2/dict_0001_0023" 7657
"/Engine/EngineMaterials/Substrate/Glints2/dict_0001_0022" 7658
"../../../Engine/Content/EngineMaterials/Substrate/Glints2/dict_0001_0035.uasset" 7659
"../../../Engine/Content/EngineMaterials/Substrate/Glints2/dict_0001_0033.uasset" 7660
"../../../Engine/Content/EngineMaterials/Substrate/Glints2/dict_0001_0032.uasset" 7661
"../../../Engine/Content/EngineMaterials/Substrate/Glints2/dict_0001_0039.uasset" 7662
"../../../Engine/Content/EngineMaterials/Substrate/Glints2/dict_0001_0030.uasset" 7663
"../../../Engine/Content/EngineMaterials/Substrate/Glints2/dict_0001_0036.uasset" 7664
"../../../Engine/Content/EngineMaterials/Substrate/Glints2/dict_0001_0040.uasset" 7665
"../../../Engine/Content/EngineMaterials/Substrate/Glints2/dict_0001_0034.uasset" 7666
"../../../Engine/Content/EngineMaterials/Substrate/Glints2/dict_0001_0037.uasset" 7667
"../../../Engine/Content/EngineMaterials/Substrate/Glints2/dict_0001_0038.uasset" 7668
"/Engine/EngineMaterials/Substrate/Glints2/dict_0001_0021" 7669
"/Engine/EngineMaterials/Substrate/Glints2/dict_0001_0020" 7670
"/Engine/EngineMaterials/Substrate/Glints2/dict_0001_0018" 7671
"/Engine/EngineMaterials/Substrate/Glints2/dict_0001_0017" 7672
"/Engine/EngineMaterials/Substrate/Glints2/dict_0001_0040" 7673
"/Engine/EngineMaterials/Substrate/Glints2/dict_0001_0039" 7674
"/Engine/EngineMaterials/Substrate/Glints2/dict_0001_0038" 7675
"/Engine/EngineMaterials/Substrate/Glints2/dict_0001_0037" 7676
"/Engine/EngineMaterials/Substrate/Glints2/dict_0001_0036" 7677
"/Engine/EngineMaterials/Substrate/Glints2/dict_0001_0035" 7678
"/Engine/EngineMaterials/Substrate/Glints2/dict_0001_0034" 7679
"/Engine/EngineMaterials/Substrate/Glints2/dict_0001_0033" 7680
"/Engine/EngineMaterials/Substrate/Glints2/dict_0001_0032" 7681
"/Engine/EngineMaterials/Substrate/Glints2/dict_0001_0030" 7682
"/Engine/EngineMaterials/Substrate/Glints2/dict_0001_0029" 7683
"/Engine/EngineMaterials/Substrate/Glints2/dict_0001_0028" 7684
"/Engine/EngineMaterials/Substrate/Glints2/dict_0001_0027" 7685
"/Engine/EngineMaterials/Substrate/Glints2/dict_0001_0026" 7686
"/Engine/EngineMaterials/Substrate/Glints2/dict_0001_0019" 7687
"/Engine/EngineMaterials/Substrate/Glints2/dict_0001_0016" 7688
"/Engine/EngineMaterials/Substrate/Glints2/dict_0001_0015" 7689
"../../../Engine/Content/EngineMaterials/Substrate/Glints2/dict_0001_0031.uasset" 7690
"../../../Engine/Content/EngineMaterials/Substrate/Glints2/dict_0001_0043.uasset" 7691
"../../../Engine/Content/EngineMaterials/Substrate/Glints2/dict_0001_0041.uasset" 7692
"../../../Engine/Content/EngineMaterials/Substrate/Glints2/dict_0001_0042.uasset" 7693
"/Engine/EngineMaterials/Substrate/Glints2/dict_0001_0043" 7694
"/Engine/EngineMaterials/Substrate/Glints2/dict_0001_0042" 7695
"../../../Engine/Content/EngineMaterials/Substrate/Glints2/dict_0001_0050.uasset" 7696
"/Engine/EngineMaterials/Substrate/Glints2/dict_0001_0041" 7697
"../../../Engine/Content/EngineMaterials/Substrate/Glints2/dict_0001_0046.uasset" 7698
"../../../Engine/Content/EngineMaterials/Substrate/Glints2/dict_0001_0047.uasset" 7699
"../../../Engine/Content/EngineMaterials/Substrate/Glints2/dict_0001_0049.uasset" 7700
"../../../Engine/Content/EngineMaterials/Substrate/Glints2/dict_0001_0048.uasset" 7701
"/Engine/EngineMaterials/Substrate/Glints2/dict_0001_0031" 7702
"../../../Engine/Content/EngineMaterials/Substrate/Glints2/dict_0001_0045.uasset" 7703
"/Engine/EngineMaterials/Substrate/Glints2/dict_0001_0050" 7704
"/Engine/EngineMaterials/Substrate/Glints2/dict_0001_0049" 7705
"/Engine/EngineMaterials/Substrate/Glints2/dict_0001_0048" 7706
"../../../Engine/Content/EngineMaterials/Substrate/Glints2/dict_0001_0054.uasset" 7707
"/Engine/EngineMaterials/Substrate/Glints2/dict_0001_0047" 7708
"../../../Engine/Content/EngineMaterials/Substrate/Glints2/dict_0001_0052.uasset" 7709
"/Engine/EngineMaterials/Substrate/Glints2/dict_0001_0046" 7710
"../../../Engine/Content/EngineMaterials/Substrate/Glints2/dict_0001_0051.uasset" 7711
"/Engine/EngineMaterials/Substrate/Glints2/dict_0001_0045" 7712
"/Engine/EngineMaterials/Substrate/Glints2/dict_0001_0051" 7713
"/Engine/EngineMaterials/Substrate/Glints2/dict_0001_0054" 7714
"/Engine/EngineMaterials/Substrate/Glints2/dict_0001_0052" 7715
"../../../Engine/Content/EngineMaterials/Substrate/Glints2/dict_0001_0053.uasset" 7716
"../../../Engine/Content/EngineMaterials/Substrate/Glints2/dict_0001_0059.uasset" 7717
"../../../Engine/Content/EngineMaterials/Substrate/Glints2/dict_0001_0056.uasset" 7718
"../../../Engine/Content/EngineMaterials/Substrate/Glints2/dict_0001_0055.uasset" 7719
"../../../Engine/Content/EngineMaterials/Substrate/Glints2/dict_0001_0058.uasset" 7720
"../../../Engine/Content/EngineMaterials/Substrate/Glints2/dict_0001_0063.uasset" 7721
"../../../Engine/Content/EngineMaterials/Substrate/Glints2/dict_0001_0062.uasset" 7722
"/Engine/EngineMaterials/Substrate/Glints2/dict_0001_0063" 7723
"/Engine/EngineMaterials/Substrate/Glints2/dict_0001_0062" 7724
"/Engine/EngineMaterials/Substrate/Glints2/dict_0001_0059" 7725
"/Engine/EngineMaterials/Substrate/Glints2/dict_0001_0058" 7726
"/Engine/EngineMaterials/Substrate/Glints2/dict_0001_0056" 7727
"../../../Engine/Content/EngineMaterials/Substrate/Glints2/dict_0001_0066.uasset" 7728
"../../../Engine/Content/EngineMaterials/Substrate/Glints2/dict_0001_0061.uasset" 7729
"../../../Engine/Content/EngineMaterials/Substrate/Glints2/dict_0001_0064.uasset" 7730
"../../../Engine/Content/EngineMaterials/Substrate/Glints2/dict_0001_0065.uasset" 7731
"/Engine/EngineMaterials/Substrate/Glints2/dict_0001_0055" 7732
"/Engine/EngineMaterials/Substrate/Glints2/dict_0001_0053" 7733
"/Engine/EngineMaterials/Substrate/Glints2/dict_0001_0066" 7734
"/Engine/EngineMaterials/Substrate/Glints2/dict_0001_0065" 7735
"/Engine/EngineMaterials/Substrate/Glints2/dict_0001_0064" 7736
"/Engine/EngineMaterials/Substrate/Glints2/dict_0001_0061" 7737
"../../../Engine/Content/EngineMaterials/Substrate/Glints2/dict_0001_0067.uasset" 7738
"../../../Engine/Content/EngineMaterials/Substrate/Glints2/dict_0001_0068.uasset" 7739
"../../../Engine/Content/EngineMaterials/Substrate/Glints2/dict_0000_0241.uasset" 7740
"../../../Engine/Content/EngineMaterials/Substrate/Glints2/dict_0001_0076.uasset" 7741
"../../../Engine/Content/EngineMaterials/Substrate/Glints2/dict_0001_0073.uasset" 7742
"../../../Engine/Content/EngineMaterials/Substrate/Glints2/dict_0001_0072.uasset" 7743
"../../../Engine/Content/EngineMaterials/Substrate/Glints2/dict_0001_0071.uasset" 7744
"../../../Engine/Content/EngineMaterials/Substrate/Glints2/dict_0001_0077.uasset" 7745
"../../../Engine/Content/EngineMaterials/Substrate/Glints2/dict_0001_0075.uasset" 7746
"/Engine/EngineMaterials/Substrate/Glints2/dict_0001_0072" 7747
"/Engine/EngineMaterials/Substrate/Glints2/dict_0001_0071" 7748
"/Engine/EngineMaterials/Substrate/Glints2/dict_0001_0068" 7749
"/Engine/EngineMaterials/Substrate/Glints2/dict_0001_0067" 7750
"/Engine/EngineMaterials/Substrate/Glints2/dict_0000_0241" 7751
"/Engine/EngineMaterials/Substrate/Glints2/dict_0001_0077" 7752
"/Engine/EngineMaterials/Substrate/Glints2/dict_0001_0076" 7753
"/Engine/EngineMaterials/Substrate/Glints2/dict_0001_0075" 7754
"/Engine/EngineMaterials/Substrate/Glints2/dict_0001_0073" 7755
"../../../Engine/Content/EngineMaterials/Substrate/Glints2/dict_0001_0078.uasset" 7756
"../../../Engine/Content/EngineMaterials/Substrate/Glints2/dict_0001_0074.uasset" 7757
"/Engine/EngineMaterials/Substrate/Glints2/dict_0001_0078" 7758
"/Engine/EngineMaterials/Substrate/Glints2/dict_0001_0074" 7759
"../../../Engine/Content/EngineMaterials/Substrate/Glints2/dict_0001_0069.uasset" 7760
"../../../Engine/Content/EngineMaterials/Substrate/Glints2/dict_0001_0082.uasset" 7761
"../../../Engine/Content/EngineMaterials/Substrate/Glints2/dict_0001_0070.uasset" 7762
"../../../Engine/Content/EngineMaterials/Substrate/Glints2/dict_0001_0079.uasset" 7763
"/Engine/EngineMaterials/Substrate/Glints2/dict_0001_0070" 7764
"/Engine/EngineMaterials/Substrate/Glints2/dict_0001_0069" 7765
"/Engine/EngineMaterials/Substrate/Glints2/dict_0001_0082" 7766
"/Engine/EngineMaterials/Substrate/Glints2/dict_0001_0079" 7767
"../../../Engine/Content/EngineMaterials/Substrate/Glints2/dict_0001_0083.uasset" 7768
"../../../Engine/Content/EngineMaterials/Substrate/Glints2/dict_0001_0080.uasset" 7769
"../../../Engine/Content/EngineMaterials/Substrate/Glints2/dict_0001_0084.uasset" 7770
"../../../Engine/Content/EngineMaterials/Substrate/Glints2/dict_0001_0089.uasset" 7771
"../../../Engine/Content/EngineMaterials/Substrate/Glints2/dict_0001_0081.uasset" 7772
"../../../Engine/Content/EngineMaterials/Substrate/Glints2/dict_0001_0088.uasset" 7773
"/Engine/EngineMaterials/Substrate/Glints2/dict_0001_0089" 7774
"../../../Engine/Content/EngineMaterials/Substrate/Glints2/dict_0001_0085.uasset" 7775
"../../../Engine/Content/EngineMaterials/Substrate/Glints2/dict_0001_0087.uasset" 7776
"/Engine/EngineMaterials/Substrate/Glints2/dict_0001_0084" 7777
"/Engine/EngineMaterials/Substrate/Glints2/dict_0001_0083" 7778
"/Engine/EngineMaterials/Substrate/Glints2/dict_0001_0081" 7779
"/Engine/EngineMaterials/Substrate/Glints2/dict_0001_0080" 7780
"/Engine/EngineMaterials/Substrate/Glints2/dict_0001_0088" 7781
"/Engine/EngineMaterials/Substrate/Glints2/dict_0001_0087" 7782
"/Engine/EngineMaterials/Substrate/Glints2/dict_0001_0085" 7783
"../../../Engine/Content/EngineMaterials/Substrate/Glints2/dict_0001_0093.uasset" 7784
"../../../Engine/Content/EngineMaterials/Substrate/Glints2/dict_0001_0092.uasset" 7785
"../../../Engine/Content/EngineMaterials/Substrate/Glints2/dict_0001_0091.uasset" 7786
"../../../Engine/Content/EngineMaterials/Substrate/Glints2/dict_0001_0094.uasset" 7787
"../../../Engine/Content/EngineMaterials/Substrate/Glints2/dict_0001_0090.uasset" 7788
"../../../Engine/Content/EngineMaterials/Substrate/Glints2/dict_0001_0096.uasset" 7789
"../../../Engine/Content/EngineMaterials/Substrate/Glints2/dict_0001_0097.uasset" 7790
"../../../Engine/Content/EngineMaterials/Substrate/Glints2/dict_0001_0095.uasset" 7791
"/Engine/EngineMaterials/Substrate/Glints2/dict_0001_0092" 7792
"/Engine/EngineMaterials/Substrate/Glints2/dict_0001_0091" 7793
"/Engine/EngineMaterials/Substrate/Glints2/dict_0001_0090" 7794
"/Engine/EngineMaterials/Substrate/Glints2/dict_0001_0097" 7795
"/Engine/EngineMaterials/Substrate/Glints2/dict_0001_0096" 7796
"/Engine/EngineMaterials/Substrate/Glints2/dict_0001_0095" 7797
"/Engine/EngineMaterials/Substrate/Glints2/dict_0001_0094" 7798
"/Engine/EngineMaterials/Substrate/Glints2/dict_0001_0093" 7799
"../../../Engine/Content/EngineMaterials/Substrate/Glints2/dict_0001_0098.uasset" 7800
"/Engine/EngineMaterials/Substrate/Glints2/dict_0001_0098" 7801
"../../../Engine/Content/EngineMaterials/Substrate/Glints2/dict_0001_0106.uasset" 7802
"/Engine/EngineMaterials/Substrate/Glints2/dict_0001_0106" 7803
"../../../Engine/Content/EngineMaterials/Substrate/Glints2/dict_0001_0099.uasset" 7804
"../../../Engine/Content/EngineMaterials/Substrate/Glints2/dict_0001_0102.uasset" 7805
"../../../Engine/Content/EngineMaterials/Substrate/Glints2/dict_0001_0103.uasset" 7806
"../../../Engine/Content/EngineMaterials/Substrate/Glints2/dict_0001_0104.uasset" 7807
"../../../Engine/Content/EngineMaterials/Substrate/Glints2/dict_0001_0100.uasset" 7808
"../../../Engine/Content/EngineMaterials/Substrate/Glints2/dict_0001_0101.uasset" 7809
"../../../Engine/Content/EngineMaterials/Substrate/Glints2/dict_0001_0105.uasset" 7810
"/Engine/EngineMaterials/Substrate/Glints2/dict_0001_0101" 7811
"../../../Engine/Content/EngineMaterials/Substrate/Glints2/dict_0001_0109.uasset" 7812
"../../../Engine/Content/EngineMaterials/Substrate/Glints2/dict_0001_0111.uasset" 7813
"../../../Engine/Content/EngineMaterials/Substrate/Glints2/dict_0001_0115.uasset" 7814
"../../../Engine/Content/EngineMaterials/Substrate/Glints2/dict_0001_0114.uasset" 7815
"/Engine/EngineMaterials/Substrate/Glints2/dict_0001_0100" 7816
"../../../Engine/Content/EngineMaterials/Substrate/Glints2/dict_0001_0113.uasset" 7817
"/Engine/EngineMaterials/Substrate/Glints2/dict_0001_0099" 7818
"../../../Engine/Content/EngineMaterials/Substrate/Glints2/dict_0001_0112.uasset" 7819
"/Engine/EngineMaterials/Substrate/Glints2/dict_0001_0103" 7820
"/Engine/EngineMaterials/Substrate/Glints2/dict_0001_0102" 7821
"/Engine/EngineMaterials/Substrate/Glints2/dict_0001_0105" 7822
"/Engine/EngineMaterials/Substrate/Glints2/dict_0001_0104" 7823
"/Engine/EngineMaterials/Substrate/Glints2/dict_0001_0115" 7824
"/Engine/EngineMaterials/Substrate/Glints2/dict_0001_0114" 7825
"/Engine/EngineMaterials/Substrate/Glints2/dict_0001_0112" 7826
"/Engine/EngineMaterials/Substrate/Glints2/dict_0001_0113" 7827
"/Engine/EngineMaterials/Substrate/Glints2/dict_0001_0111" 7828
"/Engine/EngineMaterials/Substrate/Glints2/dict_0001_0109" 7829
"../../../Engine/Content/EngineMaterials/Substrate/Glints2/dict_0001_0117.uasset" 7830
"../../../Engine/Content/EngineMaterials/Substrate/Glints2/dict_0001_0110.uasset" 7831
"../../../Engine/Content/EngineMaterials/Substrate/Glints2/dict_0001_0116.uasset" 7832
"../../../Engine/Content/EngineMaterials/Substrate/Glints2/dict_0001_0120.uasset" 7833
"/Engine/EngineMaterials/Substrate/Glints2/dict_0001_0110" 7834
"/Engine/EngineMaterials/Substrate/Glints2/dict_0001_0120" 7835
"/Engine/EngineMaterials/Substrate/Glints2/dict_0001_0117" 7836
"/Engine/EngineMaterials/Substrate/Glints2/dict_0001_0116" 7837
"../../../Engine/Content/EngineMaterials/Substrate/Glints2/dict_0001_0121.uasset" 7838
"../../../Engine/Content/EngineMaterials/Substrate/Glints2/dict_0001_0119.uasset" 7839
"/Engine/EngineMaterials/Substrate/Glints2/dict_0001_0121" 7840
"../../../Engine/Content/EngineMaterials/Substrate/Glints2/dict_0001_0118.uasset" 7841
"/Engine/EngineMaterials/Substrate/Glints2/dict_0001_0119" 7842
"../../../Engine/Content/EngineMaterials/Substrate/Glints2/dict_0001_0123.uasset" 7843
"/Engine/EngineMaterials/Substrate/Glints2/dict_0001_0118" 7844
"/Engine/EngineMaterials/Substrate/Glints2/dict_0001_0123" 7845
"../../../Engine/Content/EngineMaterials/Substrate/Glints2/dict_0001_0122.uasset" 7846
"../../../Engine/Content/EngineMaterials/Substrate/Glints2/dict_0001_0125.uasset" 7847
"../../../Engine/Content/EngineMaterials/Substrate/Glints2/dict_0001_0124.uasset" 7848
"../../../Engine/Content/EngineMaterials/Substrate/Glints2/dict_0001_0127.uasset" 7849
"../../../Engine/Content/EngineMaterials/Substrate/Glints2/dict_0001_0126.uasset" 7850
"../../../Engine/Content/EngineMaterials/Substrate/Glints2/dict_0001_0129.uasset" 7851
"/Engine/EngineMaterials/Substrate/Glints2/dict_0001_0124" 7852
"../../../Engine/Content/EngineMaterials/Substrate/Glints2/dict_0001_0128.uasset" 7853
"/Engine/EngineMaterials/Substrate/Glints2/dict_0001_0122" 7854
"../../../Engine/Content/EngineMaterials/Substrate/Glints2/dict_0001_0130.uasset" 7855
"/Engine/EngineMaterials/Substrate/Glints2/dict_0001_0125" 7856
"/Engine/EngineMaterials/Substrate/Glints2/dict_0001_0129" 7857
"/Engine/EngineMaterials/Substrate/Glints2/dict_0001_0127" 7858
"/Engine/EngineMaterials/Substrate/Glints2/dict_0001_0126" 7859
"/Engine/EngineMaterials/Substrate/Glints2/dict_0001_0130" 7860
"/Engine/EngineMaterials/Substrate/Glints2/dict_0001_0128" 7861
"../../../Engine/Content/EngineMaterials/Substrate/Glints2/dict_0001_0131.uasset" 7862
"../../../Engine/Content/EngineMaterials/Substrate/Glints2/dict_0001_0135.uasset" 7863
"/Engine/EngineMaterials/Substrate/Glints2/dict_0001_0131" 7864
"/Engine/EngineMaterials/Substrate/Glints2/dict_0001_0135" 7865
"../../../Engine/Content/EngineMaterials/Substrate/Glints2/dict_0001_0132.uasset" 7866
"../../../Engine/Content/EngineMaterials/Substrate/Glints2/dict_0001_0137.uasset" 7867
"../../../Engine/Content/EngineMaterials/Substrate/Glints2/dict_0001_0134.uasset" 7868
"../../../Engine/Content/EngineMaterials/Substrate/Glints2/dict_0001_0136.uasset" 7869
"../../../Engine/Content/EngineMaterials/Substrate/Glints2/dict_0001_0138.uasset" 7870
"../../../Engine/Content/EngineMaterials/Substrate/Glints2/dict_0001_0133.uasset" 7871
"/Engine/EngineMaterials/Substrate/Glints2/dict_0001_0132" 7872
"../../../Engine/Content/EngineMaterials/Substrate/Glints2/dict_0001_0141.uasset" 7873
"/Engine/EngineMaterials/Substrate/Glints2/dict_0001_0137" 7874
"/Engine/EngineMaterials/Substrate/Glints2/dict_0001_0136" 7875
"../../../Engine/Content/EngineMaterials/Substrate/Glints2/dict_0001_0142.uasset" 7876
"../../../Engine/Content/EngineMaterials/Substrate/Glints2/dict_0001_0139.uasset" 7877
"/Engine/EngineMaterials/Substrate/Glints2/dict_0001_0134" 7878
"/Engine/EngineMaterials/Substrate/Glints2/dict_0001_0133" 7879
"/Engine/EngineMaterials/Substrate/Glints2/dict_0001_0142" 7880
"../../../Engine/Content/EngineMaterials/Substrate/Glints2/dict_0001_0144.uasset" 7881
"/Engine/EngineMaterials/Substrate/Glints2/dict_0001_0141" 7882
"/Engine/EngineMaterials/Substrate/Glints2/dict_0001_0139" 7883
"/Engine/EngineMaterials/Substrate/Glints2/dict_0001_0144" 7884
"../../../Engine/Content/EngineMaterials/Substrate/Glints2/dict_0001_0140.uasset" 7885
"../../../Engine/Content/EngineMaterials/Substrate/Glints2/dict_0001_0143.uasset" 7886
"../../../Engine/Content/EngineMaterials/Substrate/Glints2/dict_0001_0146.uasset" 7887
"../../../Engine/Content/EngineMaterials/Substrate/Glints2/dict_0001_0145.uasset" 7888
"../../../Engine/Content/EngineMaterials/Substrate/Glints2/dict_0001_0147.uasset" 7889
"/Engine/EngineMaterials/Substrate/Glints2/dict_0001_0146" 7890
"/Engine/EngineMaterials/Substrate/Glints2/dict_0001_0143" 7891
"/Engine/EngineMaterials/Substrate/Glints2/dict_0001_0145" 7892
"../../../Engine/Content/EngineMaterials/Substrate/Glints2/dict_0001_0149.uasset" 7893
"/Engine/EngineMaterials/Substrate/Glints2/dict_0001_0140" 7894
"/Engine/EngineMaterials/Substrate/Glints2/dict_0001_0147" 7895
"/Engine/EngineMaterials/Substrate/Glints2/dict_0001_0149" 7896
"../../../Engine/Content/EngineMaterials/Substrate/Glints2/dict_0001_0148.uasset" 7897
"../../../Engine/Content/EngineMaterials/Substrate/Glints2/dict_0001_0150.uasset" 7898
"../../../Engine/Content/EngineMaterials/Substrate/Glints2/dict_0001_0151.uasset" 7899
"../../../Engine/Content/EngineMaterials/Substrate/Glints2/dict_0001_0152.uasset" 7900
"../../../Engine/Content/EngineMaterials/Substrate/Glints2/dict_0001_0153.uasset" 7901
"../../../Engine/Content/EngineMaterials/Substrate/Glints2/dict_0001_0154.uasset" 7902
"../../../Engine/Content/EngineMaterials/Substrate/Glints2/dict_0001_0158.uasset" 7903
"../../../Engine/Content/EngineMaterials/Substrate/Glints2/dict_0001_0159.uasset" 7904
"../../../Engine/Content/EngineMaterials/Substrate/Glints2/dict_0001_0161.uasset" 7905
"../../../Engine/Content/EngineMaterials/Substrate/Glints2/dict_0001_0160.uasset" 7906
"../../../Engine/Content/EngineMaterials/Substrate/Glints2/dict_0001_0163.uasset" 7907
"/Engine/EngineMaterials/Substrate/Glints2/dict_0001_0161" 7908
"/Engine/EngineMaterials/Substrate/Glints2/dict_0001_0154" 7909
"/Engine/EngineMaterials/Substrate/Glints2/dict_0001_0152" 7910
"/Engine/EngineMaterials/Substrate/Glints2/dict_0001_0151" 7911
"/Engine/EngineMaterials/Substrate/Glints2/dict_0001_0138" 7912
"/Engine/EngineMaterials/Substrate/Glints2/dict_0001_0160" 7913
"/Engine/EngineMaterials/Substrate/Glints2/dict_0001_0159" 7914
"/Engine/EngineMaterials/Substrate/Glints2/dict_0001_0150" 7915
"/Engine/EngineMaterials/Substrate/Glints2/dict_0001_0158" 7916
"/Engine/EngineMaterials/Substrate/Glints2/dict_0001_0163" 7917
"/Engine/EngineMaterials/Substrate/Glints2/dict_0001_0153" 7918
"/Engine/EngineMaterials/Substrate/Glints2/dict_0001_0148" 7919
"../../../Engine/Content/EngineMaterials/Substrate/Glints2/dict_0001_0044.uasset" 7920
"/Engine/EngineMaterials/Substrate/Glints2/dict_0001_0044" 7921
"../../../Engine/Content/EngineMaterials/Substrate/Glints2/dict_0001_0001.uasset" 7922
"/Engine/EngineMaterials/Substrate/Glints2/dict_0001_0001" 7923
"../../../Engine/Content/EngineMaterials/Substrate/Glints2/dict_0001_0156.uasset" 7924
"../../../Engine/Content/EngineMaterials/Substrate/Glints2/dict_0001_0164.uasset" 7925
"../../../Engine/Content/EngineMaterials/Substrate/Glints2/dict_0001_0157.uasset" 7926
"../../../Engine/Content/EngineMaterials/Substrate/Glints2/dict_0001_0155.uasset" 7927
"../../../Engine/Content/EngineMaterials/Substrate/Glints2/dict_0001_0166.uasset" 7928
"../../../Engine/Content/EngineMaterials/Substrate/Glints2/dict_0001_0165.uasset" 7929
"/Engine/EngineMaterials/Substrate/Glints2/dict_0001_0155" 7930
"/Engine/EngineMaterials/Substrate/Glints2/dict_0001_0156" 7931
"../../../Engine/Content/EngineMaterials/Substrate/Glints2/dict_0001_0167.uasset" 7932
"/Engine/EngineMaterials/Substrate/Glints2/dict_0001_0164" 7933
"../../../Engine/Content/EngineMaterials/Substrate/Glints2/dict_0001_0168.uasset" 7934
"/Engine/EngineMaterials/Substrate/Glints2/dict_0001_0157" 7935
"/Engine/EngineMaterials/Substrate/Glints2/dict_0001_0166" 7936
"/Engine/EngineMaterials/Substrate/Glints2/dict_0001_0165" 7937
"../../../Engine/Content/EngineMaterials/Substrate/Glints2/dict_0001_0107.uasset" 7938
"../../../Engine/Content/EngineMaterials/Substrate/Glints2/dict_0001_0174.uasset" 7939
"../../../Engine/Content/EngineMaterials/Substrate/Glints2/dict_0001_0172.uasset" 7940
"../../../Engine/Content/EngineMaterials/Substrate/Glints2/dict_0001_0173.uasset" 7941
"../../../Engine/Content/EngineMaterials/Substrate/Glints2/dict_0001_0171.uasset" 7942
"../../../Engine/Content/EngineMaterials/Substrate/Glints2/dict_0001_0170.uasset" 7943
"../../../Engine/Content/EngineMaterials/Substrate/Glints2/dict_0001_0162.uasset" 7944
"../../../Engine/Content/EngineMaterials/Substrate/Glints2/dict_0001_0060.uasset" 7945
"../../../Engine/Content/EngineMaterials/Substrate/Glints2/dict_0000_0240.uasset" 7946
"../../../Engine/Content/EngineMaterials/Substrate/Glints2/dict_0001_0183.uasset" 7947
"../../../Engine/Content/EngineMaterials/Substrate/Glints2/dict_0001_0181.uasset" 7948
"../../../Engine/Content/EngineMaterials/Substrate/Glints2/dict_0001_0180.uasset" 7949
"../../../Engine/Content/EngineMaterials/Substrate/Glints2/dict_0001_0179.uasset" 7950
"../../../Engine/Content/EngineMaterials/Substrate/Glints2/dict_0001_0182.uasset" 7951
"../../../Engine/Content/EngineMaterials/Substrate/Glints2/dict_0001_0184.uasset" 7952
"../../../Engine/Content/EngineMaterials/Substrate/Glints2/dict_0001_0187.uasset" 7953
"../../../Engine/Content/EngineMaterials/Substrate/Glints2/dict_0001_0188.uasset" 7954
"/Engine/EngineMaterials/Substrate/Glints2/dict_0001_0168" 7955
"/Engine/EngineMaterials/Substrate/Glints2/dict_0001_0167" 7956
"/Engine/EngineMaterials/Substrate/Glints2/dict_0001_0183" 7957
"/Engine/EngineMaterials/Substrate/Glints2/dict_0001_0107" 7958
"/Engine/EngineMaterials/Substrate/Glints2/dict_0001_0182" 7959
"/Engine/EngineMaterials/Substrate/Glints2/dict_0001_0181" 7960
"/Engine/EngineMaterials/Substrate/Glints2/dict_0001_0170" 7961
"/Engine/EngineMaterials/Substrate/Glints2/dict_0001_0180" 7962
"/Engine/EngineMaterials/Substrate/Glints2/dict_0001_0060" 7963
"/Engine/EngineMaterials/Substrate/Glints2/dict_0001_0188" 7964
"/Engine/EngineMaterials/Substrate/Glints2/dict_0001_0174" 7965
"/Engine/EngineMaterials/Substrate/Glints2/dict_0001_0187" 7966
"/Engine/EngineMaterials/Substrate/Glints2/dict_0001_0171" 7967
"/Engine/EngineMaterials/Substrate/Glints2/dict_0001_0173" 7968
"/Engine/EngineMaterials/Substrate/Glints2/dict_0001_0162" 7969
"/Engine/EngineMaterials/Substrate/Glints2/dict_0000_0240" 7970
"/Engine/EngineMaterials/Substrate/Glints2/dict_0001_0184" 7971
"/Engine/EngineMaterials/Substrate/Glints2/dict_0001_0172" 7972
"../../../Engine/Content/EngineMaterials/Substrate/Glints2/dict_0001_0189.uasset" 7973
"/Engine/EngineMaterials/Substrate/Glints2/dict_0001_0189" 7974
"../../../Engine/Content/EngineMaterials/Substrate/Glints2/dict_0001_0057.uasset" 7975
"/Engine/EngineMaterials/Substrate/Glints2/dict_0001_0057" 7976
"../../../Engine/Content/EngineMaterials/Substrate/Glints2/dict_0001_0086.uasset" 7977
"../../../Engine/Content/EngineMaterials/Substrate/Glints2/dict_0001_0108.uasset" 7978
"../../../Engine/Content/EngineMaterials/Substrate/Glints2/dict_0001_0176.uasset" 7979
"../../../Engine/Content/EngineMaterials/Substrate/Glints2/dict_0001_0178.uasset" 7980
"../../../Engine/Content/EngineMaterials/Substrate/Glints2/dict_0001_0177.uasset" 7981
"/Engine/EngineMaterials/Substrate/Glints2/dict_0001_0178" 7982
"/Engine/EngineMaterials/Substrate/Glints2/dict_0001_0177" 7983
"/Engine/EngineMaterials/Substrate/Glints2/dict_0001_0086" 7984
"/Engine/EngineMaterials/Substrate/Glints2/dict_0001_0108" 7985
"../../../Engine/Content/EngineMaterials/Substrate/Glints2/dict_0001_0190.uasset" 7986
"../../../Engine/Content/EngineMaterials/Substrate/Glints2/dict_0001_0169.uasset" 7987
"../../../Engine/Content/EngineMaterials/Substrate/Glints2/dict_0001_0186.uasset" 7988
"../../../Engine/Content/EngineMaterials/Substrate/Glints2/dict_0001_0185.uasset" 7989
"/Engine/EngineMaterials/Substrate/Glints2/dict_0001_0190" 7990
"/Engine/EngineMaterials/Substrate/Glints2/dict_0001_0179" 7991
"/Engine/EngineMaterials/Substrate/Glints2/dict_0001_0186" 7992
"/Engine/EngineMaterials/Substrate/Glints2/dict_0001_0185" 7993
"/Engine/EngineMaterials/Substrate/Glints2/dict_0001_0169" 7994
"/Engine/EngineMaterials/Substrate/Glints2/dict_0001_0176" 7995
"../../../Engine/Content/EngineMaterials/Substrate/Glints2/dict_0001_0200.uasset" 7996
"../../../Engine/Content/EngineMaterials/Substrate/Glints2/dict_0001_0195.uasset" 7997
"../../../Engine/Content/EngineMaterials/Substrate/Glints2/dict_0001_0193.uasset" 7998
"../../../Engine/Content/EngineMaterials/Substrate/Glints2/dict_0001_0191.uasset" 7999
"../../../Engine/Content/EngineMaterials/Substrate/Glints2/dict_0001_0194.uasset" 8000
"../../../Engine/Content/EngineMaterials/Substrate/Glints2/dict_0001_0192.uasset" 8001
"../../../Engine/Content/EngineMaterials/Substrate/Glints2/dict_0001_0197.uasset" 8002
"/Engine/EngineMaterials/Substrate/Glints2/dict_0001_0193" 8003
"/Engine/EngineMaterials/Substrate/Glints2/dict_0001_0200" 8004
"/Engine/EngineMaterials/Substrate/Glints2/dict_0001_0192" 8005
"/Engine/EngineMaterials/Substrate/Glints2/dict_0001_0191" 8006
"../../../Engine/Content/EngineMaterials/Substrate/Glints2/dict_0001_0198.uasset" 8007
"/Engine/EngineMaterials/Substrate/Glints2/dict_0001_0197" 8008
"/Engine/EngineMaterials/Substrate/Glints2/dict_0001_0195" 8009
"/Engine/EngineMaterials/Substrate/Glints2/dict_0001_0194" 8010
"/Engine/EngineMaterials/Substrate/Glints2/dict_0001_0198" 8011
"../../../Engine/Content/EngineMaterials/Substrate/Glints2/dict_0001_0175.uasset" 8012
"/Engine/EngineMaterials/Substrate/Glints2/dict_0001_0175" 8013
"../../../Engine/Content/EngineMaterials/Substrate/Glints2/dict_0001_0199.uasset" 8014
"/Engine/EngineMaterials/Substrate/Glints2/dict_0001_0199" 8015
"../../../Engine/Content/EngineMaterials/Substrate/Glints2/dict_0001_0196.uasset" 8016
"/Engine/EngineMaterials/Substrate/Glints2/dict_0001_0196" 8017
"../../../Engine/Content/EngineMaterials/Substrate/Glints2/dict_0001_0203.uasset" 8018
"../../../Engine/Content/EngineMaterials/Substrate/Glints2/dict_0001_0204.uasset" 8019
"../../../Engine/Content/EngineMaterials/Substrate/Glints2/dict_0001_0206.uasset" 8020
"/Engine/EngineMaterials/Substrate/Glints2/dict_0001_0206" 8021
"../../../Engine/Content/EngineMaterials/Substrate/Glints2/dict_0001_0202.uasset" 8022
"/Engine/EngineMaterials/Substrate/Glints2/dict_0001_0204" 8023
"/Engine/EngineMaterials/Substrate/Glints2/dict_0001_0203" 8024
"/Engine/EngineMaterials/Substrate/Glints2/dict_0001_0202" 8025
"../../../Engine/Content/EngineMaterials/Substrate/Glints2/dict_0001_0201.uasset" 8026
"/Engine/EngineMaterials/Substrate/Glints2/dict_0001_0201" 8027
"D:/UNDERWATER_TEST01-5.2-5.6/DerivedDataCache/VT/TEXTURE_7C16439390E24F1F9468894FB4D4BC55_VTCHUNK4728D469FAE20C21651F7A1A592F34E49F006673" 8028
"../../../Engine/Content/EngineMaterials/Substrate/Glints2/dict_0001_0208.uasset" 8029
"../../../Engine/Content/EngineMaterials/Substrate/Glints2/dict_0001_0213.uasset" 8030
"../../../Engine/Content/EngineMaterials/Substrate/Glints2/dict_0001_0219.uasset" 8031
"../../../Engine/Content/EngineMaterials/Substrate/Glints2/dict_0001_0212.uasset" 8032
"../../../Engine/Content/EngineMaterials/Substrate/Glints2/dict_0001_0211.uasset" 8033
"../../../Engine/Content/EngineMaterials/Substrate/Glints2/dict_0001_0210.uasset" 8034
"../../../Engine/Content/EngineMaterials/Substrate/Glints2/dict_0001_0220.uasset" 8035
"../../../Engine/Content/EngineMaterials/Substrate/Glints2/dict_0001_0205.uasset" 8036
"../../../Engine/Content/EngineMaterials/Substrate/Glints2/dict_0001_0218.uasset" 8037
"../../../Engine/Content/EngineMaterials/Substrate/Glints2/dict_0001_0216.uasset" 8038
"../../../Engine/Content/EngineMaterials/Substrate/Glints2/dict_0001_0209.uasset" 8039
"../../../Engine/Content/EngineMaterials/Substrate/Glints2/dict_0001_0217.uasset" 8040
"/Engine/EngineMaterials/Substrate/Glints2/dict_0001_0219" 8041
"/Engine/EngineMaterials/Substrate/Glints2/dict_0001_0208" 8042
"/Engine/EngineMaterials/Substrate/Glints2/dict_0001_0213" 8043
"/Engine/EngineMaterials/Substrate/Glints2/dict_0001_0210" 8044
"/Engine/EngineMaterials/Substrate/Glints2/dict_0001_0211" 8045
"/Engine/EngineMaterials/Substrate/Glints2/dict_0001_0220" 8046
"/Engine/EngineMaterials/Substrate/Glints2/dict_0001_0212" 8047
"/Engine/EngineMaterials/Substrate/Glints2/dict_0001_0209" 8048
"/Engine/EngineMaterials/Substrate/Glints2/dict_0001_0205" 8049
"/Engine/EngineMaterials/Substrate/Glints2/dict_0001_0218" 8050
"/Engine/EngineMaterials/Substrate/Glints2/dict_0001_0217" 8051
"/Engine/EngineMaterials/Substrate/Glints2/dict_0001_0216" 8052
"../../../Engine/Content/EngineMaterials/Substrate/Glints2/dict_0001_0215.uasset" 8053
"../../../Engine/Content/EngineMaterials/Substrate/Glints2/dict_0001_0223.uasset" 8054
"../../../Engine/Content/EngineMaterials/Substrate/Glints2/dict_0001_0207.uasset" 8055
"../../../Engine/Content/EngineMaterials/Substrate/Glints2/dict_0001_0230.uasset" 8056
"../../../Engine/Content/EngineMaterials/Substrate/Glints2/dict_0001_0226.uasset" 8057
"../../../Engine/Content/EngineMaterials/Substrate/Glints2/dict_0001_0229.uasset" 8058
"../../../Engine/Content/EngineMaterials/Substrate/Glints2/dict_0001_0227.uasset" 8059
"../../../Engine/Content/EngineMaterials/Substrate/Glints2/dict_0001_0224.uasset" 8060
"../../../Engine/Content/EngineMaterials/Substrate/Glints2/dict_0001_0232.uasset" 8061
"../../../Engine/Content/EngineMaterials/Substrate/Glints2/dict_0001_0225.uasset" 8062
"../../../Engine/Content/EngineMaterials/Substrate/Glints2/dict_0001_0231.uasset" 8063
"/Engine/EngineMaterials/Substrate/Glints2/dict_0001_0207" 8064
"/Engine/EngineMaterials/Substrate/Glints2/dict_0001_0215" 8065
"/Engine/EngineMaterials/Substrate/Glints2/dict_0001_0230" 8066
"/Engine/EngineMaterials/Substrate/Glints2/dict_0001_0227" 8067
"/Engine/EngineMaterials/Substrate/Glints2/dict_0001_0231" 8068
"/Engine/EngineMaterials/Substrate/Glints2/dict_0001_0226" 8069
"/Engine/EngineMaterials/Substrate/Glints2/dict_0001_0225" 8070
"/Engine/EngineMaterials/Substrate/Glints2/dict_0001_0229" 8071
"/Engine/EngineMaterials/Substrate/Glints2/dict_0001_0224" 8072
"/Engine/EngineMaterials/Substrate/Glints2/dict_0001_0232" 8073
"/Engine/EngineMaterials/Substrate/Glints2/dict_0001_0223" 8074
"../../../Engine/Content/EngineMaterials/Substrate/Glints2/dict_0001_0221.uasset" 8075
"/Engine/EngineMaterials/Substrate/Glints2/dict_0001_0221" 8076
"../../../Engine/Content/EngineMaterials/Substrate/Glints2/dict_0001_0228.uasset" 8077
"../../../Engine/Content/EngineMaterials/Substrate/Glints2/dict_0001_0234.uasset" 8078
"/Engine/EngineMaterials/Substrate/Glints2/dict_0001_0234" 8079
"/Engine/EngineMaterials/Substrate/Glints2/dict_0001_0228" 8080
"../../../Engine/Content/EngineMaterials/Substrate/Glints2/dict_0001_0222.uasset" 8081
"../../../Engine/Content/EngineMaterials/Substrate/Glints2/dict_0001_0235.uasset" 8082
"../../../Engine/Content/EngineMaterials/Substrate/Glints2/dict_0001_0238.uasset" 8083
"../../../Engine/Content/EngineMaterials/Substrate/Glints2/dict_0001_0236.uasset" 8084
"../../../Engine/Content/EngineMaterials/Substrate/Glints2/dict_0001_0214.uasset" 8085
"../../../Engine/Content/EngineMaterials/Substrate/Glints2/dict_0001_0240.uasset" 8086
"../../../Engine/Content/EngineMaterials/Substrate/Glints2/dict_0001_0241.uasset" 8087
"/Engine/EngineMaterials/Substrate/Glints2/dict_0001_0235" 8088
"/Engine/EngineMaterials/Substrate/Glints2/dict_0001_0214" 8089
"/Engine/EngineMaterials/Substrate/Glints2/dict_0001_0241" 8090
"/Engine/EngineMaterials/Substrate/Glints2/dict_0001_0240" 8091
"/Engine/EngineMaterials/Substrate/Glints2/dict_0001_0236" 8092
"../../../Engine/Content/EngineMaterials/Substrate/Glints2/dict_0001_0243.uasset" 8093
"../../../Engine/Content/EngineMaterials/Substrate/Glints2/dict_0001_0242.uasset" 8094
"/Engine/EngineMaterials/Substrate/Glints2/dict_0001_0238" 8095
"/Engine/EngineMaterials/Substrate/Glints2/dict_0001_0222" 8096
"/Engine/EngineMaterials/Substrate/Glints2/dict_0001_0243" 8097
"/Engine/EngineMaterials/Substrate/Glints2/dict_0001_0242" 8098
"../../../Engine/Content/EngineMaterials/Substrate/Glints2/dict_0001_0244.uasset" 8099
"../../../Engine/Content/EngineMaterials/Substrate/Glints2/dict_0001_0247.uasset" 8100
"/Engine/EngineMaterials/Substrate/Glints2/dict_0001_0244" 8101
"/Engine/EngineMaterials/Substrate/Glints2/dict_0001_0247" 8102
"../../../Engine/Content/EngineMaterials/Substrate/Glints2/dict_0001_0246.uasset" 8103
"../../../Engine/Content/EngineMaterials/Substrate/Glints2/dict_0001_0248.uasset" 8104
"../../../Engine/Content/EngineMaterials/Substrate/Glints2/dict_0001_0254.uasset" 8105
"../../../Engine/Content/EngineMaterials/Substrate/Glints2/dict_0001_0253.uasset" 8106
"../../../Engine/Content/EngineMaterials/Substrate/Glints2/dict_0001_0250.uasset" 8107
"../../../Engine/Content/EngineMaterials/Substrate/Glints2/dict_0001_0255.uasset" 8108
"../../../Engine/Content/EngineMaterials/Substrate/Glints2/dict_0001_0249.uasset" 8109
"../../../Engine/Content/EngineMaterials/Substrate/Glints2/dict_0001_0245.uasset" 8110
"../../../Engine/Content/EngineMaterials/Substrate/Glints2/dict_0001_0252.uasset" 8111
"../../../Engine/Content/EngineMaterials/Substrate/Glints2/dict_0001_0251.uasset" 8112
"../../../Engine/Content/EngineMaterials/Substrate/Glints2/dict_0002_0000.uasset" 8113
"../../../Engine/Content/EngineMaterials/Substrate/Glints2/dict_0002_0001.uasset" 8114
"../../../Engine/Content/EngineMaterials/Substrate/Glints2/dict_0001_0239.uasset" 8115
"/Engine/EngineMaterials/Substrate/Glints2/dict_0001_0249" 8116
"../../../Engine/Content/EngineMaterials/Substrate/Glints2/dict_0001_0233.uasset" 8117
"/Engine/EngineMaterials/Substrate/Glints2/dict_0001_0248" 8118
"/Engine/EngineMaterials/Substrate/Glints2/dict_0002_0001" 8119
"/Engine/EngineMaterials/Substrate/Glints2/dict_0002_0000" 8120
"/Engine/EngineMaterials/Substrate/Glints2/dict_0001_0239" 8121
"/Engine/EngineMaterials/Substrate/Glints2/dict_0001_0255" 8122
"/Engine/EngineMaterials/Substrate/Glints2/dict_0001_0254" 8123
"/Engine/EngineMaterials/Substrate/Glints2/dict_0001_0253" 8124
"/Engine/EngineMaterials/Substrate/Glints2/dict_0001_0252" 8125
"/Engine/EngineMaterials/Substrate/Glints2/dict_0001_0251" 8126
"/Engine/EngineMaterials/Substrate/Glints2/dict_0001_0250" 8127
"/Engine/EngineMaterials/Substrate/Glints2/dict_0001_0246" 8128
"/Engine/EngineMaterials/Substrate/Glints2/dict_0001_0245" 8129
"/Engine/EngineMaterials/Substrate/Glints2/dict_0001_0233" 8130
"../../../Engine/Content/EngineMaterials/Substrate/Glints2/dict_0001_0237.uasset" 8131
"../../../Engine/Content/EngineMaterials/Substrate/Glints2/dict_0002_0002.uasset" 8132
"../../../Engine/Content/EngineMaterials/Substrate/Glints2/dict_0002_0003.uasset" 8133
"../../../Engine/Content/EngineMaterials/Substrate/Glints2/dict_0002_0009.uasset" 8134
"../../../Engine/Content/EngineMaterials/Substrate/Glints2/dict_0002_0008.uasset" 8135
"../../../Engine/Content/EngineMaterials/Substrate/Glints2/dict_0002_0007.uasset" 8136
"../../../Engine/Content/EngineMaterials/Substrate/Glints2/dict_0002_0004.uasset" 8137
"../../../Engine/Content/EngineMaterials/Substrate/Glints2/dict_0002_0005.uasset" 8138
"../../../Engine/Content/EngineMaterials/Substrate/Glints2/dict_0002_0006.uasset" 8139
"../../../Engine/Content/EngineMaterials/Substrate/Glints2/dict_0002_0010.uasset" 8140
"/Engine/EngineMaterials/Substrate/Glints2/dict_0002_0004" 8141
"/Engine/EngineMaterials/Substrate/Glints2/dict_0002_0007" 8142
"/Engine/EngineMaterials/Substrate/Glints2/dict_0002_0006" 8143
"/Engine/EngineMaterials/Substrate/Glints2/dict_0002_0003" 8144
"/Engine/EngineMaterials/Substrate/Glints2/dict_0002_0005" 8145
"/Engine/EngineMaterials/Substrate/Glints2/dict_0002_0002" 8146
"/Engine/EngineMaterials/Substrate/Glints2/dict_0002_0010" 8147
"/Engine/EngineMaterials/Substrate/Glints2/dict_0001_0237" 8148
"/Engine/EngineMaterials/Substrate/Glints2/dict_0002_0009" 8149
"/Engine/EngineMaterials/Substrate/Glints2/dict_0002_0008" 8150
"../../../Engine/Content/EngineMaterials/Substrate/Glints2/dict_0002_0020.uasset" 8151
"../../../Engine/Content/EngineMaterials/Substrate/Glints2/dict_0002_0015.uasset" 8152
"/Engine/EngineMaterials/Substrate/Glints2/dict_0002_0015" 8153
"/Engine/EngineMaterials/Substrate/Glints2/dict_0002_0020" 8154
"../../../Engine/Content/EngineMaterials/Substrate/Glints2/dict_0002_0011.uasset" 8155
"../../../Engine/Content/EngineMaterials/Substrate/Glints2/dict_0002_0014.uasset" 8156
"../../../Engine/Content/EngineMaterials/Substrate/Glints2/dict_0002_0018.uasset" 8157
"/Engine/EngineMaterials/Substrate/Glints2/dict_0002_0018" 8158
"/Engine/EngineMaterials/Substrate/Glints2/dict_0002_0014" 8159
"/Engine/EngineMaterials/Substrate/Glints2/dict_0002_0011" 8160
"../../../Engine/Content/EngineMaterials/Substrate/Glints2/dict_0002_0012.uasset" 8161
"../../../Engine/Content/EngineMaterials/Substrate/Glints2/dict_0002_0022.uasset" 8162
"../../../Engine/Content/EngineMaterials/Substrate/Glints2/dict_0002_0021.uasset" 8163
"/Engine/EngineMaterials/Substrate/Glints2/dict_0002_0012" 8164
"/Engine/EngineMaterials/Substrate/Glints2/dict_0002_0022" 8165
"/Engine/EngineMaterials/Substrate/Glints2/dict_0002_0021" 8166
"../../../Engine/Content/EngineMaterials/Substrate/Glints2/dict_0002_0019.uasset" 8167
"../../../Engine/Content/EngineMaterials/Substrate/Glints2/dict_0002_0013.uasset" 8168
"/Engine/EngineMaterials/Substrate/Glints2/dict_0002_0013" 8169
"../../../Engine/Content/EngineMaterials/Substrate/Glints2/dict_0002_0024.uasset" 8170
"../../../Engine/Content/EngineMaterials/Substrate/Glints2/dict_0002_0025.uasset" 8171
"../../../Engine/Content/EngineMaterials/Substrate/Glints2/dict_0002_0026.uasset" 8172
"/Engine/EngineMaterials/Substrate/Glints2/dict_0002_0019" 8173
"../../../Engine/Content/EngineMaterials/Substrate/Glints2/dict_0002_0017.uasset" 8174
"/Engine/EngineMaterials/Substrate/Glints2/dict_0002_0017" 8175
"/Engine/EngineMaterials/Substrate/Glints2/dict_0002_0026" 8176
"/Engine/EngineMaterials/Substrate/Glints2/dict_0002_0025" 8177
"../../../Engine/Content/EngineMaterials/Substrate/Glints2/dict_0002_0023.uasset" 8178
"../../../Engine/Content/EngineMaterials/Substrate/Glints2/dict_0002_0036.uasset" 8179
"../../../Engine/Content/EngineMaterials/Substrate/Glints2/dict_0002_0016.uasset" 8180
"../../../Engine/Content/EngineMaterials/Substrate/Glints2/dict_0002_0032.uasset" 8181
"../../../Engine/Content/EngineMaterials/Substrate/Glints2/dict_0002_0034.uasset" 8182
"../../../Engine/Content/EngineMaterials/Substrate/Glints2/dict_0002_0033.uasset" 8183
"../../../Engine/Content/EngineMaterials/Substrate/Glints2/dict_0002_0031.uasset" 8184
"/Engine/EngineMaterials/Substrate/Glints2/dict_0002_0024" 8185
"../../../Engine/Content/EngineMaterials/Substrate/Glints2/dict_0002_0035.uasset" 8186
"../../../Engine/Content/EngineMaterials/Substrate/Glints2/dict_0002_0030.uasset" 8187
"../../../Engine/Content/EngineMaterials/Substrate/Glints2/dict_0002_0029.uasset" 8188
"../../../Engine/Content/EngineMaterials/Substrate/Glints2/dict_0002_0039.uasset" 8189
"../../../Engine/Content/EngineMaterials/Substrate/Glints2/dict_0002_0038.uasset" 8190
"../../../Engine/Content/EngineMaterials/Substrate/Glints2/dict_0002_0040.uasset" 8191
"../../../Engine/Content/EngineMaterials/Substrate/Glints2/dict_0002_0037.uasset" 8192
"../../../Engine/Content/EngineMaterials/Substrate/Glints2/dict_0002_0027.uasset" 8193
"../../../Engine/Content/EngineMaterials/Substrate/Glints2/dict_0002_0028.uasset" 8194
"/Engine/EngineMaterials/Substrate/Glints2/dict_0002_0031" 8195
"/Engine/EngineMaterials/Substrate/Glints2/dict_0002_0016" 8196
"/Engine/EngineMaterials/Substrate/Glints2/dict_0002_0030" 8197
"/Engine/EngineMaterials/Substrate/Glints2/dict_0002_0040" 8198
"/Engine/EngineMaterials/Substrate/Glints2/dict_0002_0039" 8199
"/Engine/EngineMaterials/Substrate/Glints2/dict_0002_0032" 8200
"/Engine/EngineMaterials/Substrate/Glints2/dict_0002_0038" 8201
"/Engine/EngineMaterials/Substrate/Glints2/dict_0002_0037" 8202
"/Engine/EngineMaterials/Substrate/Glints2/dict_0002_0036" 8203
"/Engine/EngineMaterials/Substrate/Glints2/dict_0002_0035" 8204
"/Engine/EngineMaterials/Substrate/Glints2/dict_0002_0029" 8205
"/Engine/EngineMaterials/Substrate/Glints2/dict_0002_0028" 8206
"/Engine/EngineMaterials/Substrate/Glints2/dict_0002_0027" 8207
"/Engine/EngineMaterials/Substrate/Glints2/dict_0002_0034" 8208
"/Engine/EngineMaterials/Substrate/Glints2/dict_0002_0023" 8209
"/Engine/EngineMaterials/Substrate/Glints2/dict_0002_0033" 8210
"../../../Engine/Content/EngineMaterials/Substrate/Glints2/dict_0002_0042.uasset" 8211
"../../../Engine/Content/EngineMaterials/Substrate/Glints2/dict_0002_0041.uasset" 8212
"../../../Engine/Content/EngineMaterials/Substrate/Glints2/dict_0002_0046.uasset" 8213
"../../../Engine/Content/EngineMaterials/Substrate/Glints2/dict_0002_0047.uasset" 8214
"/Engine/EngineMaterials/Substrate/Glints2/dict_0002_0042" 8215
"../../../Engine/Content/EngineMaterials/Substrate/Glints2/dict_0002_0049.uasset" 8216
"../../../Engine/Content/EngineMaterials/Substrate/Glints2/dict_0002_0044.uasset" 8217
"../../../Engine/Content/EngineMaterials/Substrate/Glints2/dict_0002_0055.uasset" 8218
"../../../Engine/Content/EngineMaterials/Substrate/Glints2/dict_0002_0045.uasset" 8219
"/Engine/EngineMaterials/Substrate/Glints2/dict_0002_0046" 8220
"../../../Engine/Content/EngineMaterials/Substrate/Glints2/dict_0002_0043.uasset" 8221
"/Engine/EngineMaterials/Substrate/Glints2/dict_0002_0041" 8222
"../../../Engine/Content/EngineMaterials/Substrate/Glints2/dict_0002_0054.uasset" 8223
"/Engine/EngineMaterials/Substrate/Glints2/dict_0002_0047" 8224
"/Engine/EngineMaterials/Substrate/Glints2/dict_0002_0044" 8225
"/Engine/EngineMaterials/Substrate/Glints2/dict_0002_0045" 8226
"../../../Engine/Content/EngineMaterials/Substrate/Glints2/dict_0002_0056.uasset" 8227
"/Engine/EngineMaterials/Substrate/Glints2/dict_0002_0055" 8228
"/Engine/EngineMaterials/Substrate/Glints2/dict_0002_0054" 8229
"/Engine/EngineMaterials/Substrate/Glints2/dict_0002_0049" 8230
"/Engine/EngineMaterials/Substrate/Glints2/dict_0002_0043" 8231
"/Engine/EngineMaterials/Substrate/Glints2/dict_0002_0056" 8232
"../../../Engine/Content/EngineMaterials/Substrate/Glints2/dict_0002_0052.uasset" 8233
"../../../Engine/Content/EngineMaterials/Substrate/Glints2/dict_0002_0057.uasset" 8234
"../../../Engine/Content/EngineMaterials/Substrate/Glints2/dict_0002_0053.uasset" 8235
"/Engine/EngineMaterials/Substrate/Glints2/dict_0002_0052" 8236
"/Engine/EngineMaterials/Substrate/Glints2/dict_0002_0053" 8237
"/Engine/EngineMaterials/Substrate/Glints2/dict_0002_0057" 8238
"../../../Engine/Content/EngineMaterials/Substrate/Glints2/dict_0002_0062.uasset" 8239
"../../../Engine/Content/EngineMaterials/Substrate/Glints2/dict_0002_0059.uasset" 8240
"../../../Engine/Content/EngineMaterials/Substrate/Glints2/dict_0002_0058.uasset" 8241
"../../../Engine/Content/EngineMaterials/Substrate/Glints2/dict_0002_0051.uasset" 8242
"../../../Engine/Content/EngineMaterials/Substrate/Glints2/dict_0002_0060.uasset" 8243
"../../../Engine/Content/EngineMaterials/Substrate/Glints2/dict_0002_0061.uasset" 8244
"/Engine/EngineMaterials/Substrate/Glints2/dict_0002_0062" 8245
"/Engine/EngineMaterials/Substrate/Glints2/dict_0002_0061" 8246
"/Engine/EngineMaterials/Substrate/Glints2/dict_0002_0060" 8247
"/Engine/EngineMaterials/Substrate/Glints2/dict_0002_0059" 8248
"/Engine/EngineMaterials/Substrate/Glints2/dict_0002_0058" 8249
"/Engine/EngineMaterials/Substrate/Glints2/dict_0002_0051" 8250
"../../../Engine/Content/EngineMaterials/Substrate/Glints2/dict_0002_0075.uasset" 8251
"/Engine/EngineMaterials/Substrate/Glints2/dict_0002_0075" 8252
"../../../Engine/Content/EngineMaterials/Substrate/Glints2/dict_0002_0076.uasset" 8253
"../../../Engine/Content/EngineMaterials/Substrate/Glints2/dict_0002_0077.uasset" 8254
"/Engine/EngineMaterials/Substrate/Glints2/dict_0002_0077" 8255
"/Engine/EngineMaterials/Substrate/Glints2/dict_0002_0076" 8256
"../../../Engine/Content/EngineMaterials/Substrate/Glints2/dict_0002_0064.uasset" 8257
"../../../Engine/Content/EngineMaterials/Substrate/Glints2/dict_0002_0074.uasset" 8258
"../../../Engine/Content/EngineMaterials/Substrate/Glints2/dict_0002_0067.uasset" 8259
"../../../Engine/Content/EngineMaterials/Substrate/Glints2/dict_0002_0065.uasset" 8260
"../../../Engine/Content/EngineMaterials/Substrate/Glints2/dict_0002_0073.uasset" 8261
"../../../Engine/Content/EngineMaterials/Substrate/Glints2/dict_0002_0070.uasset" 8262
"../../../Engine/Content/EngineMaterials/Substrate/Glints2/dict_0002_0066.uasset" 8263
"../../../Engine/Content/EngineMaterials/Substrate/Glints2/dict_0002_0072.uasset" 8264
"../../../Engine/Content/EngineMaterials/Substrate/Glints2/dict_0002_0071.uasset" 8265
"/Engine/EngineMaterials/Substrate/Glints2/dict_0002_0072" 8266
"../../../Engine/Content/EngineMaterials/Substrate/Glints2/dict_0002_0068.uasset" 8267
"/Engine/EngineMaterials/Substrate/Glints2/dict_0002_0071" 8268
"/Engine/EngineMaterials/Substrate/Glints2/dict_0002_0074" 8269
"/Engine/EngineMaterials/Substrate/Glints2/dict_0002_0070" 8270
"/Engine/EngineMaterials/Substrate/Glints2/dict_0002_0073" 8271
"/Engine/EngineMaterials/Substrate/Glints2/dict_0002_0067" 8272
"/Engine/EngineMaterials/Substrate/Glints2/dict_0002_0066" 8273
"/Engine/EngineMaterials/Substrate/Glints2/dict_0002_0065" 8274
"/Engine/EngineMaterials/Substrate/Glints2/dict_0002_0064" 8275
"../../../Engine/Content/EngineMaterials/Substrate/Glints2/dict_0002_0069.uasset" 8276
"/Engine/EngineMaterials/Substrate/Glints2/dict_0002_0068" 8277
"/Engine/EngineMaterials/Substrate/Glints2/dict_0002_0069" 8278
"../../../Engine/Content/EngineMaterials/Substrate/Glints2/dict_0002_0063.uasset" 8279
"/Engine/EngineMaterials/Substrate/Glints2/dict_0002_0063" 8280
"../../../Engine/Content/EngineMaterials/Substrate/Glints2/dict_0002_0080.uasset" 8281
"../../../Engine/Content/EngineMaterials/Substrate/Glints2/dict_0002_0081.uasset" 8282
"../../../Engine/Content/EngineMaterials/Substrate/Glints2/dict_0002_0084.uasset" 8283
"../../../Engine/Content/EngineMaterials/Substrate/Glints2/dict_0002_0083.uasset" 8284
"../../../Engine/Content/EngineMaterials/Substrate/Glints2/dict_0002_0086.uasset" 8285
"../../../Engine/Content/EngineMaterials/Substrate/Glints2/dict_0002_0082.uasset" 8286
"../../../Engine/Content/EngineMaterials/Substrate/Glints2/dict_0002_0085.uasset" 8287
"../../../Engine/Content/EngineMaterials/Substrate/Glints2/dict_0002_0079.uasset" 8288
"../../../Engine/Content/EngineMaterials/Substrate/Glints2/dict_0002_0087.uasset" 8289
"../../../Engine/Content/EngineMaterials/Substrate/Glints2/dict_0002_0088.uasset" 8290
"../../../Engine/Content/EngineMaterials/Substrate/Glints2/dict_0002_0090.uasset" 8291
"../../../Engine/Content/EngineMaterials/Substrate/Glints2/dict_0002_0089.uasset" 8292
"/Engine/EngineMaterials/Substrate/Glints2/dict_0002_0082" 8293
"/Engine/EngineMaterials/Substrate/Glints2/dict_0002_0083" 8294
"../../../Engine/Content/EngineMaterials/Substrate/Glints2/dict_0002_0093.uasset" 8295
"../../../Engine/Content/EngineMaterials/Substrate/Glints2/dict_0002_0091.uasset" 8296
"/Engine/EngineMaterials/Substrate/Glints2/dict_0002_0086" 8297
"../../../Engine/Content/EngineMaterials/Substrate/Glints2/dict_0002_0099.uasset" 8298
"../../../Engine/Content/EngineMaterials/Substrate/Glints2/dict_0002_0103.uasset" 8299
"/Engine/EngineMaterials/Substrate/Glints2/dict_0002_0081" 8300
"../../../Engine/Content/EngineMaterials/Substrate/Glints2/dict_0002_0096.uasset" 8301
"../../../Engine/Content/EngineMaterials/Substrate/Glints2/dict_0002_0094.uasset" 8302
"/Engine/EngineMaterials/Substrate/Glints2/dict_0002_0080" 8303
"../../../Engine/Content/EngineMaterials/Substrate/Glints2/dict_0002_0095.uasset" 8304
"/Engine/EngineMaterials/Substrate/Glints2/dict_0002_0090" 8305
"../../../Engine/Content/EngineMaterials/Substrate/Glints2/dict_0002_0101.uasset" 8306
"/Engine/EngineMaterials/Substrate/Glints2/dict_0002_0079" 8307
"/Engine/EngineMaterials/Substrate/Glints2/dict_0002_0085" 8308
"/Engine/EngineMaterials/Substrate/Glints2/dict_0002_0089" 8309
"/Engine/EngineMaterials/Substrate/Glints2/dict_0002_0088" 8310
"/Engine/EngineMaterials/Substrate/Glints2/dict_0002_0084" 8311
"../../../Engine/Content/EngineMaterials/Substrate/Glints2/dict_0002_0092.uasset" 8312
"/Engine/EngineMaterials/Substrate/Glints2/dict_0002_0087" 8313
"/Engine/EngineMaterials/Substrate/Glints2/dict_0002_0103" 8314
"../../../Engine/Content/EngineMaterials/Substrate/Glints2/dict_0002_0097.uasset" 8315
"/Engine/EngineMaterials/Substrate/Glints2/dict_0002_0093" 8316
"/Engine/EngineMaterials/Substrate/Glints2/dict_0002_0101" 8317
"/Engine/EngineMaterials/Substrate/Glints2/dict_0002_0099" 8318
"/Engine/EngineMaterials/Substrate/Glints2/dict_0002_0096" 8319
"/Engine/EngineMaterials/Substrate/Glints2/dict_0002_0092" 8320
"/Engine/EngineMaterials/Substrate/Glints2/dict_0002_0091" 8321
"/Engine/EngineMaterials/Substrate/Glints2/dict_0002_0095" 8322
"/Engine/EngineMaterials/Substrate/Glints2/dict_0002_0094" 8323
"/Engine/EngineMaterials/Substrate/Glints2/dict_0002_0097" 8324
"../../../Engine/Content/EngineMaterials/Substrate/Glints2/dict_0002_0109.uasset" 8325
"../../../Engine/Content/EngineMaterials/Substrate/Glints2/dict_0002_0112.uasset" 8326
"../../../Engine/Content/EngineMaterials/Substrate/Glints2/dict_0002_0113.uasset" 8327
"../../../Engine/Content/EngineMaterials/Substrate/Glints2/dict_0002_0104.uasset" 8328
"../../../Engine/Content/EngineMaterials/Substrate/Glints2/dict_0002_0110.uasset" 8329
"../../../Engine/Content/EngineMaterials/Substrate/Glints2/dict_0002_0105.uasset" 8330
"../../../Engine/Content/EngineMaterials/Substrate/Glints2/dict_0002_0107.uasset" 8331
"../../../Engine/Content/EngineMaterials/Substrate/Glints2/dict_0002_0111.uasset" 8332
"../../../Engine/Content/EngineMaterials/Substrate/Glints2/dict_0002_0106.uasset" 8333
"../../../Engine/Content/EngineMaterials/Substrate/Glints2/dict_0002_0108.uasset" 8334
"../../../Engine/Content/EngineMaterials/Substrate/Glints2/dict_0002_0120.uasset" 8335
"../../../Engine/Content/EngineMaterials/Substrate/Glints2/dict_0002_0119.uasset" 8336
"/Engine/EngineMaterials/Substrate/Glints2/dict_0002_0104" 8337
"../../../Engine/Content/EngineMaterials/Substrate/Glints2/dict_0002_0118.uasset" 8338
"../../../Engine/Content/EngineMaterials/Substrate/Glints2/dict_0002_0116.uasset" 8339
"../../../Engine/Content/EngineMaterials/Substrate/Glints2/dict_0002_0123.uasset" 8340
"/Engine/EngineMaterials/Substrate/Glints2/dict_0002_0106" 8341
"../../../Engine/Content/EngineMaterials/Substrate/Glints2/dict_0002_0115.uasset" 8342
"/Engine/EngineMaterials/Substrate/Glints2/dict_0002_0105" 8343
"../../../Engine/Content/EngineMaterials/Substrate/Glints2/dict_0002_0117.uasset" 8344
"/Engine/EngineMaterials/Substrate/Glints2/dict_0002_0107" 8345
"/Engine/EngineMaterials/Substrate/Glints2/dict_0002_0113" 8346
"/Engine/EngineMaterials/Substrate/Glints2/dict_0002_0112" 8347
"/Engine/EngineMaterials/Substrate/Glints2/dict_0002_0111" 8348
"/Engine/EngineMaterials/Substrate/Glints2/dict_0002_0110" 8349
"/Engine/EngineMaterials/Substrate/Glints2/dict_0002_0109" 8350
"/Engine/EngineMaterials/Substrate/Glints2/dict_0002_0108" 8351
"/Engine/EngineMaterials/Substrate/Glints2/dict_0002_0119" 8352
"/Engine/EngineMaterials/Substrate/Glints2/dict_0002_0118" 8353
"/Engine/EngineMaterials/Substrate/Glints2/dict_0002_0117" 8354
"/Engine/EngineMaterials/Substrate/Glints2/dict_0002_0116" 8355
"/Engine/EngineMaterials/Substrate/Glints2/dict_0002_0115" 8356
"/Engine/EngineMaterials/Substrate/Glints2/dict_0002_0123" 8357
"/Engine/EngineMaterials/Substrate/Glints2/dict_0002_0120" 8358
"../../../Engine/Content/EngineMaterials/Substrate/Glints2/dict_0002_0127.uasset" 8359
"../../../Engine/Content/EngineMaterials/Substrate/Glints2/dict_0002_0124.uasset" 8360
"../../../Engine/Content/EngineMaterials/Substrate/Glints2/dict_0002_0126.uasset" 8361
"../../../Engine/Content/EngineMaterials/Substrate/Glints2/dict_0002_0125.uasset" 8362
"../../../Engine/Content/EngineMaterials/Substrate/Glints2/dict_0002_0048.uasset" 8363
"/Engine/EngineMaterials/Substrate/Glints2/dict_0002_0127" 8364
"/Engine/EngineMaterials/Substrate/Glints2/dict_0002_0126" 8365
"/Engine/EngineMaterials/Substrate/Glints2/dict_0002_0125" 8366
"/Engine/EngineMaterials/Substrate/Glints2/dict_0002_0124" 8367
"/Engine/EngineMaterials/Substrate/Glints2/dict_0002_0048" 8368
"../../../Engine/Content/EngineMaterials/Substrate/Glints2/dict_0002_0050.uasset" 8369
"/Engine/EngineMaterials/Substrate/Glints2/dict_0002_0050" 8370
"../../../Engine/Content/EngineMaterials/Substrate/Glints2/dict_0002_0078.uasset" 8371
"../../../Engine/Content/EngineMaterials/Substrate/Glints2/dict_0002_0102.uasset" 8372
"../../../Engine/Content/EngineMaterials/Substrate/Glints2/dict_0002_0114.uasset" 8373
"../../../Engine/Content/EngineMaterials/Substrate/Glints2/dict_0002_0100.uasset" 8374
"../../../Engine/Content/EngineMaterials/Substrate/Glints2/dict_0002_0130.uasset" 8375
"../../../Engine/Content/EngineMaterials/Substrate/Glints2/dict_0002_0131.uasset" 8376
"../../../Engine/Content/EngineMaterials/Substrate/Glints2/dict_0002_0128.uasset" 8377
"../../../Engine/Content/EngineMaterials/Substrate/Glints2/dict_0002_0132.uasset" 8378
"../../../Engine/Content/EngineMaterials/Substrate/Glints2/dict_0002_0129.uasset" 8379
"../../../Engine/Content/EngineMaterials/Substrate/Glints2/dict_0002_0133.uasset" 8380
"../../../Engine/Content/EngineMaterials/Substrate/Glints2/dict_0002_0139.uasset" 8381
"../../../Engine/Content/EngineMaterials/Substrate/Glints2/dict_0002_0134.uasset" 8382
"../../../Engine/Content/EngineMaterials/Substrate/Glints2/dict_0002_0140.uasset" 8383
"../../../Engine/Content/EngineMaterials/Substrate/Glints2/dict_0002_0141.uasset" 8384
"../../../Engine/Content/EngineMaterials/Substrate/Glints2/dict_0002_0146.uasset" 8385
"../../../Engine/Content/EngineMaterials/Substrate/Glints2/dict_0002_0148.uasset" 8386
"../../../Engine/Content/EngineMaterials/Substrate/Glints2/dict_0002_0150.uasset" 8387
"../../../Engine/Content/EngineMaterials/Substrate/Glints2/dict_0002_0143.uasset" 8388
"../../../Engine/Content/EngineMaterials/Substrate/Glints2/dict_0002_0144.uasset" 8389
"../../../Engine/Content/EngineMaterials/Substrate/Glints2/dict_0002_0145.uasset" 8390
"../../../Engine/Content/EngineMaterials/Substrate/Glints2/dict_0002_0147.uasset" 8391
"../../../Engine/Content/EngineMaterials/Substrate/Glints2/dict_0002_0149.uasset" 8392
"../../../Engine/Content/EngineMaterials/Substrate/Glints2/dict_0002_0151.uasset" 8393
"../../../Engine/Content/EngineMaterials/Substrate/Glints2/dict_0002_0152.uasset" 8394
"../../../Engine/Content/EngineMaterials/Substrate/Glints2/dict_0002_0135.uasset" 8395
"/Engine/EngineMaterials/Substrate/Glints2/dict_0002_0139" 8396
"/Engine/EngineMaterials/Substrate/Glints2/dict_0002_0146" 8397
"/Engine/EngineMaterials/Substrate/Glints2/dict_0002_0128" 8398
"/Engine/EngineMaterials/Substrate/Glints2/dict_0002_0151" 8399
"/Engine/EngineMaterials/Substrate/Glints2/dict_0002_0102" 8400
"/Engine/EngineMaterials/Substrate/Glints2/dict_0002_0150" 8401
"/Engine/EngineMaterials/Substrate/Glints2/dict_0002_0100" 8402
"/Engine/EngineMaterials/Substrate/Glints2/dict_0002_0145" 8403
"/Engine/EngineMaterials/Substrate/Glints2/dict_0002_0144" 8404
"/Engine/EngineMaterials/Substrate/Glints2/dict_0002_0149" 8405
"/Engine/EngineMaterials/Substrate/Glints2/dict_0002_0143" 8406
"/Engine/EngineMaterials/Substrate/Glints2/dict_0002_0152" 8407
"/Engine/EngineMaterials/Substrate/Glints2/dict_0002_0129" 8408
"/Engine/EngineMaterials/Substrate/Glints2/dict_0002_0148" 8409
"/Engine/EngineMaterials/Substrate/Glints2/dict_0002_0141" 8410
"/Engine/EngineMaterials/Substrate/Glints2/dict_0002_0114" 8411
"/Engine/EngineMaterials/Substrate/Glints2/dict_0002_0135" 8412
"/Engine/EngineMaterials/Substrate/Glints2/dict_0002_0078" 8413
"/Engine/EngineMaterials/Substrate/Glints2/dict_0002_0134" 8414
"/Engine/EngineMaterials/Substrate/Glints2/dict_0002_0133" 8415
"/Engine/EngineMaterials/Substrate/Glints2/dict_0002_0132" 8416
"/Engine/EngineMaterials/Substrate/Glints2/dict_0002_0147" 8417
"/Engine/EngineMaterials/Substrate/Glints2/dict_0002_0131" 8418
"/Engine/EngineMaterials/Substrate/Glints2/dict_0002_0140" 8419
"/Engine/EngineMaterials/Substrate/Glints2/dict_0002_0130" 8420
"../../../Engine/Content/EngineMaterials/Substrate/Glints2/dict_0002_0153.uasset" 8421
"../../../Engine/Content/EngineMaterials/Substrate/Glints2/dict_0002_0154.uasset" 8422
"../../../Engine/Content/EngineMaterials/Substrate/Glints2/dict_0002_0155.uasset" 8423
"/Engine/EngineMaterials/Substrate/Glints2/dict_0002_0155" 8424
"/Engine/EngineMaterials/Substrate/Glints2/dict_0002_0154" 8425
"/Engine/EngineMaterials/Substrate/Glints2/dict_0002_0153" 8426
"../../../Engine/Content/EngineMaterials/Substrate/Glints2/dict_0002_0136.uasset" 8427
"/Engine/EngineMaterials/Substrate/Glints2/dict_0002_0136" 8428
"../../../Engine/Content/EngineMaterials/Substrate/Glints2/dict_0002_0163.uasset" 8429
"../../../Engine/Content/EngineMaterials/Substrate/Glints2/dict_0002_0159.uasset" 8430
"../../../Engine/Content/EngineMaterials/Substrate/Glints2/dict_0002_0156.uasset" 8431
"../../../Engine/Content/EngineMaterials/Substrate/Glints2/dict_0002_0158.uasset" 8432
"../../../Engine/Content/EngineMaterials/Substrate/Glints2/dict_0002_0157.uasset" 8433
"../../../Engine/Content/EngineMaterials/Substrate/Glints2/dict_0002_0164.uasset" 8434
"../../../Engine/Content/EngineMaterials/Substrate/Glints2/dict_0002_0161.uasset" 8435
"../../../Engine/Content/EngineMaterials/Substrate/Glints2/dict_0002_0165.uasset" 8436
"../../../Engine/Content/EngineMaterials/Substrate/Glints2/dict_0002_0160.uasset" 8437
"/Engine/EngineMaterials/Substrate/Glints2/dict_0002_0165" 8438
"/Engine/EngineMaterials/Substrate/Glints2/dict_0002_0164" 8439
"/Engine/EngineMaterials/Substrate/Glints2/dict_0002_0163" 8440
"/Engine/EngineMaterials/Substrate/Glints2/dict_0002_0161" 8441
"/Engine/EngineMaterials/Substrate/Glints2/dict_0002_0160" 8442
"/Engine/EngineMaterials/Substrate/Glints2/dict_0002_0159" 8443
"/Engine/EngineMaterials/Substrate/Glints2/dict_0002_0158" 8444
"/Engine/EngineMaterials/Substrate/Glints2/dict_0002_0157" 8445
"../../../Engine/Content/EngineMaterials/Substrate/Glints2/dict_0002_0172.uasset" 8446
"../../../Engine/Content/EngineMaterials/Substrate/Glints2/dict_0002_0174.uasset" 8447
"../../../Engine/Content/EngineMaterials/Substrate/Glints2/dict_0002_0122.uasset" 8448
"../../../Engine/Content/EngineMaterials/Substrate/Glints2/dict_0002_0168.uasset" 8449
"../../../Engine/Content/EngineMaterials/Substrate/Glints2/dict_0002_0169.uasset" 8450
"/Engine/EngineMaterials/Substrate/Glints2/dict_0002_0156" 8451
"../../../Engine/Content/EngineMaterials/Substrate/Glints2/dict_0002_0171.uasset" 8452
"../../../Engine/Content/EngineMaterials/Substrate/Glints2/dict_0002_0167.uasset" 8453
"../../../Engine/Content/EngineMaterials/Substrate/Glints2/dict_0002_0173.uasset" 8454
"../../../Engine/Content/EngineMaterials/Substrate/Glints2/dict_0002_0170.uasset" 8455
"/Engine/EngineMaterials/Substrate/Glints2/dict_0002_0174" 8456
"/Engine/EngineMaterials/Substrate/Glints2/dict_0002_0173" 8457
"/Engine/EngineMaterials/Substrate/Glints2/dict_0002_0172" 8458
"/Engine/EngineMaterials/Substrate/Glints2/dict_0002_0171" 8459
"/Engine/EngineMaterials/Substrate/Glints2/dict_0002_0170" 8460
"/Engine/EngineMaterials/Substrate/Glints2/dict_0002_0169" 8461
"/Engine/EngineMaterials/Substrate/Glints2/dict_0002_0168" 8462
"/Engine/EngineMaterials/Substrate/Glints2/dict_0002_0167" 8463
"/Engine/EngineMaterials/Substrate/Glints2/dict_0002_0122" 8464
"../../../Engine/Content/EngineMaterials/Substrate/Glints2/dict_0002_0138.uasset" 8465
"../../../Engine/Content/EngineMaterials/Substrate/Glints2/dict_0002_0137.uasset" 8466
"../../../Engine/Content/EngineMaterials/Substrate/Glints2/dict_0002_0175.uasset" 8467
"/Engine/EngineMaterials/Substrate/Glints2/dict_0002_0175" 8468
"../../../Engine/Content/EngineMaterials/Substrate/Glints2/dict_0002_0185.uasset" 8469
"../../../Engine/Content/EngineMaterials/Substrate/Glints2/dict_0002_0182.uasset" 8470
"../../../Engine/Content/EngineMaterials/Substrate/Glints2/dict_0002_0177.uasset" 8471
"../../../Engine/Content/EngineMaterials/Substrate/Glints2/dict_0002_0178.uasset" 8472
"../../../Engine/Content/EngineMaterials/Substrate/Glints2/dict_0002_0179.uasset" 8473
"../../../Engine/Content/EngineMaterials/Substrate/Glints2/dict_0002_0180.uasset" 8474
"../../../Engine/Content/EngineMaterials/Substrate/Glints2/dict_0002_0176.uasset" 8475
"../../../Engine/Content/EngineMaterials/Substrate/Glints2/dict_0002_0181.uasset" 8476
"/Engine/EngineMaterials/Substrate/Glints2/dict_0002_0138" 8477
"/Engine/EngineMaterials/Substrate/Glints2/dict_0002_0137" 8478
"/Engine/EngineMaterials/Substrate/Glints2/dict_0002_0177" 8479
"/Engine/EngineMaterials/Substrate/Glints2/dict_0002_0176" 8480
"/Engine/EngineMaterials/Substrate/Glints2/dict_0002_0181" 8481
"/Engine/EngineMaterials/Substrate/Glints2/dict_0002_0182" 8482
"/Engine/EngineMaterials/Substrate/Glints2/dict_0002_0180" 8483
"/Engine/EngineMaterials/Substrate/Glints2/dict_0002_0179" 8484
"/Engine/EngineMaterials/Substrate/Glints2/dict_0002_0178" 8485
"../../../Engine/Content/EngineMaterials/Substrate/Glints2/dict_0002_0142.uasset" 8486
"../../../Engine/Content/EngineMaterials/Substrate/Glints2/dict_0002_0098.uasset" 8487
"../../../Engine/Content/EngineMaterials/Substrate/Glints2/dict_0002_0162.uasset" 8488
"/Engine/EngineMaterials/Substrate/Glints2/dict_0002_0098" 8489
"/Engine/EngineMaterials/Substrate/Glints2/dict_0002_0142" 8490
"/Engine/EngineMaterials/Substrate/Glints2/dict_0002_0162" 8491
"/Engine/EngineMaterials/Substrate/Glints2/dict_0002_0185" 8492
"../../../Engine/Content/EngineMaterials/Substrate/Glints2/dict_0002_0184.uasset" 8493
"../../../Engine/Content/EngineMaterials/Substrate/Glints2/dict_0002_0183.uasset" 8494
"/Engine/EngineMaterials/Substrate/Glints2/dict_0002_0184" 8495
"/Engine/EngineMaterials/Substrate/Glints2/dict_0002_0183" 8496
"../../../Engine/Content/EngineMaterials/Substrate/Glints2/dict_0002_0201.uasset" 8497
"../../../Engine/Content/EngineMaterials/Substrate/Glints2/dict_0002_0194.uasset" 8498
"../../../Engine/Content/EngineMaterials/Substrate/Glints2/dict_0002_0199.uasset" 8499
"../../../Engine/Content/EngineMaterials/Substrate/Glints2/dict_0002_0191.uasset" 8500
"../../../Engine/Content/EngineMaterials/Substrate/Glints2/dict_0002_0193.uasset" 8501
"../../../Engine/Content/EngineMaterials/Substrate/Glints2/dict_0002_0188.uasset" 8502
"../../../Engine/Content/EngineMaterials/Substrate/Glints2/dict_0002_0192.uasset" 8503
"../../../Engine/Content/EngineMaterials/Substrate/Glints2/dict_0002_0195.uasset" 8504
"../../../Engine/Content/EngineMaterials/Substrate/Glints2/dict_0002_0189.uasset" 8505
"/Engine/EngineMaterials/Substrate/Glints2/dict_0002_0199" 8506
"../../../Engine/Content/EngineMaterials/Substrate/Glints2/dict_0002_0196.uasset" 8507
"/Engine/EngineMaterials/Substrate/Glints2/dict_0002_0201" 8508
"/Engine/EngineMaterials/Substrate/Glints2/dict_0002_0194" 8509
"/Engine/EngineMaterials/Substrate/Glints2/dict_0002_0191" 8510
"/Engine/EngineMaterials/Substrate/Glints2/dict_0002_0196" 8511
"../../../Engine/Content/EngineMaterials/Substrate/Glints2/dict_0002_0190.uasset" 8512
"/Engine/EngineMaterials/Substrate/Glints2/dict_0002_0195" 8513
"/Engine/EngineMaterials/Substrate/Glints2/dict_0002_0193" 8514
"/Engine/EngineMaterials/Substrate/Glints2/dict_0002_0192" 8515
"/Engine/EngineMaterials/Substrate/Glints2/dict_0002_0189" 8516
"/Engine/EngineMaterials/Substrate/Glints2/dict_0002_0188" 8517
"/Engine/EngineMaterials/Substrate/Glints2/dict_0002_0190" 8518
"../../../Engine/Content/EngineMaterials/Substrate/Glints2/dict_0002_0121.uasset" 8519
"/Engine/EngineMaterials/Substrate/Glints2/dict_0002_0121" 8520
"../../../Engine/Content/EngineMaterials/Substrate/Glints2/dict_0002_0187.uasset" 8521
"/Engine/EngineMaterials/Substrate/Glints2/dict_0002_0187" 8522
"../../../Engine/Content/EngineMaterials/Substrate/Glints2/dict_0002_0209.uasset" 8523
"../../../Engine/Content/EngineMaterials/Substrate/Glints2/dict_0002_0210.uasset" 8524
"../../../Engine/Content/EngineMaterials/Substrate/Glints2/dict_0002_0203.uasset" 8525
"../../../Engine/Content/EngineMaterials/Substrate/Glints2/dict_0002_0211.uasset" 8526
"../../../Engine/Content/EngineMaterials/Substrate/Glints2/dict_0002_0202.uasset" 8527
"../../../Engine/Content/EngineMaterials/Substrate/Glints2/dict_0002_0205.uasset" 8528
"../../../Engine/Content/EngineMaterials/Substrate/Glints2/dict_0002_0204.uasset" 8529
"../../../Engine/Content/EngineMaterials/Substrate/Glints2/dict_0002_0212.uasset" 8530
"../../../Engine/Content/EngineMaterials/Substrate/Glints2/dict_0002_0208.uasset" 8531
"../../../Engine/Content/EngineMaterials/Substrate/Glints2/dict_0002_0207.uasset" 8532
"/Engine/EngineMaterials/Substrate/Glints2/dict_0002_0209" 8533
"/Engine/EngineMaterials/Substrate/Glints2/dict_0002_0208" 8534
"/Engine/EngineMaterials/Substrate/Glints2/dict_0002_0202" 8535
"/Engine/EngineMaterials/Substrate/Glints2/dict_0002_0212" 8536
"/Engine/EngineMaterials/Substrate/Glints2/dict_0002_0207" 8537
"/Engine/EngineMaterials/Substrate/Glints2/dict_0002_0211" 8538
"/Engine/EngineMaterials/Substrate/Glints2/dict_0002_0210" 8539
"/Engine/EngineMaterials/Substrate/Glints2/dict_0002_0205" 8540
"/Engine/EngineMaterials/Substrate/Glints2/dict_0002_0204" 8541
"/Engine/EngineMaterials/Substrate/Glints2/dict_0002_0203" 8542
"../../../Engine/Content/EngineMaterials/Substrate/Glints2/dict_0002_0186.uasset" 8543
"../../../Engine/Content/EngineMaterials/Substrate/Glints2/dict_0002_0200.uasset" 8544
"../../../Engine/Content/EngineMaterials/Substrate/Glints2/dict_0002_0198.uasset" 8545
"/Engine/EngineMaterials/Substrate/Glints2/dict_0002_0198" 8546
"/Engine/EngineMaterials/Substrate/Glints2/dict_0002_0200" 8547
"/Engine/EngineMaterials/Substrate/Glints2/dict_0002_0186" 8548
"../../../Engine/Content/EngineMaterials/Substrate/Glints2/dict_0002_0166.uasset" 8549
"../../../Engine/Content/EngineMaterials/Substrate/Glints2/dict_0002_0213.uasset" 8550
"/Engine/EngineMaterials/Substrate/Glints2/dict_0002_0213" 8551
"../../../Engine/Content/EngineMaterials/Substrate/Glints2/dict_0002_0197.uasset" 8552
"/Engine/EngineMaterials/Substrate/Glints2/dict_0002_0166" 8553
"/Engine/EngineMaterials/Substrate/Glints2/dict_0002_0197" 8554
"../../../Engine/Content/EngineMaterials/Substrate/Glints2/dict_0002_0215.uasset" 8555
"../../../Engine/Content/EngineMaterials/Substrate/Glints2/dict_0002_0219.uasset" 8556
"../../../Engine/Content/EngineMaterials/Substrate/Glints2/dict_0002_0206.uasset" 8557
"/Engine/EngineMaterials/Substrate/Glints2/dict_0002_0219" 8558
"/Engine/EngineMaterials/Substrate/Glints2/dict_0002_0215" 8559
"/Engine/EngineMaterials/Substrate/Glints2/dict_0002_0206" 8560
"../../../Engine/Content/EngineMaterials/Substrate/Glints2/dict_0002_0214.uasset" 8561
"/Engine/EngineMaterials/Substrate/Glints2/dict_0002_0214" 8562
"../../../Engine/Content/EngineMaterials/Substrate/Glints2/dict_0002_0220.uasset" 8563
"/Engine/EngineMaterials/Substrate/Glints2/dict_0002_0220" 8564
"../../../Engine/Content/EngineMaterials/Substrate/Glints2/dict_0002_0226.uasset" 8565
"../../../Engine/Content/EngineMaterials/Substrate/Glints2/dict_0002_0230.uasset" 8566
"../../../Engine/Content/EngineMaterials/Substrate/Glints2/dict_0002_0221.uasset" 8567
"../../../Engine/Content/EngineMaterials/Substrate/Glints2/dict_0002_0224.uasset" 8568
"../../../Engine/Content/EngineMaterials/Substrate/Glints2/dict_0002_0225.uasset" 8569
"../../../Engine/Content/EngineMaterials/Substrate/Glints2/dict_0002_0218.uasset" 8570
"../../../Engine/Content/EngineMaterials/Substrate/Glints2/dict_0002_0222.uasset" 8571
"../../../Engine/Content/EngineMaterials/Substrate/Glints2/dict_0002_0229.uasset" 8572
"../../../Engine/Content/EngineMaterials/Substrate/Glints2/dict_0002_0227.uasset" 8573
"../../../Engine/Content/EngineMaterials/Substrate/Glints2/dict_0002_0216.uasset" 8574
"../../../Engine/Content/EngineMaterials/Substrate/Glints2/dict_0002_0223.uasset" 8575
"/Engine/EngineMaterials/Substrate/Glints2/dict_0002_0225" 8576
"/Engine/EngineMaterials/Substrate/Glints2/dict_0002_0218" 8577
"/Engine/EngineMaterials/Substrate/Glints2/dict_0002_0224" 8578
"/Engine/EngineMaterials/Substrate/Glints2/dict_0002_0223" 8579
"/Engine/EngineMaterials/Substrate/Glints2/dict_0002_0222" 8580
"/Engine/EngineMaterials/Substrate/Glints2/dict_0002_0221" 8581
"/Engine/EngineMaterials/Substrate/Glints2/dict_0002_0216" 8582
"/Engine/EngineMaterials/Substrate/Glints2/dict_0002_0227" 8583
"/Engine/EngineMaterials/Substrate/Glints2/dict_0002_0230" 8584
"/Engine/EngineMaterials/Substrate/Glints2/dict_0002_0229" 8585
"/Engine/EngineMaterials/Substrate/Glints2/dict_0002_0226" 8586
"../../../Engine/Content/EngineMaterials/Substrate/Glints2/dict_0002_0217.uasset" 8587
"../../../Engine/Content/EngineMaterials/Substrate/Glints2/dict_0002_0231.uasset" 8588
"../../../Engine/Content/EngineMaterials/Substrate/Glints2/dict_0002_0228.uasset" 8589
"/Engine/EngineMaterials/Substrate/Glints2/dict_0002_0217" 8590
"/Engine/EngineMaterials/Substrate/Glints2/dict_0002_0228" 8591
"/Engine/EngineMaterials/Substrate/Glints2/dict_0002_0231" 8592
"../../../Engine/Content/EngineMaterials/Substrate/Glints2/dict_0002_0240.uasset" 8593
"/Engine/EngineMaterials/Substrate/Glints2/dict_0002_0240" 8594
"../../../Engine/Content/EngineMaterials/Substrate/Glints2/dict_0002_0241.uasset" 8595
"../../../Engine/Content/EngineMaterials/Substrate/Glints2/dict_0002_0237.uasset" 8596
"../../../Engine/Content/EngineMaterials/Substrate/Glints2/dict_0002_0236.uasset" 8597
"../../../Engine/Content/EngineMaterials/Substrate/Glints2/dict_0002_0235.uasset" 8598
"../../../Engine/Content/EngineMaterials/Substrate/Glints2/dict_0002_0239.uasset" 8599
"../../../Engine/Content/EngineMaterials/Substrate/Glints2/dict_0002_0232.uasset" 8600
"../../../Engine/Content/EngineMaterials/Substrate/Glints2/dict_0002_0233.uasset" 8601
"../../../Engine/Content/EngineMaterials/Substrate/Glints2/dict_0002_0238.uasset" 8602
"../../../Engine/Content/EngineMaterials/Substrate/Glints2/dict_0002_0234.uasset" 8603
"../../../Engine/Content/EngineMaterials/Substrate/Glints2/dict_0002_0249.uasset" 8604
"/Engine/EngineMaterials/Substrate/Glints2/dict_0002_0238" 8605
"/Engine/EngineMaterials/Substrate/Glints2/dict_0002_0237" 8606
"../../../Engine/Content/EngineMaterials/Substrate/Glints2/dict_0002_0248.uasset" 8607
"../../../Engine/Content/EngineMaterials/Substrate/Glints2/dict_0002_0247.uasset" 8608
"/Engine/EngineMaterials/Substrate/Glints2/dict_0002_0236" 8609
"/Engine/EngineMaterials/Substrate/Glints2/dict_0002_0241" 8610
"/Engine/EngineMaterials/Substrate/Glints2/dict_0002_0235" 8611
"/Engine/EngineMaterials/Substrate/Glints2/dict_0002_0234" 8612
"/Engine/EngineMaterials/Substrate/Glints2/dict_0002_0249" 8613
"/Engine/EngineMaterials/Substrate/Glints2/dict_0002_0233" 8614
"/Engine/EngineMaterials/Substrate/Glints2/dict_0002_0239" 8615
"/Engine/EngineMaterials/Substrate/Glints2/dict_0002_0232" 8616
"/Engine/EngineMaterials/Substrate/Glints2/dict_0002_0247" 8617
"/Engine/EngineMaterials/Substrate/Glints2/dict_0002_0248" 8618
"../../../Engine/Content/EngineMaterials/Substrate/Glints2/dict_0002_0243.uasset" 8619
"../../../Engine/Content/EngineMaterials/Substrate/Glints2/dict_0002_0245.uasset" 8620
"/Engine/EngineMaterials/Substrate/Glints2/dict_0002_0243" 8621
"/Engine/EngineMaterials/Substrate/Glints2/dict_0002_0245" 8622
"../../../Engine/Content/EngineMaterials/Substrate/Glints2/dict_0002_0246.uasset" 8623
"../../../Engine/Content/EngineMaterials/Substrate/Glints2/dict_0002_0251.uasset" 8624
"../../../Engine/Content/EngineMaterials/Substrate/Glints2/dict_0002_0254.uasset" 8625
"../../../Engine/Content/EngineMaterials/Substrate/Glints2/dict_0003_0001.uasset" 8626
"../../../Engine/Content/EngineMaterials/Substrate/Glints2/dict_0003_0000.uasset" 8627
"../../../Engine/Content/EngineMaterials/Substrate/Glints2/dict_0002_0253.uasset" 8628
"../../../Engine/Content/EngineMaterials/Substrate/Glints2/dict_0002_0255.uasset" 8629
"../../../Engine/Content/EngineMaterials/Substrate/Glints2/dict_0003_0002.uasset" 8630
"../../../Engine/Content/EngineMaterials/Substrate/Glints2/dict_0003_0004.uasset" 8631
"../../../Engine/Content/EngineMaterials/Substrate/Glints2/dict_0003_0003.uasset" 8632
"../../../Engine/Content/EngineMaterials/Substrate/Glints2/dict_0002_0252.uasset" 8633
"/Engine/EngineMaterials/Substrate/Glints2/dict_0003_0003" 8634
"../../../Engine/Content/EngineMaterials/Substrate/Glints2/dict_0003_0005.uasset" 8635
"/Engine/EngineMaterials/Substrate/Glints2/dict_0003_0002" 8636
"/Engine/EngineMaterials/Substrate/Glints2/dict_0003_0001" 8637
"/Engine/EngineMaterials/Substrate/Glints2/dict_0003_0000" 8638
"/Engine/EngineMaterials/Substrate/Glints2/dict_0002_0255" 8639
"/Engine/EngineMaterials/Substrate/Glints2/dict_0003_0004" 8640
"/Engine/EngineMaterials/Substrate/Glints2/dict_0002_0254" 8641
"../../../Engine/Content/EngineMaterials/Substrate/Glints2/dict_0003_0006.uasset" 8642
"/Engine/EngineMaterials/Substrate/Glints2/dict_0002_0253" 8643
"/Engine/EngineMaterials/Substrate/Glints2/dict_0002_0246" 8644
"/Engine/EngineMaterials/Substrate/Glints2/dict_0002_0252" 8645
"/Engine/EngineMaterials/Substrate/Glints2/dict_0002_0251" 8646
"/Engine/EngineMaterials/Substrate/Glints2/dict_0003_0006" 8647
"/Engine/EngineMaterials/Substrate/Glints2/dict_0003_0005" 8648
"../../../Engine/Content/EngineMaterials/Substrate/Glints2/dict_0003_0010.uasset" 8649
"../../../Engine/Content/EngineMaterials/Substrate/Glints2/dict_0002_0244.uasset" 8650
"../../../Engine/Content/EngineMaterials/Substrate/Glints2/dict_0003_0008.uasset" 8651
"../../../Engine/Content/EngineMaterials/Substrate/Glints2/dict_0003_0009.uasset" 8652
"../../../Engine/Content/EngineMaterials/Substrate/Glints2/dict_0003_0007.uasset" 8653
"/Engine/EngineMaterials/Substrate/Glints2/dict_0002_0244" 8654
"/Engine/EngineMaterials/Substrate/Glints2/dict_0003_0008" 8655
"/Engine/EngineMaterials/Substrate/Glints2/dict_0003_0007" 8656
"/Engine/EngineMaterials/Substrate/Glints2/dict_0003_0010" 8657
"../../../Engine/Content/EngineMaterials/Substrate/Glints2/dict_0003_0013.uasset" 8658
"../../../Engine/Content/EngineMaterials/Substrate/Glints2/dict_0003_0020.uasset" 8659
"../../../Engine/Content/EngineMaterials/Substrate/Glints2/dict_0003_0014.uasset" 8660
"../../../Engine/Content/EngineMaterials/Substrate/Glints2/dict_0003_0011.uasset" 8661
"../../../Engine/Content/EngineMaterials/Substrate/Glints2/dict_0003_0019.uasset" 8662
"/Engine/EngineMaterials/Substrate/Glints2/dict_0003_0009" 8663
"../../../Engine/Content/EngineMaterials/Substrate/Glints2/dict_0003_0015.uasset" 8664
"/Engine/EngineMaterials/Substrate/Glints2/dict_0003_0020" 8665
"../../../Engine/Content/EngineMaterials/Substrate/Glints2/dict_0003_0012.uasset" 8666
"/Engine/EngineMaterials/Substrate/Glints2/dict_0003_0015" 8667
"../../../Engine/Content/EngineMaterials/Substrate/Glints2/dict_0003_0022.uasset" 8668
"../../../Engine/Content/EngineMaterials/Substrate/Glints2/dict_0003_0021.uasset" 8669
"/Engine/EngineMaterials/Substrate/Glints2/dict_0003_0014" 8670
"/Engine/EngineMaterials/Substrate/Glints2/dict_0003_0013" 8671
"/Engine/EngineMaterials/Substrate/Glints2/dict_0003_0011" 8672
"../../../Engine/Content/EngineMaterials/Substrate/Glints2/dict_0003_0016.uasset" 8673
"/Engine/EngineMaterials/Substrate/Glints2/dict_0003_0019" 8674
"../../../Engine/Content/EngineMaterials/Substrate/Glints2/dict_0003_0024.uasset" 8675
"/Engine/EngineMaterials/Substrate/Glints2/dict_0003_0016" 8676
"../../../Engine/Content/EngineMaterials/Substrate/Glints2/dict_0003_0018.uasset" 8677
"/Engine/EngineMaterials/Substrate/Glints2/dict_0003_0021" 8678
"../../../Engine/Content/EngineMaterials/Substrate/Glints2/dict_0003_0023.uasset" 8679
"/Engine/EngineMaterials/Substrate/Glints2/dict_0003_0012" 8680
"/Engine/EngineMaterials/Substrate/Glints2/dict_0003_0022" 8681
"/Engine/EngineMaterials/Substrate/Glints2/dict_0003_0023" 8682
"../../../Engine/Content/EngineMaterials/Substrate/Glints2/dict_0003_0017.uasset" 8683
"../../../Engine/Content/EngineMaterials/Substrate/Glints2/dict_0002_0250.uasset" 8684
"/Engine/EngineMaterials/Substrate/Glints2/dict_0003_0018" 8685
"/Engine/EngineMaterials/Substrate/Glints2/dict_0003_0017" 8686
"/Engine/EngineMaterials/Substrate/Glints2/dict_0003_0024" 8687
"/Engine/EngineMaterials/Substrate/Glints2/dict_0002_0250" 8688
"../../../Engine/Content/EngineMaterials/Substrate/Glints2/dict_0003_0031.uasset" 8689
"../../../Engine/Content/EngineMaterials/Substrate/Glints2/dict_0003_0036.uasset" 8690
"../../../Engine/Content/EngineMaterials/Substrate/Glints2/dict_0003_0026.uasset" 8691
"../../../Engine/Content/EngineMaterials/Substrate/Glints2/dict_0003_0035.uasset" 8692
"../../../Engine/Content/EngineMaterials/Substrate/Glints2/dict_0003_0032.uasset" 8693
"../../../Engine/Content/EngineMaterials/Substrate/Glints2/dict_0003_0027.uasset" 8694
"../../../Engine/Content/EngineMaterials/Substrate/Glints2/dict_0003_0025.uasset" 8695
"../../../Engine/Content/EngineMaterials/Substrate/Glints2/dict_0003_0028.uasset" 8696
"../../../Engine/Content/EngineMaterials/Substrate/Glints2/dict_0003_0033.uasset" 8697
"../../../Engine/Content/EngineMaterials/Substrate/Glints2/dict_0003_0041.uasset" 8698
"../../../Engine/Content/EngineMaterials/Substrate/Glints2/dict_0003_0034.uasset" 8699
"../../../Engine/Content/EngineMaterials/Substrate/Glints2/dict_0003_0040.uasset" 8700
"../../../Engine/Content/EngineMaterials/Substrate/Glints2/dict_0003_0039.uasset" 8701
"../../../Engine/Content/EngineMaterials/Substrate/Glints2/dict_0003_0037.uasset" 8702
"/Engine/EngineMaterials/Substrate/Glints2/dict_0003_0040" 8703
"/Engine/EngineMaterials/Substrate/Glints2/dict_0003_0033" 8704
"/Engine/EngineMaterials/Substrate/Glints2/dict_0003_0032" 8705
"/Engine/EngineMaterials/Substrate/Glints2/dict_0003_0031" 8706
"/Engine/EngineMaterials/Substrate/Glints2/dict_0003_0039" 8707
"/Engine/EngineMaterials/Substrate/Glints2/dict_0003_0028" 8708
"/Engine/EngineMaterials/Substrate/Glints2/dict_0003_0027" 8709
"/Engine/EngineMaterials/Substrate/Glints2/dict_0003_0026" 8710
"/Engine/EngineMaterials/Substrate/Glints2/dict_0003_0035" 8711
"/Engine/EngineMaterials/Substrate/Glints2/dict_0003_0037" 8712
"../../../Engine/Content/EngineMaterials/Substrate/Glints2/dict_0003_0042.uasset" 8713
"../../../Engine/Content/EngineMaterials/Substrate/Glints2/dict_0003_0038.uasset" 8714
"/Engine/EngineMaterials/Substrate/Glints2/dict_0003_0036" 8715
"/Engine/EngineMaterials/Substrate/Glints2/dict_0003_0025" 8716
"/Engine/EngineMaterials/Substrate/Glints2/dict_0003_0041" 8717
"/Engine/EngineMaterials/Substrate/Glints2/dict_0003_0034" 8718
"/Engine/EngineMaterials/Substrate/Glints2/dict_0003_0038" 8719
"../../../Engine/Content/EngineMaterials/Substrate/Glints2/dict_0003_0043.uasset" 8720
"/Engine/EngineMaterials/Substrate/Glints2/dict_0003_0042" 8721
"/Engine/EngineMaterials/Substrate/Glints2/dict_0003_0043" 8722
"../../../Engine/Content/EngineMaterials/Substrate/Glints2/dict_0003_0045.uasset" 8723
"/Engine/EngineMaterials/Substrate/Glints2/dict_0003_0045" 8724
"../../../Engine/Content/EngineMaterials/Substrate/Glints2/dict_0002_0242.uasset" 8725
"../../../Engine/Content/EngineMaterials/Substrate/Glints2/dict_0003_0029.uasset" 8726
"/Engine/EngineMaterials/Substrate/Glints2/dict_0003_0029" 8727
"/Engine/EngineMaterials/Substrate/Glints2/dict_0002_0242" 8728
"../../../Engine/Content/EngineMaterials/Substrate/Glints2/dict_0003_0030.uasset" 8729
"/Engine/EngineMaterials/Substrate/Glints2/dict_0003_0030" 8730
"../../../Engine/Content/EngineMaterials/Substrate/Glints2/dict_0003_0044.uasset" 8731
"/Engine/EngineMaterials/Substrate/Glints2/dict_0003_0044" 8732
"../../../Engine/Content/EngineMaterials/Substrate/Glints2/dict_0003_0049.uasset" 8733
"../../../Engine/Content/EngineMaterials/Substrate/Glints2/dict_0003_0061.uasset" 8734
"../../../Engine/Content/EngineMaterials/Substrate/Glints2/dict_0003_0047.uasset" 8735
"../../../Engine/Content/EngineMaterials/Substrate/Glints2/dict_0003_0050.uasset" 8736
"/Engine/EngineMaterials/Substrate/Glints2/dict_0003_0050" 8737
"../../../Engine/Content/EngineMaterials/Substrate/Glints2/dict_0003_0058.uasset" 8738
"../../../Engine/Content/EngineMaterials/Substrate/Glints2/dict_0003_0056.uasset" 8739
"../../../Engine/Content/EngineMaterials/Substrate/Glints2/dict_0003_0062.uasset" 8740
"../../../Engine/Content/EngineMaterials/Substrate/Glints2/dict_0003_0048.uasset" 8741
"../../../Engine/Content/EngineMaterials/Substrate/Glints2/dict_0003_0059.uasset" 8742
"../../../Engine/Content/EngineMaterials/Substrate/Glints2/dict_0003_0046.uasset" 8743
"../../../Engine/Content/EngineMaterials/Substrate/Glints2/dict_0003_0060.uasset" 8744
"../../../Engine/Content/EngineMaterials/Substrate/Glints2/dict_0003_0052.uasset" 8745
"../../../Engine/Content/EngineMaterials/Substrate/Glints2/dict_0003_0051.uasset" 8746
"/Engine/EngineMaterials/Substrate/Glints2/dict_0003_0049" 8747
"../../../Engine/Content/EngineMaterials/Substrate/Glints2/dict_0003_0057.uasset" 8748
"/Engine/EngineMaterials/Substrate/Glints2/dict_0003_0061" 8749
"/Engine/EngineMaterials/Substrate/Glints2/dict_0003_0047" 8750
"/Engine/EngineMaterials/Substrate/Glints2/dict_0003_0046" 8751
"/Engine/EngineMaterials/Substrate/Glints2/dict_0003_0048" 8752
"/Engine/EngineMaterials/Substrate/Glints2/dict_0003_0062" 8753
"/Engine/EngineMaterials/Substrate/Glints2/dict_0003_0060" 8754
"/Engine/EngineMaterials/Substrate/Glints2/dict_0003_0059" 8755
"/Engine/EngineMaterials/Substrate/Glints2/dict_0003_0058" 8756
"/Engine/EngineMaterials/Substrate/Glints2/dict_0003_0057" 8757
"/Engine/EngineMaterials/Substrate/Glints2/dict_0003_0056" 8758
"/Engine/EngineMaterials/Substrate/Glints2/dict_0003_0051" 8759
"/Engine/EngineMaterials/Substrate/Glints2/dict_0003_0052" 8760
"../../../Engine/Content/EngineMaterials/Substrate/Glints2/dict_0003_0073.uasset" 8761
"../../../Engine/Content/EngineMaterials/Substrate/Glints2/dict_0003_0069.uasset" 8762
"../../../Engine/Content/EngineMaterials/Substrate/Glints2/dict_0003_0070.uasset" 8763
"../../../Engine/Content/EngineMaterials/Substrate/Glints2/dict_0003_0071.uasset" 8764
"../../../Engine/Content/EngineMaterials/Substrate/Glints2/dict_0003_0068.uasset" 8765
"../../../Engine/Content/EngineMaterials/Substrate/Glints2/dict_0003_0075.uasset" 8766
"../../../Engine/Content/EngineMaterials/Substrate/Glints2/dict_0003_0072.uasset" 8767
"../../../Engine/Content/EngineMaterials/Substrate/Glints2/dict_0003_0074.uasset" 8768
"../../../Engine/Content/EngineMaterials/Substrate/Glints2/dict_0003_0080.uasset" 8769
"../../../Engine/Content/EngineMaterials/Substrate/Glints2/dict_0003_0081.uasset" 8770
"../../../Engine/Content/EngineMaterials/Substrate/Glints2/dict_0003_0083.uasset" 8771
"../../../Engine/Content/EngineMaterials/Substrate/Glints2/dict_0003_0078.uasset" 8772
"/Engine/EngineMaterials/Substrate/Glints2/dict_0003_0081" 8773
"../../../Engine/Content/EngineMaterials/Substrate/Glints2/dict_0003_0082.uasset" 8774
"/Engine/EngineMaterials/Substrate/Glints2/dict_0003_0073" 8775
"/Engine/EngineMaterials/Substrate/Glints2/dict_0003_0069" 8776
"/Engine/EngineMaterials/Substrate/Glints2/dict_0003_0068" 8777
"/Engine/EngineMaterials/Substrate/Glints2/dict_0003_0071" 8778
"../../../Engine/Content/EngineMaterials/Substrate/Glints2/dict_0003_0077.uasset" 8779
"/Engine/EngineMaterials/Substrate/Glints2/dict_0003_0080" 8780
"/Engine/EngineMaterials/Substrate/Glints2/dict_0003_0075" 8781
"/Engine/EngineMaterials/Substrate/Glints2/dict_0003_0074" 8782
"../../../Engine/Content/EngineMaterials/Substrate/Glints2/dict_0003_0079.uasset" 8783
"/Engine/EngineMaterials/Substrate/Glints2/dict_0003_0072" 8784
"/Engine/EngineMaterials/Substrate/Glints2/dict_0003_0070" 8785
"/Engine/EngineMaterials/Substrate/Glints2/dict_0003_0078" 8786
"/Engine/EngineMaterials/Substrate/Glints2/dict_0003_0083" 8787
"/Engine/EngineMaterials/Substrate/Glints2/dict_0003_0077" 8788
"/Engine/EngineMaterials/Substrate/Glints2/dict_0003_0079" 8789
"/Engine/EngineMaterials/Substrate/Glints2/dict_0003_0082" 8790
"../../../Engine/Content/EngineMaterials/Substrate/Glints2/dict_0003_0064.uasset" 8791
"../../../Engine/Content/EngineMaterials/Substrate/Glints2/dict_0003_0063.uasset" 8792
"../../../Engine/Content/EngineMaterials/Substrate/Glints2/dict_0003_0086.uasset" 8793
"../../../Engine/Content/EngineMaterials/Substrate/Glints2/dict_0003_0067.uasset" 8794
"../../../Engine/Content/EngineMaterials/Substrate/Glints2/dict_0003_0065.uasset" 8795
"../../../Engine/Content/EngineMaterials/Substrate/Glints2/dict_0003_0066.uasset" 8796
"../../../Engine/Content/EngineMaterials/Substrate/Glints2/dict_0003_0092.uasset" 8797
"../../../Engine/Content/EngineMaterials/Substrate/Glints2/dict_0003_0091.uasset" 8798
"../../../Engine/Content/EngineMaterials/Substrate/Glints2/dict_0003_0088.uasset" 8799
"../../../Engine/Content/EngineMaterials/Substrate/Glints2/dict_0003_0087.uasset" 8800
"/Engine/EngineMaterials/Substrate/Glints2/dict_0003_0091" 8801
"/Engine/EngineMaterials/Substrate/Glints2/dict_0003_0067" 8802
"../../../Engine/Content/EngineMaterials/Substrate/Glints2/dict_0003_0090.uasset" 8803
"/Engine/EngineMaterials/Substrate/Glints2/dict_0003_0066" 8804
"/Engine/EngineMaterials/Substrate/Glints2/dict_0003_0065" 8805
"/Engine/EngineMaterials/Substrate/Glints2/dict_0003_0064" 8806
"/Engine/EngineMaterials/Substrate/Glints2/dict_0003_0063" 8807
"/Engine/EngineMaterials/Substrate/Glints2/dict_0003_0088" 8808
"/Engine/EngineMaterials/Substrate/Glints2/dict_0003_0087" 8809
"/Engine/EngineMaterials/Substrate/Glints2/dict_0003_0086" 8810
"/Engine/EngineMaterials/Substrate/Glints2/dict_0003_0092" 8811
"/Engine/EngineMaterials/Substrate/Glints2/dict_0003_0090" 8812
"../../../Engine/Content/EngineMaterials/Substrate/Glints2/dict_0003_0093.uasset" 8813
"../../../Engine/Content/EngineMaterials/Substrate/Glints2/dict_0003_0085.uasset" 8814
"../../../Engine/Content/EngineMaterials/Substrate/Glints2/dict_0003_0084.uasset" 8815
"/Engine/EngineMaterials/Substrate/Glints2/dict_0003_0085" 8816
"/Engine/EngineMaterials/Substrate/Glints2/dict_0003_0093" 8817
"/Engine/EngineMaterials/Substrate/Glints2/dict_0003_0084" 8818
"../../../Engine/Content/EngineMaterials/Substrate/Glints2/dict_0003_0095.uasset" 8819
"../../../Engine/Content/EngineMaterials/Substrate/Glints2/dict_0003_0104.uasset" 8820
"../../../Engine/Content/EngineMaterials/Substrate/Glints2/dict_0003_0089.uasset" 8821
"../../../Engine/Content/EngineMaterials/Substrate/Glints2/dict_0003_0102.uasset" 8822
"../../../Engine/Content/EngineMaterials/Substrate/Glints2/dict_0003_0100.uasset" 8823
"../../../Engine/Content/EngineMaterials/Substrate/Glints2/dict_0003_0099.uasset" 8824
"../../../Engine/Content/EngineMaterials/Substrate/Glints2/dict_0003_0097.uasset" 8825
"../../../Engine/Content/EngineMaterials/Substrate/Glints2/dict_0003_0103.uasset" 8826
"../../../Engine/Content/EngineMaterials/Substrate/Glints2/dict_0003_0106.uasset" 8827
"../../../Engine/Content/EngineMaterials/Substrate/Glints2/dict_0003_0096.uasset" 8828
"../../../Engine/Content/EngineMaterials/Substrate/Glints2/dict_0003_0112.uasset" 8829
"../../../Engine/Content/EngineMaterials/Substrate/Glints2/dict_0003_0108.uasset" 8830
"../../../Engine/Content/EngineMaterials/Substrate/Glints2/dict_0003_0107.uasset" 8831
"/Engine/EngineMaterials/Substrate/Glints2/dict_0003_0103" 8832
"../../../Engine/Content/EngineMaterials/Substrate/Glints2/dict_0003_0110.uasset" 8833
"/Engine/EngineMaterials/Substrate/Glints2/dict_0003_0102" 8834
"/Engine/EngineMaterials/Substrate/Glints2/dict_0003_0100" 8835
"/Engine/EngineMaterials/Substrate/Glints2/dict_0003_0099" 8836
"/Engine/EngineMaterials/Substrate/Glints2/dict_0003_0097" 8837
"/Engine/EngineMaterials/Substrate/Glints2/dict_0003_0096" 8838
"/Engine/EngineMaterials/Substrate/Glints2/dict_0003_0106" 8839
"/Engine/EngineMaterials/Substrate/Glints2/dict_0003_0112" 8840
"/Engine/EngineMaterials/Substrate/Glints2/dict_0003_0095" 8841
"/Engine/EngineMaterials/Substrate/Glints2/dict_0003_0089" 8842
"../../../Engine/Content/EngineMaterials/Substrate/Glints2/dict_0003_0109.uasset" 8843
"/Engine/EngineMaterials/Substrate/Glints2/dict_0003_0108" 8844
"/Engine/EngineMaterials/Substrate/Glints2/dict_0003_0107" 8845
"/Engine/EngineMaterials/Substrate/Glints2/dict_0003_0104" 8846
"../../../Engine/Content/EngineMaterials/Substrate/Glints2/dict_0003_0113.uasset" 8847
"../../../Engine/Content/EngineMaterials/Substrate/Glints2/dict_0003_0117.uasset" 8848
"/Engine/EngineMaterials/Substrate/Glints2/dict_0003_0113" 8849
"../../../Engine/Content/EngineMaterials/Substrate/Glints2/dict_0003_0116.uasset" 8850
"/Engine/EngineMaterials/Substrate/Glints2/dict_0003_0110" 8851
"/Engine/EngineMaterials/Substrate/Glints2/dict_0003_0109" 8852
"../../../Engine/Content/EngineMaterials/Substrate/Glints2/dict_0003_0118.uasset" 8853
"/Engine/EngineMaterials/Substrate/Glints2/dict_0003_0116" 8854
"../../../Engine/Content/EngineMaterials/Substrate/Glints2/dict_0003_0114.uasset" 8855
"../../../Engine/Content/EngineMaterials/Substrate/Glints2/dict_0003_0119.uasset" 8856
"/Engine/EngineMaterials/Substrate/Glints2/dict_0003_0117" 8857
"/Engine/EngineMaterials/Substrate/Glints2/dict_0003_0118" 8858
"/Engine/EngineMaterials/Substrate/Glints2/dict_0003_0114" 8859
"/Engine/EngineMaterials/Substrate/Glints2/dict_0003_0119" 8860
"../../../Engine/Content/EngineMaterials/Substrate/Glints2/dict_0003_0121.uasset" 8861
"../../../Engine/Content/EngineMaterials/Substrate/Glints2/dict_0003_0123.uasset" 8862
"../../../Engine/Content/EngineMaterials/Substrate/Glints2/dict_0003_0122.uasset" 8863
"../../../Engine/Content/EngineMaterials/Substrate/Glints2/dict_0003_0124.uasset" 8864
"/Engine/EngineMaterials/Substrate/Glints2/dict_0003_0124" 8865
"../../../Engine/Content/EngineMaterials/Substrate/Glints2/dict_0003_0127.uasset" 8866
"../../../Engine/Content/EngineMaterials/Substrate/Glints2/dict_0003_0120.uasset" 8867
"/Engine/EngineMaterials/Substrate/Glints2/dict_0003_0123" 8868
"/Engine/EngineMaterials/Substrate/Glints2/dict_0003_0122" 8869
"/Engine/EngineMaterials/Substrate/Glints2/dict_0003_0121" 8870
"/Engine/EngineMaterials/Substrate/Glints2/dict_0003_0127" 8871
"/Engine/EngineMaterials/Substrate/Glints2/dict_0003_0120" 8872
"../../../Engine/Content/EngineMaterials/Substrate/Glints2/dict_0003_0126.uasset" 8873
"../../../Engine/Content/EngineMaterials/Substrate/Glints2/dict_0003_0125.uasset" 8874
"../../../Engine/Content/EngineMaterials/Substrate/Glints2/dict_0003_0115.uasset" 8875
"/Engine/EngineMaterials/Substrate/Glints2/dict_0003_0115" 8876
"/Engine/EngineMaterials/Substrate/Glints2/dict_0003_0126" 8877
"/Engine/EngineMaterials/Substrate/Glints2/dict_0003_0125" 8878
"../../../Engine/Content/EngineMaterials/Substrate/Glints2/dict_0003_0053.uasset" 8879
"../../../Engine/Content/EngineMaterials/Substrate/Glints2/dict_0003_0054.uasset" 8880
"/Engine/EngineMaterials/Substrate/Glints2/dict_0003_0054" 8881
"../../../Engine/Content/EngineMaterials/Substrate/Glints2/dict_0003_0055.uasset" 8882
"/Engine/EngineMaterials/Substrate/Glints2/dict_0003_0055" 8883
"/Engine/EngineMaterials/Substrate/Glints2/dict_0003_0053" 8884
"../../../Engine/Content/EngineMaterials/Substrate/Glints2/dict_0003_0101.uasset" 8885
"../../../Engine/Content/EngineMaterials/Substrate/Glints2/dict_0003_0131.uasset" 8886
"../../../Engine/Content/EngineMaterials/Substrate/Glints2/dict_0003_0135.uasset" 8887
"../../../Engine/Content/EngineMaterials/Substrate/Glints2/dict_0003_0130.uasset" 8888
"../../../Engine/Content/EngineMaterials/Substrate/Glints2/dict_0003_0132.uasset" 8889
"/Engine/EngineMaterials/Substrate/Glints2/dict_0003_0101" 8890
"../../../Engine/Content/EngineMaterials/Substrate/Glints2/dict_0003_0133.uasset" 8891
"../../../Engine/Content/EngineMaterials/Substrate/Glints2/dict_0003_0134.uasset" 8892
"../../../Engine/Content/EngineMaterials/Substrate/Glints2/dict_0003_0129.uasset" 8893
"../../../Engine/Content/EngineMaterials/Substrate/Glints2/dict_0003_0128.uasset" 8894
"/Engine/EngineMaterials/Substrate/Glints2/dict_0003_0133" 8895
"/Engine/EngineMaterials/Substrate/Glints2/dict_0003_0132" 8896
"/Engine/EngineMaterials/Substrate/Glints2/dict_0003_0131" 8897
"/Engine/EngineMaterials/Substrate/Glints2/dict_0003_0130" 8898
"/Engine/EngineMaterials/Substrate/Glints2/dict_0003_0135" 8899
"/Engine/EngineMaterials/Substrate/Glints2/dict_0003_0134" 8900
"/Engine/EngineMaterials/Substrate/Glints2/dict_0003_0129" 8901
"/Engine/EngineMaterials/Substrate/Glints2/dict_0003_0128" 8902
"../../../Engine/Content/EngineMaterials/Substrate/Glints2/dict_0003_0142.uasset" 8903
"../../../Engine/Content/EngineMaterials/Substrate/Glints2/dict_0003_0147.uasset" 8904
"../../../Engine/Content/EngineMaterials/Substrate/Glints2/dict_0003_0144.uasset" 8905
"../../../Engine/Content/EngineMaterials/Substrate/Glints2/dict_0003_0148.uasset" 8906
"/Engine/EngineMaterials/Substrate/Glints2/dict_0003_0147" 8907
"../../../Engine/Content/EngineMaterials/Substrate/Glints2/dict_0003_0143.uasset" 8908
"../../../Engine/Content/EngineMaterials/Substrate/Glints2/dict_0003_0145.uasset" 8909
"../../../Engine/Content/EngineMaterials/Substrate/Glints2/dict_0003_0141.uasset" 8910
"/Engine/EngineMaterials/Substrate/Glints2/dict_0003_0148" 8911
"/Engine/EngineMaterials/Substrate/Glints2/dict_0003_0144" 8912
"/Engine/EngineMaterials/Substrate/Glints2/dict_0003_0142" 8913
"/Engine/EngineMaterials/Substrate/Glints2/dict_0003_0141" 8914
"/Engine/EngineMaterials/Substrate/Glints2/dict_0003_0145" 8915
"/Engine/EngineMaterials/Substrate/Glints2/dict_0003_0143" 8916
"../../../Engine/Content/EngineMaterials/Substrate/Glints2/dict_0003_0150.uasset" 8917
"../../../Engine/Content/EngineMaterials/Substrate/Glints2/dict_0003_0149.uasset" 8918
"../../../Engine/Content/EngineMaterials/Substrate/Glints2/dict_0003_0152.uasset" 8919
"../../../Engine/Content/EngineMaterials/Substrate/Glints2/dict_0003_0157.uasset" 8920
"../../../Engine/Content/EngineMaterials/Substrate/Glints2/dict_0003_0156.uasset" 8921
"/Engine/EngineMaterials/Substrate/Glints2/dict_0003_0150" 8922
"/Engine/EngineMaterials/Substrate/Glints2/dict_0003_0149" 8923
"/Engine/EngineMaterials/Substrate/Glints2/dict_0003_0152" 8924
"../../../Engine/Content/EngineMaterials/Substrate/Glints2/dict_0003_0151.uasset" 8925
"../../../Engine/Content/EngineMaterials/Substrate/Glints2/dict_0003_0155.uasset" 8926
"/Engine/EngineMaterials/Substrate/Glints2/dict_0003_0151" 8927
"/Engine/EngineMaterials/Substrate/Glints2/dict_0003_0157" 8928
"/Engine/EngineMaterials/Substrate/Glints2/dict_0003_0156" 8929
"/Engine/EngineMaterials/Substrate/Glints2/dict_0003_0155" 8930
"../../../Engine/Content/EngineMaterials/Substrate/Glints2/dict_0003_0159.uasset" 8931
"../../../Engine/Content/EngineMaterials/Substrate/Glints2/dict_0003_0160.uasset" 8932
"/Engine/EngineMaterials/Substrate/Glints2/dict_0003_0160" 8933
"/Engine/EngineMaterials/Substrate/Glints2/dict_0003_0159" 8934
"../../../Engine/Content/EngineMaterials/Substrate/Glints2/dict_0003_0163.uasset" 8935
"../../../Engine/Content/EngineMaterials/Substrate/Glints2/dict_0003_0164.uasset" 8936
"../../../Engine/Content/EngineMaterials/Substrate/Glints2/dict_0003_0094.uasset" 8937
"/Engine/EngineMaterials/Substrate/Glints2/dict_0003_0094" 8938
"../../../Engine/Content/EngineMaterials/Substrate/Glints2/dict_0003_0136.uasset" 8939
"../../../Engine/Content/EngineMaterials/Substrate/Glints2/dict_0003_0139.uasset" 8940
"../../../Engine/Content/EngineMaterials/Substrate/Glints2/dict_0003_0137.uasset" 8941
"/Engine/EngineMaterials/Substrate/Glints2/dict_0003_0164" 8942
"/Engine/EngineMaterials/Substrate/Glints2/dict_0003_0163" 8943
"/Engine/EngineMaterials/Substrate/Glints2/dict_0003_0139" 8944
"/Engine/EngineMaterials/Substrate/Glints2/dict_0003_0136" 8945
"../../../Engine/Content/EngineMaterials/Substrate/Glints2/dict_0003_0165.uasset" 8946
"/Engine/EngineMaterials/Substrate/Glints2/dict_0003_0137" 8947
"/Engine/EngineMaterials/Substrate/Glints2/dict_0003_0165" 8948
"../../../Engine/Content/EngineMaterials/Substrate/Glints2/dict_0003_0166.uasset" 8949
"/Engine/EngineMaterials/Substrate/Glints2/dict_0003_0166" 8950
"../../../Engine/Content/EngineMaterials/Substrate/Glints2/dict_0003_0172.uasset" 8951
"../../../Engine/Content/EngineMaterials/Substrate/Glints2/dict_0003_0167.uasset" 8952
"../../../Engine/Content/EngineMaterials/Substrate/Glints2/dict_0003_0171.uasset" 8953
"/Engine/EngineMaterials/Substrate/Glints2/dict_0003_0172" 8954
"/Engine/EngineMaterials/Substrate/Glints2/dict_0003_0171" 8955
"/Engine/EngineMaterials/Substrate/Glints2/dict_0003_0167" 8956
"../../../Engine/Content/EngineMaterials/Substrate/Glints2/dict_0003_0173.uasset" 8957
"../../../Engine/Content/EngineMaterials/Substrate/Glints2/dict_0003_0174.uasset" 8958
"../../../Engine/Content/EngineMaterials/Substrate/Glints2/dict_0003_0175.uasset" 8959
"../../../Engine/Content/EngineMaterials/Substrate/Glints2/dict_0003_0076.uasset" 8960
"/Engine/EngineMaterials/Substrate/Glints2/dict_0003_0175" 8961
"/Engine/EngineMaterials/Substrate/Glints2/dict_0003_0174" 8962
"/Engine/EngineMaterials/Substrate/Glints2/dict_0003_0076" 8963
"/Engine/EngineMaterials/Substrate/Glints2/dict_0003_0173" 8964
"../../../Engine/Content/EngineMaterials/Substrate/Glints2/dict_0003_0176.uasset" 8965
"../../../Engine/Content/EngineMaterials/Substrate/Glints2/dict_0003_0177.uasset" 8966
"../../../Engine/Content/EngineMaterials/Substrate/Glints2/dict_0003_0180.uasset" 8967
"../../../Engine/Content/EngineMaterials/Substrate/Glints2/dict_0003_0179.uasset" 8968
"../../../Engine/Content/EngineMaterials/Substrate/Glints2/dict_0003_0181.uasset" 8969
"/Engine/EngineMaterials/Substrate/Glints2/dict_0003_0177" 8970
"/Engine/EngineMaterials/Substrate/Glints2/dict_0003_0181" 8971
"/Engine/EngineMaterials/Substrate/Glints2/dict_0003_0176" 8972
"/Engine/EngineMaterials/Substrate/Glints2/dict_0003_0180" 8973
"/Engine/EngineMaterials/Substrate/Glints2/dict_0003_0179" 8974
"../../../Engine/Content/EngineMaterials/Substrate/Glints2/dict_0003_0098.uasset" 8975
"../../../Engine/Content/EngineMaterials/Substrate/Glints2/dict_0003_0182.uasset" 8976
"../../../Engine/Content/EngineMaterials/Substrate/Glints2/dict_0003_0184.uasset" 8977
"/Engine/EngineMaterials/Substrate/Glints2/dict_0003_0184" 8978
"/Engine/EngineMaterials/Substrate/Glints2/dict_0003_0098" 8979
"../../../Engine/Content/EngineMaterials/Substrate/Glints2/dict_0003_0183.uasset" 8980
"/Engine/EngineMaterials/Substrate/Glints2/dict_0003_0182" 8981
"/Engine/EngineMaterials/Substrate/Glints2/dict_0003_0183" 8982
"../../../Engine/Content/EngineMaterials/Substrate/Glints2/dict_0003_0111.uasset" 8983
"/Engine/EngineMaterials/Substrate/Glints2/dict_0003_0111" 8984
"../../../Engine/Content/EngineMaterials/Substrate/Glints2/dict_0003_0187.uasset" 8985
"../../../Engine/Content/EngineMaterials/Substrate/Glints2/dict_0003_0188.uasset" 8986
"../../../Engine/Content/EngineMaterials/Substrate/Glints2/dict_0003_0186.uasset" 8987
"/Engine/EngineMaterials/Substrate/Glints2/dict_0003_0186" 8988
"/Engine/EngineMaterials/Substrate/Glints2/dict_0003_0188" 8989
"../../../Engine/Content/EngineMaterials/Substrate/Glints2/dict_0003_0191.uasset" 8990
"../../../Engine/Content/EngineMaterials/Substrate/Glints2/dict_0003_0192.uasset" 8991
"/Engine/EngineMaterials/Substrate/Glints2/dict_0003_0187" 8992
"/Engine/EngineMaterials/Substrate/Glints2/dict_0003_0192" 8993
"/Engine/EngineMaterials/Substrate/Glints2/dict_0003_0191" 8994
"../../../Engine/Content/EngineMaterials/Substrate/Glints2/dict_0003_0193.uasset" 8995
"../../../Engine/Content/EngineMaterials/Substrate/Glints2/dict_0003_0194.uasset" 8996
"../../../Engine/Content/EngineMaterials/Substrate/Glints2/dict_0003_0105.uasset" 8997
"../../../Engine/Content/EngineMaterials/Substrate/Glints2/dict_0003_0169.uasset" 8998
"../../../Engine/Content/EngineMaterials/Substrate/Glints2/dict_0003_0196.uasset" 8999
"../../../Engine/Content/EngineMaterials/Substrate/Glints2/dict_0003_0195.uasset" 9000
"/Engine/EngineMaterials/Substrate/Glints2/dict_0003_0193" 9001
"/Engine/EngineMaterials/Substrate/Glints2/dict_0003_0169" 9002
"/Engine/EngineMaterials/Substrate/Glints2/dict_0003_0105" 9003
"/Engine/EngineMaterials/Substrate/Glints2/dict_0003_0194" 9004
"/Engine/EngineMaterials/Substrate/Glints2/dict_0003_0196" 9005
"/Engine/EngineMaterials/Substrate/Glints2/dict_0003_0195" 9006
"../../../Engine/Content/EngineMaterials/Substrate/Glints2/dict_0003_0199.uasset" 9007
"../../../Engine/Content/EngineMaterials/Substrate/Glints2/dict_0003_0200.uasset" 9008
"/Engine/EngineMaterials/Substrate/Glints2/dict_0003_0200" 9009
"/Engine/EngineMaterials/Substrate/Glints2/dict_0003_0199" 9010
"../../../Engine/Content/EngineMaterials/Substrate/Glints2/dict_0003_0201.uasset" 9011
"../../../Engine/Content/EngineMaterials/Substrate/Glints2/dict_0003_0202.uasset" 9012
"/Engine/EngineMaterials/Substrate/Glints2/dict_0003_0201" 9013
"/Engine/EngineMaterials/Substrate/Glints2/dict_0003_0202" 9014
"../../../Engine/Content/EngineMaterials/Substrate/Glints2/dict_0003_0203.uasset" 9015
"../../../Engine/Content/EngineMaterials/Substrate/Glints2/dict_0003_0204.uasset" 9016
"/Engine/EngineMaterials/Substrate/Glints2/dict_0003_0203" 9017
"/Engine/EngineMaterials/Substrate/Glints2/dict_0003_0204" 9018
"../../../Engine/Content/EngineMaterials/Substrate/Glints2/dict_0003_0206.uasset" 9019
"../../../Engine/Content/EngineMaterials/Substrate/Glints2/dict_0003_0205.uasset" 9020
"/Engine/EngineMaterials/Substrate/Glints2/dict_0003_0206" 9021
"/Engine/EngineMaterials/Substrate/Glints2/dict_0003_0205" 9022
"../../../Engine/Content/EngineMaterials/Substrate/Glints2/dict_0003_0207.uasset" 9023
"/Engine/EngineMaterials/Substrate/Glints2/dict_0003_0207" 9024
"../../../Engine/Content/EngineMaterials/Substrate/Glints2/dict_0003_0208.uasset" 9025
"../../../Engine/Content/EngineMaterials/Substrate/Glints2/dict_0003_0158.uasset" 9026
"../../../Engine/Content/EngineMaterials/Substrate/Glints2/dict_0003_0209.uasset" 9027
"../../../Engine/Content/EngineMaterials/Substrate/Glints2/dict_0003_0210.uasset" 9028
"/Engine/EngineMaterials/Substrate/Glints2/dict_0003_0158" 9029
"/Engine/EngineMaterials/Substrate/Glints2/dict_0003_0208" 9030
"/Engine/EngineMaterials/Substrate/Glints2/dict_0003_0210" 9031
"/Engine/EngineMaterials/Substrate/Glints2/dict_0003_0209" 9032
"../../../Engine/Content/EngineMaterials/Substrate/Glints2/dict_0003_0213.uasset" 9033
"../../../Engine/Content/EngineMaterials/Substrate/Glints2/dict_0003_0212.uasset" 9034
"../../../Engine/Content/EngineMaterials/Substrate/Glints2/dict_0003_0211.uasset" 9035
"/Engine/EngineMaterials/Substrate/Glints2/dict_0003_0212" 9036
"../../../Engine/Content/EngineMaterials/Substrate/Glints2/dict_0003_0215.uasset" 9037
"../../../Engine/Content/EngineMaterials/Substrate/Glints2/dict_0003_0214.uasset" 9038
"/Engine/EngineMaterials/Substrate/Glints2/dict_0003_0211" 9039
"/Engine/EngineMaterials/Substrate/Glints2/dict_0003_0213" 9040
"/Engine/EngineMaterials/Substrate/Glints2/dict_0003_0214" 9041
"/Engine/EngineMaterials/Substrate/Glints2/dict_0003_0215" 9042
"../../../Engine/Content/EngineMaterials/Substrate/Glints2/dict_0003_0217.uasset" 9043
"/Engine/EngineMaterials/Substrate/Glints2/dict_0003_0217" 9044
"../../../Engine/Content/EngineMaterials/Substrate/Glints2/dict_0003_0218.uasset" 9045
"../../../Engine/Content/EngineMaterials/Substrate/Glints2/dict_0003_0219.uasset" 9046
"/Engine/EngineMaterials/Substrate/Glints2/dict_0003_0218" 9047
"/Engine/EngineMaterials/Substrate/Glints2/dict_0003_0219" 9048
"../../../Engine/Content/EngineMaterials/Substrate/Glints2/dict_0003_0220.uasset" 9049
"/Engine/EngineMaterials/Substrate/Glints2/dict_0003_0220" 9050
"../../../Engine/Content/EngineMaterials/Substrate/Glints2/dict_0003_0221.uasset" 9051
"/Engine/EngineMaterials/Substrate/Glints2/dict_0003_0221" 9052
"../../../Engine/Content/EngineMaterials/Substrate/Glints2/dict_0003_0223.uasset" 9053
"/Engine/EngineMaterials/Substrate/Glints2/dict_0003_0223" 9054
"../../../Engine/Content/EngineMaterials/Substrate/Glints2/dict_0003_0146.uasset" 9055
"../../../Engine/Content/EngineMaterials/Substrate/Glints2/dict_0003_0154.uasset" 9056
"/Engine/EngineMaterials/Substrate/Glints2/dict_0003_0154" 9057
"/Engine/EngineMaterials/Substrate/Glints2/dict_0003_0146" 9058
"../../../Engine/Content/EngineMaterials/Substrate/Glints2/dict_0003_0161.uasset" 9059
"/Engine/EngineMaterials/Substrate/Glints2/dict_0003_0161" 9060
"../../../Engine/Content/EngineMaterials/Substrate/Glints2/dict_0003_0140.uasset" 9061
"/Engine/EngineMaterials/Substrate/Glints2/dict_0003_0140" 9062
"../../../Engine/Content/EngineMaterials/Substrate/Glints2/dict_0003_0227.uasset" 9063
"../../../Engine/Content/EngineMaterials/Substrate/Glints2/dict_0003_0228.uasset" 9064
"/Engine/EngineMaterials/Substrate/Glints2/dict_0003_0227" 9065
"/Engine/EngineMaterials/Substrate/Glints2/dict_0003_0228" 9066
"../../../Engine/Content/EngineMaterials/Substrate/Glints2/dict_0003_0230.uasset" 9067
"../../../Engine/Content/EngineMaterials/Substrate/Glints2/dict_0003_0229.uasset" 9068
"/Engine/EngineMaterials/Substrate/Glints2/dict_0003_0230" 9069
"/Engine/EngineMaterials/Substrate/Glints2/dict_0003_0229" 9070
"../../../Engine/Content/EngineMaterials/Substrate/Glints2/dict_0003_0189.uasset" 9071
"/Engine/EngineMaterials/Substrate/Glints2/dict_0003_0189" 9072
"../../../Engine/Content/EngineMaterials/Substrate/Glints2/dict_0003_0231.uasset" 9073
"../../../Engine/Content/EngineMaterials/Substrate/Glints2/dict_0003_0232.uasset" 9074
"../../../Engine/Content/EngineMaterials/Substrate/Glints2/dict_0003_0190.uasset" 9075
"/Engine/EngineMaterials/Substrate/Glints2/dict_0003_0190" 9076
"/Engine/EngineMaterials/Substrate/Glints2/dict_0003_0232" 9077
"/Engine/EngineMaterials/Substrate/Glints2/dict_0003_0231" 9078
"../../../Engine/Content/EngineMaterials/Substrate/Glints2/dict_0003_0197.uasset" 9079
"../../../Engine/Content/EngineMaterials/Substrate/Glints2/dict_0003_0235.uasset" 9080
"/Engine/EngineMaterials/Substrate/Glints2/dict_0003_0235" 9081
"/Engine/EngineMaterials/Substrate/Glints2/dict_0003_0197" 9082
"../../../Engine/Content/EngineMaterials/Substrate/Glints2/dict_0003_0238.uasset" 9083
"/Engine/EngineMaterials/Substrate/Glints2/dict_0003_0238" 9084
"../../../Engine/Content/EngineMaterials/Substrate/Glints2/dict_0003_0178.uasset" 9085
"../../../Engine/Content/EngineMaterials/Substrate/Glints2/dict_0003_0138.uasset" 9086
"/Engine/EngineMaterials/Substrate/Glints2/dict_0003_0178" 9087
"/Engine/EngineMaterials/Substrate/Glints2/dict_0003_0138" 9088
"../../../Engine/Content/EngineMaterials/Substrate/Glints2/dict_0003_0239.uasset" 9089
"../../../Engine/Content/EngineMaterials/Substrate/Glints2/dict_0003_0240.uasset" 9090
"/Engine/EngineMaterials/Substrate/Glints2/dict_0003_0240" 9091
"/Engine/EngineMaterials/Substrate/Glints2/dict_0003_0239" 9092
"../../../Engine/Content/EngineMaterials/Substrate/Glints2/dict_0003_0241.uasset" 9093
"/Engine/EngineMaterials/Substrate/Glints2/dict_0003_0241" 9094
"../../../Engine/Content/EngineMaterials/Substrate/Glints2/dict_0003_0185.uasset" 9095
"/Engine/EngineMaterials/Substrate/Glints2/dict_0003_0185" 9096
"../../../Engine/Content/EngineMaterials/Substrate/Glints2/dict_0003_0243.uasset" 9097
"../../../Engine/Content/EngineMaterials/Substrate/Glints2/dict_0003_0242.uasset" 9098
"/Engine/EngineMaterials/Substrate/Glints2/dict_0003_0243" 9099
"/Engine/EngineMaterials/Substrate/Glints2/dict_0003_0242" 9100
"../../../Engine/Content/EngineMaterials/Substrate/Glints2/dict_0003_0153.uasset" 9101
"../../../Engine/Content/EngineMaterials/Substrate/Glints2/dict_0003_0236.uasset" 9102
"/Engine/EngineMaterials/Substrate/Glints2/dict_0003_0153" 9103
"../../../Engine/Content/EngineMaterials/Substrate/Glints2/dict_0003_0244.uasset" 9104
"../../../Engine/Content/EngineMaterials/Substrate/Glints2/dict_0003_0170.uasset" 9105
"/Engine/EngineMaterials/Substrate/Glints2/dict_0003_0236" 9106
"/Engine/EngineMaterials/Substrate/Glints2/dict_0003_0244" 9107
"/Engine/EngineMaterials/Substrate/Glints2/dict_0003_0170" 9108
"../../../Engine/Content/EngineMaterials/Substrate/Glints2/dict_0003_0249.uasset" 9109
"../../../Engine/Content/EngineMaterials/Substrate/Glints2/dict_0003_0250.uasset" 9110
"../../../Engine/Content/EngineMaterials/Substrate/Glints2/dict_0003_0251.uasset" 9111
"/Engine/EngineMaterials/Substrate/Glints2/dict_0003_0251" 9112
"../../../Engine/Content/EngineMaterials/Substrate/Glints2/dict_0003_0216.uasset" 9113
"/Engine/EngineMaterials/Substrate/Glints2/dict_0003_0250" 9114
"/Engine/EngineMaterials/Substrate/Glints2/dict_0003_0249" 9115
"/Engine/EngineMaterials/Substrate/Glints2/dict_0003_0216" 9116
"../../../Engine/Content/EngineMaterials/Substrate/Glints2/dict_0003_0252.uasset" 9117
"../../../Engine/Content/EngineMaterials/Substrate/Glints2/dict_0003_0198.uasset" 9118
"/Engine/EngineMaterials/Substrate/Glints2/dict_0003_0252" 9119
"/Engine/EngineMaterials/Substrate/Glints2/dict_0003_0198" 9120
"../../../Engine/Content/EngineMaterials/Substrate/Glints2/dict_0003_0226.uasset" 9121
"/Engine/EngineMaterials/Substrate/Glints2/dict_0003_0226" 9122
"../../../Engine/Content/EngineMaterials/Substrate/Glints2/dict_0003_0255.uasset" 9123
"../../../Engine/Content/EngineMaterials/Substrate/Glints2/dict_0004_0000.uasset" 9124
"/Engine/EngineMaterials/Substrate/Glints2/dict_0003_0255" 9125
"/Engine/EngineMaterials/Substrate/Glints2/dict_0004_0000" 9126
"../../../Engine/Content/EngineMaterials/Substrate/Glints2/dict_0003_0233.uasset" 9127
"/Engine/EngineMaterials/Substrate/Glints2/dict_0003_0233" 9128
"../../../Engine/Content/EngineMaterials/Substrate/Glints2/dict_0004_0004.uasset" 9129
"../../../Engine/Content/EngineMaterials/Substrate/Glints2/dict_0003_0247.uasset" 9130
"../../../Engine/Content/EngineMaterials/Substrate/Glints2/dict_0003_0222.uasset" 9131
"../../../Engine/Content/EngineMaterials/Substrate/Glints2/dict_0003_0168.uasset" 9132
"../../../Engine/Content/EngineMaterials/Substrate/Glints2/dict_0004_0003.uasset" 9133
"../../../Engine/Content/EngineMaterials/Substrate/Glints2/dict_0003_0225.uasset" 9134
"/Engine/EngineMaterials/Substrate/Glints2/dict_0003_0247" 9135
"/Engine/EngineMaterials/Substrate/Glints2/dict_0003_0222" 9136
"/Engine/EngineMaterials/Substrate/Glints2/dict_0004_0003" 9137
"../../../Engine/Content/EngineMaterials/Substrate/Glints2/dict_0004_0006.uasset" 9138
"/Engine/EngineMaterials/Substrate/Glints2/dict_0003_0168" 9139
"/Engine/EngineMaterials/Substrate/Glints2/dict_0003_0225" 9140
"/Engine/EngineMaterials/Substrate/Glints2/dict_0004_0004" 9141
"/Engine/EngineMaterials/Substrate/Glints2/dict_0004_0006" 9142
"../../../Engine/Content/EngineMaterials/Substrate/Glints2/dict_0004_0007.uasset" 9143
"../../../Engine/Content/EngineMaterials/Substrate/Glints2/dict_0004_0008.uasset" 9144
"/Engine/EngineMaterials/Substrate/Glints2/dict_0004_0007" 9145
"/Engine/EngineMaterials/Substrate/Glints2/dict_0004_0008" 9146
"../../../Engine/Content/EngineMaterials/Substrate/Glints2/dict_0003_0162.uasset" 9147
"/Engine/EngineMaterials/Substrate/Glints2/dict_0003_0162" 9148
"../../../Engine/Content/EngineMaterials/Substrate/Glints2/dict_0003_0253.uasset" 9149
"../../../Engine/Content/EngineMaterials/Substrate/Glints2/dict_0003_0254.uasset" 9150
"/Engine/EngineMaterials/Substrate/Glints2/dict_0003_0254" 9151
"/Engine/EngineMaterials/Substrate/Glints2/dict_0003_0253" 9152
"../../../Engine/Content/EngineMaterials/Substrate/Glints2/dict_0003_0234.uasset" 9153
"/Engine/EngineMaterials/Substrate/Glints2/dict_0003_0234" 9154
"../../../Engine/Content/EngineMaterials/Substrate/Glints2/dict_0004_0011.uasset" 9155
"../../../Engine/Content/EngineMaterials/Substrate/Glints2/dict_0004_0012.uasset" 9156
"../../../Engine/Content/EngineMaterials/Substrate/Glints2/dict_0004_0010.uasset" 9157
"../../../Engine/Content/EngineMaterials/Substrate/Glints2/dict_0004_0013.uasset" 9158
"../../../Engine/Content/EngineMaterials/Substrate/Glints2/dict_0004_0015.uasset" 9159
"/Engine/EngineMaterials/Substrate/Glints2/dict_0004_0015" 9160
"../../../Engine/Content/EngineMaterials/Substrate/Glints2/dict_0004_0009.uasset" 9161
"/Engine/EngineMaterials/Substrate/Glints2/dict_0004_0013" 9162
"/Engine/EngineMaterials/Substrate/Glints2/dict_0004_0012" 9163
"/Engine/EngineMaterials/Substrate/Glints2/dict_0004_0011" 9164
"/Engine/EngineMaterials/Substrate/Glints2/dict_0004_0010" 9165
"/Engine/EngineMaterials/Substrate/Glints2/dict_0004_0009" 9166
"../../../Engine/Content/EngineMaterials/Substrate/Glints2/dict_0004_0023.uasset" 9167
"../../../Engine/Content/EngineMaterials/Substrate/Glints2/dict_0004_0021.uasset" 9168
"../../../Engine/Content/EngineMaterials/Substrate/Glints2/dict_0003_0224.uasset" 9169
"../../../Engine/Content/EngineMaterials/Substrate/Glints2/dict_0004_0019.uasset" 9170
"/Engine/EngineMaterials/Substrate/Glints2/dict_0004_0019" 9171
"/Engine/EngineMaterials/Substrate/Glints2/dict_0004_0023" 9172
"/Engine/EngineMaterials/Substrate/Glints2/dict_0004_0021" 9173
"/Engine/EngineMaterials/Substrate/Glints2/dict_0003_0224" 9174
"../../../Engine/Content/EngineMaterials/Substrate/Glints2/dict_0004_0022.uasset" 9175
"/Engine/EngineMaterials/Substrate/Glints2/dict_0004_0022" 9176
"../../../Engine/Content/EngineMaterials/Substrate/Glints2/dict_0004_0028.uasset" 9177
"../../../Engine/Content/EngineMaterials/Substrate/Glints2/dict_0004_0025.uasset" 9178
"../../../Engine/Content/EngineMaterials/Substrate/Glints2/dict_0004_0027.uasset" 9179
"../../../Engine/Content/EngineMaterials/Substrate/Glints2/dict_0004_0026.uasset" 9180
"../../../Engine/Content/EngineMaterials/Substrate/Glints2/dict_0004_0031.uasset" 9181
"/Engine/EngineMaterials/Substrate/Glints2/dict_0004_0028" 9182
"../../../Engine/Content/EngineMaterials/Substrate/Glints2/dict_0004_0033.uasset" 9183
"../../../Engine/Content/EngineMaterials/Substrate/Glints2/dict_0004_0032.uasset" 9184
"/Engine/EngineMaterials/Substrate/Glints2/dict_0004_0025" 9185
"/Engine/EngineMaterials/Substrate/Glints2/dict_0004_0026" 9186
"/Engine/EngineMaterials/Substrate/Glints2/dict_0004_0027" 9187
"/Engine/EngineMaterials/Substrate/Glints2/dict_0004_0031" 9188
"/Engine/EngineMaterials/Substrate/Glints2/dict_0004_0033" 9189
"/Engine/EngineMaterials/Substrate/Glints2/dict_0004_0032" 9190
"../../../Engine/Content/EngineMaterials/Substrate/Glints2/dict_0004_0029.uasset" 9191
"../../../Engine/Content/EngineMaterials/Substrate/Glints2/dict_0004_0036.uasset" 9192
"../../../Engine/Content/EngineMaterials/Substrate/Glints2/dict_0004_0034.uasset" 9193
"../../../Engine/Content/EngineMaterials/Substrate/Glints2/dict_0004_0035.uasset" 9194
"/Engine/EngineMaterials/Substrate/Glints2/dict_0004_0036" 9195
"/Engine/EngineMaterials/Substrate/Glints2/dict_0004_0029" 9196
"/Engine/EngineMaterials/Substrate/Glints2/dict_0004_0035" 9197
"/Engine/EngineMaterials/Substrate/Glints2/dict_0004_0034" 9198
"../../../Engine/Content/EngineMaterials/Substrate/Glints2/dict_0004_0030.uasset" 9199
"/Engine/EngineMaterials/Substrate/Glints2/dict_0004_0030" 9200
"../../../Engine/Content/EngineMaterials/Substrate/Glints2/dict_0004_0040.uasset" 9201
"../../../Engine/Content/EngineMaterials/Substrate/Glints2/dict_0004_0041.uasset" 9202
"../../../Engine/Content/EngineMaterials/Substrate/Glints2/dict_0004_0039.uasset" 9203
"../../../Engine/Content/EngineMaterials/Substrate/Glints2/dict_0004_0038.uasset" 9204
"/Engine/EngineMaterials/Substrate/Glints2/dict_0004_0038" 9205
"../../../Engine/Content/EngineMaterials/Substrate/Glints2/dict_0004_0043.uasset" 9206
"../../../Engine/Content/EngineMaterials/Substrate/Glints2/dict_0004_0042.uasset" 9207
"../../../Engine/Content/EngineMaterials/Substrate/Glints2/dict_0004_0045.uasset" 9208
"/Engine/EngineMaterials/Substrate/Glints2/dict_0004_0041" 9209
"/Engine/EngineMaterials/Substrate/Glints2/dict_0004_0040" 9210
"/Engine/EngineMaterials/Substrate/Glints2/dict_0004_0039" 9211
"/Engine/EngineMaterials/Substrate/Glints2/dict_0004_0042" 9212
"../../../Engine/Content/EngineMaterials/Substrate/Glints2/dict_0004_0044.uasset" 9213
"/Engine/EngineMaterials/Substrate/Glints2/dict_0004_0045" 9214
"/Engine/EngineMaterials/Substrate/Glints2/dict_0004_0043" 9215
"/Engine/EngineMaterials/Substrate/Glints2/dict_0004_0044" 9216
"../../../Engine/Content/EngineMaterials/Substrate/Glints2/dict_0003_0237.uasset" 9217
"../../../Engine/Content/EngineMaterials/Substrate/Glints2/dict_0004_0046.uasset" 9218
"../../../Engine/Content/EngineMaterials/Substrate/Glints2/dict_0004_0047.uasset" 9219
"../../../Engine/Content/EngineMaterials/Substrate/Glints2/dict_0004_0049.uasset" 9220
"../../../Engine/Content/EngineMaterials/Substrate/Glints2/dict_0004_0048.uasset" 9221
"../../../Engine/Content/EngineMaterials/Substrate/Glints2/dict_0004_0014.uasset" 9222
"../../../Engine/Content/EngineMaterials/Substrate/Glints2/dict_0004_0002.uasset" 9223
"/Engine/EngineMaterials/Substrate/Glints2/dict_0004_0047" 9224
"/Engine/EngineMaterials/Substrate/Glints2/dict_0004_0014" 9225
"/Engine/EngineMaterials/Substrate/Glints2/dict_0004_0046" 9226
"/Engine/EngineMaterials/Substrate/Glints2/dict_0004_0002" 9227
"/Engine/EngineMaterials/Substrate/Glints2/dict_0003_0237" 9228
"/Engine/EngineMaterials/Substrate/Glints2/dict_0004_0049" 9229
"/Engine/EngineMaterials/Substrate/Glints2/dict_0004_0048" 9230
"../../../Engine/Content/EngineMaterials/Substrate/Glints2/dict_0003_0245.uasset" 9231
"/Engine/EngineMaterials/Substrate/Glints2/dict_0003_0245" 9232
"../../../Engine/Content/EngineMaterials/Substrate/Glints2/dict_0003_0246.uasset" 9233
"../../../Engine/Content/EngineMaterials/Substrate/Glints2/dict_0004_0051.uasset" 9234
"../../../Engine/Content/EngineMaterials/Substrate/Glints2/dict_0004_0055.uasset" 9235
"../../../Engine/Content/EngineMaterials/Substrate/Glints2/dict_0004_0052.uasset" 9236
"../../../Engine/Content/EngineMaterials/Substrate/Glints2/dict_0004_0054.uasset" 9237
"../../../Engine/Content/EngineMaterials/Substrate/Glints2/dict_0004_0005.uasset" 9238
"/Engine/EngineMaterials/Substrate/Glints2/dict_0003_0246" 9239
"../../../Engine/Content/EngineMaterials/Substrate/Glints2/dict_0004_0020.uasset" 9240
"../../../Engine/Content/EngineMaterials/Substrate/Glints2/dict_0004_0053.uasset" 9241
"/Engine/EngineMaterials/Substrate/Glints2/dict_0004_0055" 9242
"/Engine/EngineMaterials/Substrate/Glints2/dict_0004_0052" 9243
"/Engine/EngineMaterials/Substrate/Glints2/dict_0004_0051" 9244
"/Engine/EngineMaterials/Substrate/Glints2/dict_0004_0005" 9245
"/Engine/EngineMaterials/Substrate/Glints2/dict_0004_0054" 9246
"/Engine/EngineMaterials/Substrate/Glints2/dict_0004_0053" 9247
"/Engine/EngineMaterials/Substrate/Glints2/dict_0004_0020" 9248
"../../../Engine/Content/EngineMaterials/Substrate/Glints2/dict_0004_0016.uasset" 9249
"../../../Engine/Content/EngineMaterials/Substrate/Glints2/dict_0003_0248.uasset" 9250
"../../../Engine/Content/EngineMaterials/Substrate/Glints2/dict_0004_0057.uasset" 9251
"../../../Engine/Content/EngineMaterials/Substrate/Glints2/dict_0004_0063.uasset" 9252
"../../../Engine/Content/EngineMaterials/Substrate/Glints2/dict_0004_0059.uasset" 9253
"../../../Engine/Content/EngineMaterials/Substrate/Glints2/dict_0004_0062.uasset" 9254
"../../../Engine/Content/EngineMaterials/Substrate/Glints2/dict_0004_0061.uasset" 9255
"../../../Engine/Content/EngineMaterials/Substrate/Glints2/dict_0004_0060.uasset" 9256
"/Engine/EngineMaterials/Substrate/Glints2/dict_0004_0016" 9257
"/Engine/EngineMaterials/Substrate/Glints2/dict_0004_0057" 9258
"/Engine/EngineMaterials/Substrate/Glints2/dict_0004_0063" 9259
"/Engine/EngineMaterials/Substrate/Glints2/dict_0003_0248" 9260
"/Engine/EngineMaterials/Substrate/Glints2/dict_0004_0059" 9261
"/Engine/EngineMaterials/Substrate/Glints2/dict_0004_0062" 9262
"/Engine/EngineMaterials/Substrate/Glints2/dict_0004_0061" 9263
"/Engine/EngineMaterials/Substrate/Glints2/dict_0004_0060" 9264
"../../../Engine/Content/EngineMaterials/Substrate/Glints2/dict_0004_0067.uasset" 9265
"../../../Engine/Content/EngineMaterials/Substrate/Glints2/dict_0004_0071.uasset" 9266
"../../../Engine/Content/EngineMaterials/Substrate/Glints2/dict_0004_0073.uasset" 9267
"../../../Engine/Content/EngineMaterials/Substrate/Glints2/dict_0004_0072.uasset" 9268
"../../../Engine/Content/EngineMaterials/Substrate/Glints2/dict_0004_0070.uasset" 9269
"../../../Engine/Content/EngineMaterials/Substrate/Glints2/dict_0004_0069.uasset" 9270
"/Engine/EngineMaterials/Substrate/Glints2/dict_0004_0070" 9271
"../../../Engine/Content/EngineMaterials/Substrate/Glints2/dict_0004_0078.uasset" 9272
"../../../Engine/Content/EngineMaterials/Substrate/Glints2/dict_0004_0079.uasset" 9273
"../../../Engine/Content/EngineMaterials/Substrate/Glints2/dict_0004_0077.uasset" 9274
"../../../Engine/Content/EngineMaterials/Substrate/Glints2/dict_0004_0076.uasset" 9275
"../../../Engine/Content/EngineMaterials/Substrate/Glints2/dict_0004_0074.uasset" 9276
"../../../Engine/Content/EngineMaterials/Substrate/Glints2/dict_0004_0075.uasset" 9277
"/Engine/EngineMaterials/Substrate/Glints2/dict_0004_0069" 9278
"/Engine/EngineMaterials/Substrate/Glints2/dict_0004_0071" 9279
"/Engine/EngineMaterials/Substrate/Glints2/dict_0004_0067" 9280
"/Engine/EngineMaterials/Substrate/Glints2/dict_0004_0073" 9281
"/Engine/EngineMaterials/Substrate/Glints2/dict_0004_0072" 9282
"/Engine/EngineMaterials/Substrate/Glints2/dict_0004_0076" 9283
"../../../Engine/Content/EngineMaterials/Substrate/Glints2/dict_0004_0001.uasset" 9284
"/Engine/EngineMaterials/Substrate/Glints2/dict_0004_0075" 9285
"/Engine/EngineMaterials/Substrate/Glints2/dict_0004_0079" 9286
"/Engine/EngineMaterials/Substrate/Glints2/dict_0004_0078" 9287
"/Engine/EngineMaterials/Substrate/Glints2/dict_0004_0074" 9288
"/Engine/EngineMaterials/Substrate/Glints2/dict_0004_0077" 9289
"/Engine/EngineMaterials/Substrate/Glints2/dict_0004_0001" 9290
"../../../Engine/Content/EngineMaterials/Substrate/Glints2/dict_0004_0037.uasset" 9291
"../../../Engine/Content/EngineMaterials/Substrate/Glints2/dict_0004_0085.uasset" 9292
"../../../Engine/Content/EngineMaterials/Substrate/Glints2/dict_0004_0084.uasset" 9293
"../../../Engine/Content/EngineMaterials/Substrate/Glints2/dict_0004_0081.uasset" 9294
"../../../Engine/Content/EngineMaterials/Substrate/Glints2/dict_0004_0083.uasset" 9295
"../../../Engine/Content/EngineMaterials/Substrate/Glints2/dict_0004_0082.uasset" 9296
"../../../Engine/Content/EngineMaterials/Substrate/Glints2/dict_0004_0080.uasset" 9297
"../../../Engine/Content/EngineMaterials/Substrate/Glints2/dict_0004_0024.uasset" 9298
"/Engine/EngineMaterials/Substrate/Glints2/dict_0004_0037" 9299
"../../../Engine/Content/EngineMaterials/Substrate/Glints2/dict_0004_0090.uasset" 9300
"/Engine/EngineMaterials/Substrate/Glints2/dict_0004_0083" 9301
"../../../Engine/Content/EngineMaterials/Substrate/Glints2/dict_0004_0087.uasset" 9302
"/Engine/EngineMaterials/Substrate/Glints2/dict_0004_0024" 9303
"../../../Engine/Content/EngineMaterials/Substrate/Glints2/dict_0004_0093.uasset" 9304
"../../../Engine/Content/EngineMaterials/Substrate/Glints2/dict_0004_0088.uasset" 9305
"../../../Engine/Content/EngineMaterials/Substrate/Glints2/dict_0004_0092.uasset" 9306
"/Engine/EngineMaterials/Substrate/Glints2/dict_0004_0085" 9307
"/Engine/EngineMaterials/Substrate/Glints2/dict_0004_0084" 9308
"/Engine/EngineMaterials/Substrate/Glints2/dict_0004_0082" 9309
"/Engine/EngineMaterials/Substrate/Glints2/dict_0004_0081" 9310
"/Engine/EngineMaterials/Substrate/Glints2/dict_0004_0080" 9311
"/Engine/EngineMaterials/Substrate/Glints2/dict_0004_0093" 9312
"/Engine/EngineMaterials/Substrate/Glints2/dict_0004_0092" 9313
"/Engine/EngineMaterials/Substrate/Glints2/dict_0004_0087" 9314
"/Engine/EngineMaterials/Substrate/Glints2/dict_0004_0090" 9315
"/Engine/EngineMaterials/Substrate/Glints2/dict_0004_0088" 9316
"../../../Engine/Content/EngineMaterials/Substrate/Glints2/dict_0004_0096.uasset" 9317
"../../../Engine/Content/EngineMaterials/Substrate/Glints2/dict_0004_0089.uasset" 9318
"../../../Engine/Content/EngineMaterials/Substrate/Glints2/dict_0004_0095.uasset" 9319
"../../../Engine/Content/EngineMaterials/Substrate/Glints2/dict_0004_0097.uasset" 9320
"../../../Engine/Content/EngineMaterials/Substrate/Glints2/dict_0004_0091.uasset" 9321
"../../../Engine/Content/EngineMaterials/Substrate/Glints2/dict_0004_0098.uasset" 9322
"../../../Engine/Content/EngineMaterials/Substrate/Glints2/dict_0004_0099.uasset" 9323
"../../../Engine/Content/EngineMaterials/Substrate/Glints2/dict_0004_0018.uasset" 9324
"/Engine/EngineMaterials/Substrate/Glints2/dict_0004_0099" 9325
"../../../Engine/Content/EngineMaterials/Substrate/Glints2/dict_0004_0056.uasset" 9326
"/Engine/EngineMaterials/Substrate/Glints2/dict_0004_0091" 9327
"/Engine/EngineMaterials/Substrate/Glints2/dict_0004_0098" 9328
"/Engine/EngineMaterials/Substrate/Glints2/dict_0004_0097" 9329
"/Engine/EngineMaterials/Substrate/Glints2/dict_0004_0096" 9330
"/Engine/EngineMaterials/Substrate/Glints2/dict_0004_0018" 9331
"/Engine/EngineMaterials/Substrate/Glints2/dict_0004_0095" 9332
"/Engine/EngineMaterials/Substrate/Glints2/dict_0004_0089" 9333
"/Engine/EngineMaterials/Substrate/Glints2/dict_0004_0056" 9334
"../../../Engine/Content/EngineMaterials/Substrate/Glints2/dict_0004_0102.uasset" 9335
"../../../Engine/Content/EngineMaterials/Substrate/Glints2/dict_0004_0101.uasset" 9336
"../../../Engine/Content/EngineMaterials/Substrate/Glints2/dict_0004_0064.uasset" 9337
"../../../Engine/Content/EngineMaterials/Substrate/Glints2/dict_0004_0100.uasset" 9338
"../../../Engine/Content/EngineMaterials/Substrate/Glints2/dict_0004_0065.uasset" 9339
"/Engine/EngineMaterials/Substrate/Glints2/dict_0004_0100" 9340
"/Engine/EngineMaterials/Substrate/Glints2/dict_0004_0065" 9341
"/Engine/EngineMaterials/Substrate/Glints2/dict_0004_0102" 9342
"/Engine/EngineMaterials/Substrate/Glints2/dict_0004_0101" 9343
"/Engine/EngineMaterials/Substrate/Glints2/dict_0004_0064" 9344
"../../../Engine/Content/EngineMaterials/Substrate/Glints2/dict_0004_0017.uasset" 9345
"/Engine/EngineMaterials/Substrate/Glints2/dict_0004_0017" 9346
"../../../Engine/Content/EngineMaterials/Substrate/Glints2/dict_0004_0058.uasset" 9347
"/Engine/EngineMaterials/Substrate/Glints2/dict_0004_0058" 9348
"../../../Engine/Content/EngineMaterials/Substrate/Glints2/dict_0004_0050.uasset" 9349
"../../../Engine/Content/EngineMaterials/Substrate/Glints2/dict_0004_0108.uasset" 9350
"../../../Engine/Content/EngineMaterials/Substrate/Glints2/dict_0004_0107.uasset" 9351
"../../../Engine/Content/EngineMaterials/Substrate/Glints2/dict_0004_0106.uasset" 9352
"../../../Engine/Content/EngineMaterials/Substrate/Glints2/dict_0004_0103.uasset" 9353
"../../../Engine/Content/EngineMaterials/Substrate/Glints2/dict_0004_0110.uasset" 9354
"../../../Engine/Content/EngineMaterials/Substrate/Glints2/dict_0004_0109.uasset" 9355
"../../../Engine/Content/EngineMaterials/Substrate/Glints2/dict_0004_0105.uasset" 9356
"../../../Engine/Content/EngineMaterials/Substrate/Glints2/dict_0004_0111.uasset" 9357
"../../../Engine/Content/EngineMaterials/Substrate/Glints2/dict_0004_0112.uasset" 9358
"/Engine/EngineMaterials/Substrate/Glints2/dict_0004_0050" 9359
"../../../Engine/Content/EngineMaterials/Substrate/Glints2/dict_0004_0114.uasset" 9360
"/Engine/EngineMaterials/Substrate/Glints2/dict_0004_0108" 9361
"/Engine/EngineMaterials/Substrate/Glints2/dict_0004_0107" 9362
"/Engine/EngineMaterials/Substrate/Glints2/dict_0004_0110" 9363
"/Engine/EngineMaterials/Substrate/Glints2/dict_0004_0106" 9364
"/Engine/EngineMaterials/Substrate/Glints2/dict_0004_0105" 9365
"/Engine/EngineMaterials/Substrate/Glints2/dict_0004_0103" 9366
"/Engine/EngineMaterials/Substrate/Glints2/dict_0004_0109" 9367
"/Engine/EngineMaterials/Substrate/Glints2/dict_0004_0112" 9368
"/Engine/EngineMaterials/Substrate/Glints2/dict_0004_0111" 9369
"/Engine/EngineMaterials/Substrate/Glints2/dict_0004_0114" 9370
"../../../Engine/Content/EngineMaterials/Substrate/Glints2/dict_0004_0094.uasset" 9371
"/Engine/EngineMaterials/Substrate/Glints2/dict_0004_0094" 9372
"../../../Engine/Content/EngineMaterials/Substrate/Glints2/dict_0004_0104.uasset" 9373
"/Engine/EngineMaterials/Substrate/Glints2/dict_0004_0104" 9374
"../../../Engine/Content/EngineMaterials/Substrate/Glints2/dict_0004_0066.uasset" 9375
"/Engine/EngineMaterials/Substrate/Glints2/dict_0004_0066" 9376
"../../../Engine/Content/EngineMaterials/Substrate/Glints2/dict_0004_0068.uasset" 9377
"/Engine/EngineMaterials/Substrate/Glints2/dict_0004_0068" 9378
"../../../Engine/Content/EngineMaterials/Substrate/Glints2/dict_0004_0086.uasset" 9379
"/Engine/EngineMaterials/Substrate/Glints2/dict_0004_0086" 9380
"../../../Engine/Content/EngineMaterials/Substrate/Glints2/dict_0004_0116.uasset" 9381
"../../../Engine/Content/EngineMaterials/Substrate/Glints2/dict_0004_0115.uasset" 9382
"../../../Engine/Content/EngineMaterials/Substrate/Glints2/dict_0004_0117.uasset" 9383
"../../../Engine/Content/EngineMaterials/Substrate/Glints2/dict_0004_0113.uasset" 9384
"/Engine/EngineMaterials/Substrate/Glints2/dict_0004_0113" 9385
"/Engine/EngineMaterials/Substrate/Glints2/dict_0004_0117" 9386
"/Engine/EngineMaterials/Substrate/Glints2/dict_0004_0116" 9387
"/Engine/EngineMaterials/Substrate/Glints2/dict_0004_0115" 9388
"../../../Engine/Content/EngineMaterials/Substrate/Glints2/dict_0004_0118.uasset" 9389
"/Engine/EngineMaterials/Substrate/Glints2/dict_0004_0118" 9390
"../../../Engine/Content/EngineMaterials/Substrate/Glints2/dict_0004_0119.uasset" 9391
"../../../Engine/Content/EngineMaterials/Substrate/Glints2/dict_0004_0136.uasset" 9392
"../../../Engine/Content/EngineMaterials/Substrate/Glints2/dict_0004_0137.uasset" 9393
"../../../Engine/Content/EngineMaterials/Substrate/Glints2/dict_0004_0124.uasset" 9394
"../../../Engine/Content/EngineMaterials/Substrate/Glints2/dict_0004_0138.uasset" 9395
"../../../Engine/Content/EngineMaterials/Substrate/Glints2/dict_0004_0132.uasset" 9396
"../../../Engine/Content/EngineMaterials/Substrate/Glints2/dict_0004_0125.uasset" 9397
"../../../Engine/Content/EngineMaterials/Substrate/Glints2/dict_0004_0127.uasset" 9398
"../../../Engine/Content/EngineMaterials/Substrate/Glints2/dict_0004_0121.uasset" 9399
"../../../Engine/Content/EngineMaterials/Substrate/Glints2/dict_0004_0123.uasset" 9400
"../../../Engine/Content/EngineMaterials/Substrate/Glints2/dict_0004_0122.uasset" 9401
"../../../Engine/Content/EngineMaterials/Substrate/Glints2/dict_0004_0134.uasset" 9402
"../../../Engine/Content/EngineMaterials/Substrate/Glints2/dict_0004_0133.uasset" 9403
"../../../Engine/Content/EngineMaterials/Substrate/Glints2/dict_0004_0130.uasset" 9404
"/Engine/EngineMaterials/Substrate/Glints2/dict_0004_0121" 9405
"/Engine/EngineMaterials/Substrate/Glints2/dict_0004_0137" 9406
"../../../Engine/Content/EngineMaterials/Substrate/Glints2/dict_0004_0135.uasset" 9407
"../../../Engine/Content/EngineMaterials/Substrate/Glints2/dict_0004_0120.uasset" 9408
"/Engine/EngineMaterials/Substrate/Glints2/dict_0004_0136" 9409
"../../../Engine/Content/EngineMaterials/Substrate/Glints2/dict_0004_0141.uasset" 9410
"/Engine/EngineMaterials/Substrate/Glints2/dict_0004_0127" 9411
"../../../Engine/Content/EngineMaterials/Substrate/Glints2/dict_0004_0140.uasset" 9412
"../../../Engine/Content/EngineMaterials/Substrate/Glints2/dict_0004_0142.uasset" 9413
"/Engine/EngineMaterials/Substrate/Glints2/dict_0004_0119" 9414
"/Engine/EngineMaterials/Substrate/Glints2/dict_0004_0134" 9415
"/Engine/EngineMaterials/Substrate/Glints2/dict_0004_0133" 9416
"../../../Engine/Content/EngineMaterials/Substrate/Glints2/dict_0004_0139.uasset" 9417
"/Engine/EngineMaterials/Substrate/Glints2/dict_0004_0132" 9418
"/Engine/EngineMaterials/Substrate/Glints2/dict_0004_0138" 9419
"/Engine/EngineMaterials/Substrate/Glints2/dict_0004_0130" 9420
"/Engine/EngineMaterials/Substrate/Glints2/dict_0004_0125" 9421
"/Engine/EngineMaterials/Substrate/Glints2/dict_0004_0124" 9422
"/Engine/EngineMaterials/Substrate/Glints2/dict_0004_0123" 9423
"/Engine/EngineMaterials/Substrate/Glints2/dict_0004_0122" 9424
"/Engine/EngineMaterials/Substrate/Glints2/dict_0004_0140" 9425
"/Engine/EngineMaterials/Substrate/Glints2/dict_0004_0139" 9426
"/Engine/EngineMaterials/Substrate/Glints2/dict_0004_0120" 9427
"/Engine/EngineMaterials/Substrate/Glints2/dict_0004_0135" 9428
"/Engine/EngineMaterials/Substrate/Glints2/dict_0004_0142" 9429
"/Engine/EngineMaterials/Substrate/Glints2/dict_0004_0141" 9430
"../../../Engine/Content/EngineMaterials/Substrate/Glints2/dict_0004_0149.uasset" 9431
"../../../Engine/Content/EngineMaterials/Substrate/Glints2/dict_0004_0145.uasset" 9432
"../../../Engine/Content/EngineMaterials/Substrate/Glints2/dict_0004_0144.uasset" 9433
"../../../Engine/Content/EngineMaterials/Substrate/Glints2/dict_0004_0155.uasset" 9434
"../../../Engine/Content/EngineMaterials/Substrate/Glints2/dict_0004_0156.uasset" 9435
"../../../Engine/Content/EngineMaterials/Substrate/Glints2/dict_0004_0128.uasset" 9436
"../../../Engine/Content/EngineMaterials/Substrate/Glints2/dict_0004_0151.uasset" 9437
"../../../Engine/Content/EngineMaterials/Substrate/Glints2/dict_0004_0158.uasset" 9438
"../../../Engine/Content/EngineMaterials/Substrate/Glints2/dict_0004_0157.uasset" 9439
"../../../Engine/Content/EngineMaterials/Substrate/Glints2/dict_0004_0153.uasset" 9440
"/Engine/EngineMaterials/Substrate/Glints2/dict_0004_0149" 9441
"../../../Engine/Content/EngineMaterials/Substrate/Glints2/dict_0004_0159.uasset" 9442
"../../../Engine/Content/EngineMaterials/Substrate/Glints2/dict_0004_0152.uasset" 9443
"../../../Engine/Content/EngineMaterials/Substrate/Glints2/dict_0004_0154.uasset" 9444
"../../../Engine/Content/EngineMaterials/Substrate/Glints2/dict_0004_0143.uasset" 9445
"../../../Engine/Content/EngineMaterials/Substrate/Glints2/dict_0004_0161.uasset" 9446
"../../../Engine/Content/EngineMaterials/Substrate/Glints2/dict_0004_0160.uasset" 9447
"/Engine/EngineMaterials/Substrate/Glints2/dict_0004_0144" 9448
"../../../Engine/Content/EngineMaterials/Substrate/Glints2/dict_0004_0162.uasset" 9449
"/Engine/EngineMaterials/Substrate/Glints2/dict_0004_0145" 9450
"/Engine/EngineMaterials/Substrate/Glints2/dict_0004_0158" 9451
"/Engine/EngineMaterials/Substrate/Glints2/dict_0004_0156" 9452
"../../../Engine/Content/EngineMaterials/Substrate/Glints2/dict_0004_0163.uasset" 9453
"/Engine/EngineMaterials/Substrate/Glints2/dict_0004_0155" 9454
"/Engine/EngineMaterials/Substrate/Glints2/dict_0004_0128" 9455
"/Engine/EngineMaterials/Substrate/Glints2/dict_0004_0151" 9456
"/Engine/EngineMaterials/Substrate/Glints2/dict_0004_0163" 9457
"/Engine/EngineMaterials/Substrate/Glints2/dict_0004_0162" 9458
"/Engine/EngineMaterials/Substrate/Glints2/dict_0004_0161" 9459
"../../../Engine/Content/EngineMaterials/Substrate/Glints2/dict_0004_0170.uasset" 9460
"../../../Engine/Content/EngineMaterials/Substrate/Glints2/dict_0004_0164.uasset" 9461
"../../../Engine/Content/EngineMaterials/Substrate/Glints2/dict_0004_0166.uasset" 9462
"../../../Engine/Content/EngineMaterials/Substrate/Glints2/dict_0004_0169.uasset" 9463
"/Engine/EngineMaterials/Substrate/Glints2/dict_0004_0159" 9464
"../../../Engine/Content/EngineMaterials/Substrate/Glints2/dict_0004_0167.uasset" 9465
"../../../Engine/Content/EngineMaterials/Substrate/Glints2/dict_0004_0165.uasset" 9466
"/Engine/EngineMaterials/Substrate/Glints2/dict_0004_0143" 9467
"/Engine/EngineMaterials/Substrate/Glints2/dict_0004_0157" 9468
"/Engine/EngineMaterials/Substrate/Glints2/dict_0004_0154" 9469
"/Engine/EngineMaterials/Substrate/Glints2/dict_0004_0153" 9470
"/Engine/EngineMaterials/Substrate/Glints2/dict_0004_0152" 9471
"../../../Engine/Content/EngineMaterials/Substrate/Glints2/dict_0004_0168.uasset" 9472
"/Engine/EngineMaterials/Substrate/Glints2/dict_0004_0164" 9473
"/Engine/EngineMaterials/Substrate/Glints2/dict_0004_0170" 9474
"/Engine/EngineMaterials/Substrate/Glints2/dict_0004_0169" 9475
"/Engine/EngineMaterials/Substrate/Glints2/dict_0004_0168" 9476
"/Engine/EngineMaterials/Substrate/Glints2/dict_0004_0167" 9477
"/Engine/EngineMaterials/Substrate/Glints2/dict_0004_0166" 9478
"/Engine/EngineMaterials/Substrate/Glints2/dict_0004_0165" 9479
"../../../Engine/Content/EngineMaterials/Substrate/Glints2/dict_0004_0148.uasset" 9480
"../../../Engine/Content/EngineMaterials/Substrate/Glints2/dict_0004_0131.uasset" 9481
"/Engine/EngineMaterials/Substrate/Glints2/dict_0004_0148" 9482
"/Engine/EngineMaterials/Substrate/Glints2/dict_0004_0131" 9483
"/Engine/EngineMaterials/Substrate/Glints2/dict_0004_0160" 9484
"../../../Engine/Content/EngineMaterials/Substrate/Glints2/dict_0004_0147.uasset" 9485
"../../../Engine/Content/EngineMaterials/Substrate/Glints2/dict_0004_0126.uasset" 9486
"/Engine/EngineMaterials/Substrate/Glints2/dict_0004_0147" 9487
"/Engine/EngineMaterials/Substrate/Glints2/dict_0004_0126" 9488
"../../../Engine/Content/EngineMaterials/Substrate/Glints2/dict_0004_0177.uasset" 9489
"../../../Engine/Content/EngineMaterials/Substrate/Glints2/dict_0004_0179.uasset" 9490
"../../../Engine/Content/EngineMaterials/Substrate/Glints2/dict_0004_0183.uasset" 9491
"../../../Engine/Content/EngineMaterials/Substrate/Glints2/dict_0004_0180.uasset" 9492
"../../../Engine/Content/EngineMaterials/Substrate/Glints2/dict_0004_0181.uasset" 9493
"../../../Engine/Content/EngineMaterials/Substrate/Glints2/dict_0004_0176.uasset" 9494
"../../../Engine/Content/EngineMaterials/Substrate/Glints2/dict_0004_0175.uasset" 9495
"../../../Engine/Content/EngineMaterials/Substrate/Glints2/dict_0004_0178.uasset" 9496
"/Engine/EngineMaterials/Substrate/Glints2/dict_0004_0177" 9497
"/Engine/EngineMaterials/Substrate/Glints2/dict_0004_0176" 9498
"/Engine/EngineMaterials/Substrate/Glints2/dict_0004_0175" 9499
"/Engine/EngineMaterials/Substrate/Glints2/dict_0004_0183" 9500
"/Engine/EngineMaterials/Substrate/Glints2/dict_0004_0181" 9501
"/Engine/EngineMaterials/Substrate/Glints2/dict_0004_0180" 9502
"../../../Engine/Content/EngineMaterials/Substrate/Glints2/dict_0004_0184.uasset" 9503
"/Engine/EngineMaterials/Substrate/Glints2/dict_0004_0179" 9504
"/Engine/EngineMaterials/Substrate/Glints2/dict_0004_0178" 9505
"../../../Engine/Content/EngineMaterials/Substrate/Glints2/dict_0004_0171.uasset" 9506
"/Engine/EngineMaterials/Substrate/Glints2/dict_0004_0184" 9507
"../../../Engine/Content/EngineMaterials/Substrate/Glints2/dict_0004_0174.uasset" 9508
"/Engine/EngineMaterials/Substrate/Glints2/dict_0004_0171" 9509
"../../../Engine/Content/EngineMaterials/Substrate/Glints2/dict_0004_0186.uasset" 9510
"/Engine/EngineMaterials/Substrate/Glints2/dict_0004_0174" 9511
"../../../Engine/Content/EngineMaterials/Substrate/Glints2/dict_0004_0173.uasset" 9512
"../../../Engine/Content/EngineMaterials/Substrate/Glints2/dict_0004_0189.uasset" 9513
"/Engine/EngineMaterials/Substrate/Glints2/dict_0004_0186" 9514
"/Engine/EngineMaterials/Substrate/Glints2/dict_0004_0189" 9515
"/Engine/EngineMaterials/Substrate/Glints2/dict_0004_0173" 9516
"../../../Engine/Content/EngineMaterials/Substrate/Glints2/dict_0004_0191.uasset" 9517
"../../../Engine/Content/EngineMaterials/Substrate/Glints2/dict_0004_0190.uasset" 9518
"../../../Engine/Content/EngineMaterials/Substrate/Glints2/dict_0004_0188.uasset" 9519
"../../../Engine/Content/EngineMaterials/Substrate/Glints2/dict_0004_0187.uasset" 9520
"../../../Engine/Content/EngineMaterials/Substrate/Glints2/dict_0004_0192.uasset" 9521
"../../../Engine/Content/EngineMaterials/Substrate/Glints2/dict_0004_0194.uasset" 9522
"../../../Engine/Content/EngineMaterials/Substrate/Glints2/dict_0004_0197.uasset" 9523
"../../../Engine/Content/EngineMaterials/Substrate/Glints2/dict_0004_0195.uasset" 9524
"../../../Engine/Content/EngineMaterials/Substrate/Glints2/dict_0004_0198.uasset" 9525
"/Engine/EngineMaterials/Substrate/Glints2/dict_0004_0194" 9526
"/Engine/EngineMaterials/Substrate/Glints2/dict_0004_0187" 9527
"/Engine/EngineMaterials/Substrate/Glints2/dict_0004_0192" 9528
"/Engine/EngineMaterials/Substrate/Glints2/dict_0004_0191" 9529
"/Engine/EngineMaterials/Substrate/Glints2/dict_0004_0190" 9530
"/Engine/EngineMaterials/Substrate/Glints2/dict_0004_0197" 9531
"/Engine/EngineMaterials/Substrate/Glints2/dict_0004_0195" 9532
"/Engine/EngineMaterials/Substrate/Glints2/dict_0004_0198" 9533
"/Engine/EngineMaterials/Substrate/Glints2/dict_0004_0188" 9534
"../../../Engine/Content/EngineMaterials/Substrate/Glints2/dict_0004_0182.uasset" 9535
"../../../Engine/Content/EngineMaterials/Substrate/Glints2/dict_0004_0172.uasset" 9536
"/Engine/EngineMaterials/Substrate/Glints2/dict_0004_0182" 9537
"/Engine/EngineMaterials/Substrate/Glints2/dict_0004_0172" 9538
"../../../Engine/Content/EngineMaterials/Substrate/Glints2/dict_0004_0201.uasset" 9539
"../../../Engine/Content/EngineMaterials/Substrate/Glints2/dict_0004_0205.uasset" 9540
"../../../Engine/Content/EngineMaterials/Substrate/Glints2/dict_0004_0207.uasset" 9541
"../../../Engine/Content/EngineMaterials/Substrate/Glints2/dict_0004_0200.uasset" 9542
"../../../Engine/Content/EngineMaterials/Substrate/Glints2/dict_0004_0202.uasset" 9543
"../../../Engine/Content/EngineMaterials/Substrate/Glints2/dict_0004_0199.uasset" 9544
"../../../Engine/Content/EngineMaterials/Substrate/Glints2/dict_0004_0208.uasset" 9545
"../../../Engine/Content/EngineMaterials/Substrate/Glints2/dict_0004_0206.uasset" 9546
"../../../Engine/Content/EngineMaterials/Substrate/Glints2/dict_0004_0203.uasset" 9547
"/Engine/EngineMaterials/Substrate/Glints2/dict_0004_0208" 9548
"/Engine/EngineMaterials/Substrate/Glints2/dict_0004_0206" 9549
"../../../Engine/Content/EngineMaterials/Substrate/Glints2/dict_0004_0204.uasset" 9550
"/Engine/EngineMaterials/Substrate/Glints2/dict_0004_0205" 9551
"/Engine/EngineMaterials/Substrate/Glints2/dict_0004_0207" 9552
"/Engine/EngineMaterials/Substrate/Glints2/dict_0004_0203" 9553
"/Engine/EngineMaterials/Substrate/Glints2/dict_0004_0199" 9554
"/Engine/EngineMaterials/Substrate/Glints2/dict_0004_0202" 9555
"/Engine/EngineMaterials/Substrate/Glints2/dict_0004_0201" 9556
"/Engine/EngineMaterials/Substrate/Glints2/dict_0004_0200" 9557
"/Engine/EngineMaterials/Substrate/Glints2/dict_0004_0204" 9558
"../../../Engine/Content/EngineMaterials/Substrate/Glints2/dict_0004_0211.uasset" 9559
"../../../Engine/Content/EngineMaterials/Substrate/Glints2/dict_0004_0212.uasset" 9560
"../../../Engine/Content/EngineMaterials/Substrate/Glints2/dict_0004_0213.uasset" 9561
"/Engine/EngineMaterials/Substrate/Glints2/dict_0004_0213" 9562
"/Engine/EngineMaterials/Substrate/Glints2/dict_0004_0212" 9563
"../../../Engine/Content/EngineMaterials/Substrate/Glints2/dict_0004_0218.uasset" 9564
"../../../Engine/Content/EngineMaterials/Substrate/Glints2/dict_0004_0217.uasset" 9565
"../../../Engine/Content/EngineMaterials/Substrate/Glints2/dict_0004_0214.uasset" 9566
"../../../Engine/Content/EngineMaterials/Substrate/Glints2/dict_0004_0223.uasset" 9567
"../../../Engine/Content/EngineMaterials/Substrate/Glints2/dict_0004_0216.uasset" 9568
"../../../Engine/Content/EngineMaterials/Substrate/Glints2/dict_0004_0219.uasset" 9569
"../../../Engine/Content/EngineMaterials/Substrate/Glints2/dict_0004_0222.uasset" 9570
"../../../Engine/Content/EngineMaterials/Substrate/Glints2/dict_0004_0215.uasset" 9571
"/Engine/EngineMaterials/Substrate/Glints2/dict_0004_0211" 9572
"../../../Engine/Content/EngineMaterials/Substrate/Glints2/dict_0004_0221.uasset" 9573
"/Engine/EngineMaterials/Substrate/Glints2/dict_0004_0222" 9574
"/Engine/EngineMaterials/Substrate/Glints2/dict_0004_0221" 9575
"/Engine/EngineMaterials/Substrate/Glints2/dict_0004_0219" 9576
"/Engine/EngineMaterials/Substrate/Glints2/dict_0004_0218" 9577
"/Engine/EngineMaterials/Substrate/Glints2/dict_0004_0217" 9578
"/Engine/EngineMaterials/Substrate/Glints2/dict_0004_0216" 9579
"/Engine/EngineMaterials/Substrate/Glints2/dict_0004_0215" 9580
"/Engine/EngineMaterials/Substrate/Glints2/dict_0004_0223" 9581
"/Engine/EngineMaterials/Substrate/Glints2/dict_0004_0214" 9582
"../../../Engine/Content/EngineMaterials/Substrate/Glints2/dict_0004_0226.uasset" 9583
"../../../Engine/Content/EngineMaterials/Substrate/Glints2/dict_0004_0227.uasset" 9584
"../../../Engine/Content/EngineMaterials/Substrate/Glints2/dict_0004_0225.uasset" 9585
"../../../Engine/Content/EngineMaterials/Substrate/Glints2/dict_0004_0224.uasset" 9586
"/Engine/EngineMaterials/Substrate/Glints2/dict_0004_0224" 9587
"../../../Engine/Content/EngineMaterials/Substrate/Glints2/dict_0004_0229.uasset" 9588
"../../../Engine/Content/EngineMaterials/Substrate/Glints2/dict_0004_0228.uasset" 9589
"../../../Engine/Content/EngineMaterials/Substrate/Glints2/dict_0004_0230.uasset" 9590
"/Engine/EngineMaterials/Substrate/Glints2/dict_0004_0227" 9591
"/Engine/EngineMaterials/Substrate/Glints2/dict_0004_0226" 9592
"/Engine/EngineMaterials/Substrate/Glints2/dict_0004_0225" 9593
"/Engine/EngineMaterials/Substrate/Glints2/dict_0004_0230" 9594
"/Engine/EngineMaterials/Substrate/Glints2/dict_0004_0229" 9595
"/Engine/EngineMaterials/Substrate/Glints2/dict_0004_0228" 9596
"../../../Engine/Content/EngineMaterials/Substrate/Glints2/dict_0004_0232.uasset" 9597
"/Engine/EngineMaterials/Substrate/Glints2/dict_0004_0232" 9598
"../../../Engine/Content/EngineMaterials/Substrate/Glints2/dict_0004_0240.uasset" 9599
"../../../Engine/Content/EngineMaterials/Substrate/Glints2/dict_0004_0233.uasset" 9600
"../../../Engine/Content/EngineMaterials/Substrate/Glints2/dict_0004_0238.uasset" 9601
"../../../Engine/Content/EngineMaterials/Substrate/Glints2/dict_0004_0235.uasset" 9602
"../../../Engine/Content/EngineMaterials/Substrate/Glints2/dict_0004_0239.uasset" 9603
"../../../Engine/Content/EngineMaterials/Substrate/Glints2/dict_0004_0231.uasset" 9604
"../../../Engine/Content/EngineMaterials/Substrate/Glints2/dict_0004_0236.uasset" 9605
"/Engine/EngineMaterials/Substrate/Glints2/dict_0004_0233" 9606
"/Engine/EngineMaterials/Substrate/Glints2/dict_0004_0231" 9607
"/Engine/EngineMaterials/Substrate/Glints2/dict_0004_0236" 9608
"/Engine/EngineMaterials/Substrate/Glints2/dict_0004_0240" 9609
"/Engine/EngineMaterials/Substrate/Glints2/dict_0004_0235" 9610
"/Engine/EngineMaterials/Substrate/Glints2/dict_0004_0239" 9611
"/Engine/EngineMaterials/Substrate/Glints2/dict_0004_0238" 9612
"../../../Engine/Content/EngineMaterials/Substrate/Glints2/dict_0004_0237.uasset" 9613
"../../../Engine/Content/EngineMaterials/Substrate/Glints2/dict_0004_0245.uasset" 9614
"../../../Engine/Content/EngineMaterials/Substrate/Glints2/dict_0004_0241.uasset" 9615
"../../../Engine/Content/EngineMaterials/Substrate/Glints2/dict_0004_0234.uasset" 9616
"../../../Engine/Content/EngineMaterials/Substrate/Glints2/dict_0004_0246.uasset" 9617
"../../../Engine/Content/EngineMaterials/Substrate/Glints2/dict_0004_0243.uasset" 9618
"../../../Engine/Content/EngineMaterials/Substrate/Glints2/dict_0004_0242.uasset" 9619
"../../../Engine/Content/EngineMaterials/Substrate/Glints2/dict_0004_0244.uasset" 9620
"/Engine/EngineMaterials/Substrate/Glints2/dict_0004_0246" 9621
"/Engine/EngineMaterials/Substrate/Glints2/dict_0004_0245" 9622
"/Engine/EngineMaterials/Substrate/Glints2/dict_0004_0237" 9623
"/Engine/EngineMaterials/Substrate/Glints2/dict_0004_0244" 9624
"/Engine/EngineMaterials/Substrate/Glints2/dict_0004_0243" 9625
"/Engine/EngineMaterials/Substrate/Glints2/dict_0004_0242" 9626
"/Engine/EngineMaterials/Substrate/Glints2/dict_0004_0234" 9627
"/Engine/EngineMaterials/Substrate/Glints2/dict_0004_0241" 9628
"../../../Engine/Content/EngineMaterials/Substrate/Glints2/dict_0004_0255.uasset" 9629
"../../../Engine/Content/EngineMaterials/Substrate/Glints2/dict_0004_0250.uasset" 9630
"../../../Engine/Content/EngineMaterials/Substrate/Glints2/dict_0004_0249.uasset" 9631
"../../../Engine/Content/EngineMaterials/Substrate/Glints2/dict_0004_0248.uasset" 9632
"../../../Engine/Content/EngineMaterials/Substrate/Glints2/dict_0004_0253.uasset" 9633
"../../../Engine/Content/EngineMaterials/Substrate/Glints2/dict_0004_0254.uasset" 9634
"../../../Engine/Content/EngineMaterials/Substrate/Glints2/dict_0004_0251.uasset" 9635
"../../../Engine/Content/EngineMaterials/Substrate/Glints2/dict_0004_0252.uasset" 9636
"../../../Engine/Content/EngineMaterials/Substrate/Glints2/dict_0004_0247.uasset" 9637
"/Engine/EngineMaterials/Substrate/Glints2/dict_0004_0254" 9638
"/Engine/EngineMaterials/Substrate/Glints2/dict_0004_0253" 9639
"/Engine/EngineMaterials/Substrate/Glints2/dict_0004_0252" 9640
"/Engine/EngineMaterials/Substrate/Glints2/dict_0004_0250" 9641
"/Engine/EngineMaterials/Substrate/Glints2/dict_0004_0251" 9642
"/Engine/EngineMaterials/Substrate/Glints2/dict_0004_0249" 9643
"/Engine/EngineMaterials/Substrate/Glints2/dict_0004_0255" 9644
"/Engine/EngineMaterials/Substrate/Glints2/dict_0004_0248" 9645
"/Engine/EngineMaterials/Substrate/Glints2/dict_0004_0247" 9646
"../../../Engine/Content/EngineMaterials/Substrate/Glints2/dict_0005_0000.uasset" 9647
"../../../Engine/Content/EngineMaterials/Substrate/Glints2/dict_0005_0008.uasset" 9648
"../../../Engine/Content/EngineMaterials/Substrate/Glints2/dict_0005_0007.uasset" 9649
"../../../Engine/Content/EngineMaterials/Substrate/Glints2/dict_0005_0002.uasset" 9650
"../../../Engine/Content/EngineMaterials/Substrate/Glints2/dict_0005_0001.uasset" 9651
"../../../Engine/Content/EngineMaterials/Substrate/Glints2/dict_0005_0005.uasset" 9652
"../../../Engine/Content/EngineMaterials/Substrate/Glints2/dict_0005_0006.uasset" 9653
"../../../Engine/Content/EngineMaterials/Substrate/Glints2/dict_0005_0003.uasset" 9654
"../../../Engine/Content/EngineMaterials/Substrate/Glints2/dict_0005_0004.uasset" 9655
"../../../Engine/Content/EngineMaterials/Substrate/Glints2/dict_0005_0013.uasset" 9656
"../../../Engine/Content/EngineMaterials/Substrate/Glints2/dict_0005_0010.uasset" 9657
"../../../Engine/Content/EngineMaterials/Substrate/Glints2/dict_0005_0012.uasset" 9658
"/Engine/EngineMaterials/Substrate/Glints2/dict_0005_0005" 9659
"/Engine/EngineMaterials/Substrate/Glints2/dict_0005_0013" 9660
"../../../Engine/Content/EngineMaterials/Substrate/Glints2/dict_0005_0009.uasset" 9661
"../../../Engine/Content/EngineMaterials/Substrate/Glints2/dict_0005_0014.uasset" 9662
"../../../Engine/Content/EngineMaterials/Substrate/Glints2/dict_0005_0015.uasset" 9663
"../../../Engine/Content/EngineMaterials/Substrate/Glints2/dict_0005_0011.uasset" 9664
"/Engine/EngineMaterials/Substrate/Glints2/dict_0005_0012" 9665
"/Engine/EngineMaterials/Substrate/Glints2/dict_0005_0010" 9666
"/Engine/EngineMaterials/Substrate/Glints2/dict_0005_0004" 9667
"/Engine/EngineMaterials/Substrate/Glints2/dict_0005_0008" 9668
"/Engine/EngineMaterials/Substrate/Glints2/dict_0005_0007" 9669
"/Engine/EngineMaterials/Substrate/Glints2/dict_0005_0003" 9670
"/Engine/EngineMaterials/Substrate/Glints2/dict_0005_0006" 9671
"/Engine/EngineMaterials/Substrate/Glints2/dict_0005_0002" 9672
"/Engine/EngineMaterials/Substrate/Glints2/dict_0005_0001" 9673
"/Engine/EngineMaterials/Substrate/Glints2/dict_0005_0000" 9674
"/Engine/EngineMaterials/Substrate/Glints2/dict_0005_0011" 9675
"/Engine/EngineMaterials/Substrate/Glints2/dict_0005_0009" 9676
"/Engine/EngineMaterials/Substrate/Glints2/dict_0005_0015" 9677
"/Engine/EngineMaterials/Substrate/Glints2/dict_0005_0014" 9678
"../../../Engine/Content/EngineMaterials/Substrate/Glints2/dict_0005_0020.uasset" 9679
"../../../Engine/Content/EngineMaterials/Substrate/Glints2/dict_0005_0021.uasset" 9680
"../../../Engine/Content/EngineMaterials/Substrate/Glints2/dict_0005_0024.uasset" 9681
"../../../Engine/Content/EngineMaterials/Substrate/Glints2/dict_0005_0019.uasset" 9682
"../../../Engine/Content/EngineMaterials/Substrate/Glints2/dict_0005_0018.uasset" 9683
"../../../Engine/Content/EngineMaterials/Substrate/Glints2/dict_0005_0023.uasset" 9684
"../../../Engine/Content/EngineMaterials/Substrate/Glints2/dict_0005_0022.uasset" 9685
"/Engine/EngineMaterials/Substrate/Glints2/dict_0005_0022" 9686
"/Engine/EngineMaterials/Substrate/Glints2/dict_0005_0021" 9687
"/Engine/EngineMaterials/Substrate/Glints2/dict_0005_0020" 9688
"/Engine/EngineMaterials/Substrate/Glints2/dict_0005_0019" 9689
"/Engine/EngineMaterials/Substrate/Glints2/dict_0005_0018" 9690
"/Engine/EngineMaterials/Substrate/Glints2/dict_0005_0024" 9691
"/Engine/EngineMaterials/Substrate/Glints2/dict_0005_0023" 9692
"../../../Engine/Content/EngineMaterials/Substrate/Glints2/dict_0005_0027.uasset" 9693
"../../../Engine/Content/EngineMaterials/Substrate/Glints2/dict_0005_0029.uasset" 9694
"../../../Engine/Content/EngineMaterials/Substrate/Glints2/dict_0005_0026.uasset" 9695
"../../../Engine/Content/EngineMaterials/Substrate/Glints2/dict_0005_0028.uasset" 9696
"/Engine/EngineMaterials/Substrate/Glints2/dict_0005_0029" 9697
"/Engine/EngineMaterials/Substrate/Glints2/dict_0005_0028" 9698
"/Engine/EngineMaterials/Substrate/Glints2/dict_0005_0027" 9699
"/Engine/EngineMaterials/Substrate/Glints2/dict_0005_0026" 9700
"../../../Engine/Content/EngineMaterials/Substrate/Glints2/dict_0005_0030.uasset" 9701
"../../../Engine/Content/EngineMaterials/Substrate/Glints2/dict_0005_0034.uasset" 9702
"../../../Engine/Content/EngineMaterials/Substrate/Glints2/dict_0005_0031.uasset" 9703
"../../../Engine/Content/EngineMaterials/Substrate/Glints2/dict_0005_0033.uasset" 9704
"../../../Engine/Content/EngineMaterials/Substrate/Glints2/dict_0005_0032.uasset" 9705
"../../../Engine/Content/EngineMaterials/Substrate/Glints2/dict_0005_0035.uasset" 9706
"../../../Engine/Content/EngineMaterials/Substrate/Glints2/dict_0004_0150.uasset" 9707
"../../../Engine/Content/EngineMaterials/Substrate/Glints2/dict_0004_0146.uasset" 9708
"../../../Engine/Content/EngineMaterials/Substrate/Glints2/dict_0005_0038.uasset" 9709
"../../../Engine/Content/EngineMaterials/Substrate/Glints2/dict_0005_0039.uasset" 9710
"../../../Engine/Content/EngineMaterials/Substrate/Glints2/dict_0005_0036.uasset" 9711
"../../../Engine/Content/EngineMaterials/Substrate/Glints2/dict_0004_0220.uasset" 9712
"../../../Engine/Content/EngineMaterials/Substrate/Glints2/dict_0005_0037.uasset" 9713
"/Engine/EngineMaterials/Substrate/Glints2/dict_0005_0034" 9714
"/Engine/EngineMaterials/Substrate/Glints2/dict_0005_0033" 9715
"/Engine/EngineMaterials/Substrate/Glints2/dict_0005_0032" 9716
"/Engine/EngineMaterials/Substrate/Glints2/dict_0005_0038" 9717
"/Engine/EngineMaterials/Substrate/Glints2/dict_0004_0220" 9718
"/Engine/EngineMaterials/Substrate/Glints2/dict_0005_0031" 9719
"/Engine/EngineMaterials/Substrate/Glints2/dict_0005_0030" 9720
"/Engine/EngineMaterials/Substrate/Glints2/dict_0005_0037" 9721
"/Engine/EngineMaterials/Substrate/Glints2/dict_0004_0150" 9722
"/Engine/EngineMaterials/Substrate/Glints2/dict_0004_0146" 9723
"/Engine/EngineMaterials/Substrate/Glints2/dict_0005_0039" 9724
"/Engine/EngineMaterials/Substrate/Glints2/dict_0005_0036" 9725
"/Engine/EngineMaterials/Substrate/Glints2/dict_0005_0035" 9726
"../../../Engine/Content/EngineMaterials/Substrate/Glints2/dict_0005_0042.uasset" 9727
"../../../Engine/Content/EngineMaterials/Substrate/Glints2/dict_0005_0044.uasset" 9728
"../../../Engine/Content/EngineMaterials/Substrate/Glints2/dict_0005_0040.uasset" 9729
"../../../Engine/Content/EngineMaterials/Substrate/Glints2/dict_0005_0041.uasset" 9730
"/Engine/EngineMaterials/Substrate/Glints2/dict_0005_0042" 9731
"/Engine/EngineMaterials/Substrate/Glints2/dict_0005_0044" 9732
"/Engine/EngineMaterials/Substrate/Glints2/dict_0005_0041" 9733
"/Engine/EngineMaterials/Substrate/Glints2/dict_0005_0040" 9734
"../../../Engine/Content/EngineMaterials/Substrate/Glints2/dict_0004_0185.uasset" 9735
"../../../Engine/Content/EngineMaterials/Substrate/Glints2/dict_0005_0045.uasset" 9736
"../../../Engine/Content/EngineMaterials/Substrate/Glints2/dict_0005_0048.uasset" 9737
"../../../Engine/Content/EngineMaterials/Substrate/Glints2/dict_0005_0047.uasset" 9738
"../../../Engine/Content/EngineMaterials/Substrate/Glints2/dict_0005_0046.uasset" 9739
"../../../Engine/Content/EngineMaterials/Substrate/Glints2/dict_0005_0050.uasset" 9740
"/Engine/EngineMaterials/Substrate/Glints2/dict_0004_0185" 9741
"/Engine/EngineMaterials/Substrate/Glints2/dict_0005_0045" 9742
"/Engine/EngineMaterials/Substrate/Glints2/dict_0005_0048" 9743
"../../../Engine/Content/EngineMaterials/Substrate/Glints2/dict_0004_0210.uasset" 9744
"../../../Engine/Content/EngineMaterials/Substrate/Glints2/dict_0005_0051.uasset" 9745
"../../../Engine/Content/EngineMaterials/Substrate/Glints2/dict_0004_0196.uasset" 9746
"../../../Engine/Content/EngineMaterials/Substrate/Glints2/dict_0005_0049.uasset" 9747
"/Engine/EngineMaterials/Substrate/Glints2/dict_0005_0047" 9748
"/Engine/EngineMaterials/Substrate/Glints2/dict_0005_0046" 9749
"../../../Engine/Content/EngineMaterials/Substrate/Glints2/dict_0005_0052.uasset" 9750
"/Engine/EngineMaterials/Substrate/Glints2/dict_0005_0050" 9751
"/Engine/EngineMaterials/Substrate/Glints2/dict_0005_0049" 9752
"/Engine/EngineMaterials/Substrate/Glints2/dict_0004_0196" 9753
"/Engine/EngineMaterials/Substrate/Glints2/dict_0004_0210" 9754
"/Engine/EngineMaterials/Substrate/Glints2/dict_0005_0052" 9755
"/Engine/EngineMaterials/Substrate/Glints2/dict_0005_0051" 9756
"../../../Engine/Content/EngineMaterials/Substrate/Glints2/dict_0005_0054.uasset" 9757
"../../../Engine/Content/EngineMaterials/Substrate/Glints2/dict_0005_0058.uasset" 9758
"../../../Engine/Content/EngineMaterials/Substrate/Glints2/dict_0005_0056.uasset" 9759
"../../../Engine/Content/EngineMaterials/Substrate/Glints2/dict_0005_0057.uasset" 9760
"../../../Engine/Content/EngineMaterials/Substrate/Glints2/dict_0005_0055.uasset" 9761
"../../../Engine/Content/EngineMaterials/Substrate/Glints2/dict_0005_0062.uasset" 9762
"/Engine/EngineMaterials/Substrate/Glints2/dict_0005_0062" 9763
"/Engine/EngineMaterials/Substrate/Glints2/dict_0005_0058" 9764
"/Engine/EngineMaterials/Substrate/Glints2/dict_0005_0057" 9765
"/Engine/EngineMaterials/Substrate/Glints2/dict_0005_0056" 9766
"/Engine/EngineMaterials/Substrate/Glints2/dict_0005_0055" 9767
"/Engine/EngineMaterials/Substrate/Glints2/dict_0005_0054" 9768
"../../../Engine/Content/EngineMaterials/Substrate/Glints2/dict_0005_0061.uasset" 9769
"../../../Engine/Content/EngineMaterials/Substrate/Glints2/dict_0005_0063.uasset" 9770
"../../../Engine/Content/EngineMaterials/Substrate/Glints2/dict_0005_0064.uasset" 9771
"../../../Engine/Content/EngineMaterials/Substrate/Glints2/dict_0005_0065.uasset" 9772
"../../../Engine/Content/EngineMaterials/Substrate/Glints2/dict_0005_0067.uasset" 9773
"../../../Engine/Content/EngineMaterials/Substrate/Glints2/dict_0005_0070.uasset" 9774
"../../../Engine/Content/EngineMaterials/Substrate/Glints2/dict_0005_0071.uasset" 9775
"/Engine/EngineMaterials/Substrate/Glints2/dict_0005_0061" 9776
"/Engine/EngineMaterials/Substrate/Glints2/dict_0005_0071" 9777
"/Engine/EngineMaterials/Substrate/Glints2/dict_0005_0070" 9778
"/Engine/EngineMaterials/Substrate/Glints2/dict_0005_0063" 9779
"/Engine/EngineMaterials/Substrate/Glints2/dict_0005_0065" 9780
"/Engine/EngineMaterials/Substrate/Glints2/dict_0005_0064" 9781
"../../../Engine/Content/EngineMaterials/Substrate/Glints2/dict_0005_0072.uasset" 9782
"/Engine/EngineMaterials/Substrate/Glints2/dict_0005_0067" 9783
"/Engine/EngineMaterials/Substrate/Glints2/dict_0005_0072" 9784
"../../../Engine/Content/EngineMaterials/Substrate/Glints2/dict_0005_0073.uasset" 9785
"../../../Engine/Content/EngineMaterials/Substrate/Glints2/dict_0005_0075.uasset" 9786
"/Engine/EngineMaterials/Substrate/Glints2/dict_0005_0075" 9787
"../../../Engine/Content/EngineMaterials/Substrate/Glints2/dict_0005_0074.uasset" 9788
"/Engine/EngineMaterials/Substrate/Glints2/dict_0005_0073" 9789
"/Engine/EngineMaterials/Substrate/Glints2/dict_0005_0074" 9790
"../../../Engine/Content/EngineMaterials/Substrate/Glints2/dict_0005_0076.uasset" 9791
"../../../Engine/Content/EngineMaterials/Substrate/Glints2/dict_0005_0079.uasset" 9792
"../../../Engine/Content/EngineMaterials/Substrate/Glints2/dict_0005_0080.uasset" 9793
"../../../Engine/Content/EngineMaterials/Substrate/Glints2/dict_0005_0077.uasset" 9794
"/Engine/EngineMaterials/Substrate/Glints2/dict_0005_0080" 9795
"/Engine/EngineMaterials/Substrate/Glints2/dict_0005_0079" 9796
"/Engine/EngineMaterials/Substrate/Glints2/dict_0005_0077" 9797
"/Engine/EngineMaterials/Substrate/Glints2/dict_0005_0076" 9798
"../../../Engine/Content/EngineMaterials/Substrate/Glints2/dict_0005_0078.uasset" 9799
"/Engine/EngineMaterials/Substrate/Glints2/dict_0005_0078" 9800
"../../../Engine/Content/EngineMaterials/Substrate/Glints2/dict_0005_0069.uasset" 9801
"../../../Engine/Content/EngineMaterials/Substrate/Glints2/dict_0005_0066.uasset" 9802
"../../../Engine/Content/EngineMaterials/Substrate/Glints2/dict_0005_0084.uasset" 9803
"../../../Engine/Content/EngineMaterials/Substrate/Glints2/dict_0005_0081.uasset" 9804
"../../../Engine/Content/EngineMaterials/Substrate/Glints2/dict_0005_0082.uasset" 9805
"../../../Engine/Content/EngineMaterials/Substrate/Glints2/dict_0005_0083.uasset" 9806
"../../../Engine/Content/EngineMaterials/Substrate/Glints2/dict_0005_0085.uasset" 9807
"../../../Engine/Content/EngineMaterials/Substrate/Glints2/dict_0005_0086.uasset" 9808
"../../../Engine/Content/EngineMaterials/Substrate/Glints2/dict_0005_0088.uasset" 9809
"/Engine/EngineMaterials/Substrate/Glints2/dict_0005_0083" 9810
"../../../Engine/Content/EngineMaterials/Substrate/Glints2/dict_0005_0091.uasset" 9811
"../../../Engine/Content/EngineMaterials/Substrate/Glints2/dict_0005_0087.uasset" 9812
"/Engine/EngineMaterials/Substrate/Glints2/dict_0005_0082" 9813
"/Engine/EngineMaterials/Substrate/Glints2/dict_0005_0081" 9814
"/Engine/EngineMaterials/Substrate/Glints2/dict_0005_0066" 9815
"/Engine/EngineMaterials/Substrate/Glints2/dict_0005_0088" 9816
"/Engine/EngineMaterials/Substrate/Glints2/dict_0005_0086" 9817
"/Engine/EngineMaterials/Substrate/Glints2/dict_0005_0069" 9818
"/Engine/EngineMaterials/Substrate/Glints2/dict_0005_0085" 9819
"/Engine/EngineMaterials/Substrate/Glints2/dict_0005_0084" 9820
"/Engine/EngineMaterials/Substrate/Glints2/dict_0005_0091" 9821
"/Engine/EngineMaterials/Substrate/Glints2/dict_0005_0087" 9822
"../../../Engine/Content/EngineMaterials/Substrate/Glints2/dict_0005_0089.uasset" 9823
"../../../Engine/Content/EngineMaterials/Substrate/Glints2/dict_0005_0094.uasset" 9824
"../../../Engine/Content/EngineMaterials/Substrate/Glints2/dict_0005_0095.uasset" 9825
"../../../Engine/Content/EngineMaterials/Substrate/Glints2/dict_0005_0090.uasset" 9826
"../../../Engine/Content/EngineMaterials/Substrate/Glints2/dict_0005_0093.uasset" 9827
"../../../Engine/Content/EngineMaterials/Substrate/Glints2/dict_0005_0096.uasset" 9828
"../../../Engine/Content/EngineMaterials/Substrate/Glints2/dict_0005_0099.uasset" 9829
"/Engine/EngineMaterials/Substrate/Glints2/dict_0005_0090" 9830
"../../../Engine/Content/EngineMaterials/Substrate/Glints2/dict_0005_0098.uasset" 9831
"/Engine/EngineMaterials/Substrate/Glints2/dict_0005_0089" 9832
"../../../Engine/Content/EngineMaterials/Substrate/Glints2/dict_0005_0092.uasset" 9833
"/Engine/EngineMaterials/Substrate/Glints2/dict_0005_0096" 9834
"../../../Engine/Content/EngineMaterials/Substrate/Glints2/dict_0005_0102.uasset" 9835
"../../../Engine/Content/EngineMaterials/Substrate/Glints2/dict_0005_0097.uasset" 9836
"/Engine/EngineMaterials/Substrate/Glints2/dict_0005_0099" 9837
"/Engine/EngineMaterials/Substrate/Glints2/dict_0005_0095" 9838
"/Engine/EngineMaterials/Substrate/Glints2/dict_0005_0093" 9839
"/Engine/EngineMaterials/Substrate/Glints2/dict_0005_0094" 9840
"../../../Engine/Content/EngineMaterials/Substrate/Glints2/dict_0005_0101.uasset" 9841
"/Engine/EngineMaterials/Substrate/Glints2/dict_0005_0098" 9842
"/Engine/EngineMaterials/Substrate/Glints2/dict_0005_0097" 9843
"/Engine/EngineMaterials/Substrate/Glints2/dict_0005_0102" 9844
"/Engine/EngineMaterials/Substrate/Glints2/dict_0005_0101" 9845
"/Engine/EngineMaterials/Substrate/Glints2/dict_0005_0092" 9846
"../../../Engine/Content/EngineMaterials/Substrate/Glints2/dict_0005_0104.uasset" 9847
"../../../Engine/Content/EngineMaterials/Substrate/Glints2/dict_0005_0105.uasset" 9848
"../../../Engine/Content/EngineMaterials/Substrate/Glints2/dict_0005_0107.uasset" 9849
"/Engine/EngineMaterials/Substrate/Glints2/dict_0005_0107" 9850
"/Engine/EngineMaterials/Substrate/Glints2/dict_0005_0105" 9851
"/Engine/EngineMaterials/Substrate/Glints2/dict_0005_0104" 9852
"../../../Engine/Content/EngineMaterials/Substrate/Glints2/dict_0005_0106.uasset" 9853
"../../../Engine/Content/EngineMaterials/Substrate/Glints2/dict_0005_0103.uasset" 9854
"../../../Engine/Content/EngineMaterials/Substrate/Glints2/dict_0005_0111.uasset" 9855
"../../../Engine/Content/EngineMaterials/Substrate/Glints2/dict_0005_0108.uasset" 9856
"../../../Engine/Content/EngineMaterials/Substrate/Glints2/dict_0005_0100.uasset" 9857
"../../../Engine/Content/EngineMaterials/Substrate/Glints2/dict_0005_0114.uasset" 9858
"/Engine/EngineMaterials/Substrate/Glints2/dict_0005_0108" 9859
"../../../Engine/Content/EngineMaterials/Substrate/Glints2/dict_0005_0113.uasset" 9860
"/Engine/EngineMaterials/Substrate/Glints2/dict_0005_0106" 9861
"/Engine/EngineMaterials/Substrate/Glints2/dict_0005_0103" 9862
"/Engine/EngineMaterials/Substrate/Glints2/dict_0005_0111" 9863
"/Engine/EngineMaterials/Substrate/Glints2/dict_0005_0100" 9864
"/Engine/EngineMaterials/Substrate/Glints2/dict_0005_0114" 9865
"../../../Engine/Content/EngineMaterials/Substrate/Glints2/dict_0005_0110.uasset" 9866
"/Engine/EngineMaterials/Substrate/Glints2/dict_0005_0113" 9867
"/Engine/EngineMaterials/Substrate/Glints2/dict_0005_0110" 9868
"../../../Engine/Content/EngineMaterials/Substrate/Glints2/dict_0005_0115.uasset" 9869
"../../../Engine/Content/EngineMaterials/Substrate/Glints2/dict_0005_0109.uasset" 9870
"/Engine/EngineMaterials/Substrate/Glints2/dict_0005_0115" 9871
"/Engine/EngineMaterials/Substrate/Glints2/dict_0005_0109" 9872
"../../../Engine/Content/EngineMaterials/Substrate/Glints2/dict_0005_0118.uasset" 9873
"../../../Engine/Content/EngineMaterials/Substrate/Glints2/dict_0005_0121.uasset" 9874
"../../../Engine/Content/EngineMaterials/Substrate/Glints2/dict_0005_0119.uasset" 9875
"../../../Engine/Content/EngineMaterials/Substrate/Glints2/dict_0005_0120.uasset" 9876
"/Engine/EngineMaterials/Substrate/Glints2/dict_0005_0121" 9877
"/Engine/EngineMaterials/Substrate/Glints2/dict_0005_0120" 9878
"/Engine/EngineMaterials/Substrate/Glints2/dict_0005_0119" 9879
"/Engine/EngineMaterials/Substrate/Glints2/dict_0005_0118" 9880
"../../../Engine/Content/EngineMaterials/Substrate/Glints2/dict_0005_0122.uasset" 9881
"../../../Engine/Content/EngineMaterials/Substrate/Glints2/dict_0005_0117.uasset" 9882
"../../../Engine/Content/EngineMaterials/Substrate/Glints2/dict_0005_0125.uasset" 9883
"../../../Engine/Content/EngineMaterials/Substrate/Glints2/dict_0005_0124.uasset" 9884
"../../../Engine/Content/EngineMaterials/Substrate/Glints2/dict_0005_0123.uasset" 9885
"/Engine/EngineMaterials/Substrate/Glints2/dict_0005_0117" 9886
"../../../Engine/Content/EngineMaterials/Substrate/Glints2/dict_0005_0127.uasset" 9887
"/Engine/EngineMaterials/Substrate/Glints2/dict_0005_0125" 9888
"/Engine/EngineMaterials/Substrate/Glints2/dict_0005_0122" 9889
"../../../Engine/Content/EngineMaterials/Substrate/Glints2/dict_0005_0130.uasset" 9890
"../../../Engine/Content/EngineMaterials/Substrate/Glints2/dict_0005_0128.uasset" 9891
"../../../Engine/Content/EngineMaterials/Substrate/Glints2/dict_0005_0126.uasset" 9892
"/Engine/EngineMaterials/Substrate/Glints2/dict_0005_0124" 9893
"/Engine/EngineMaterials/Substrate/Glints2/dict_0005_0123" 9894
"/Engine/EngineMaterials/Substrate/Glints2/dict_0005_0130" 9895
"/Engine/EngineMaterials/Substrate/Glints2/dict_0005_0128" 9896
"/Engine/EngineMaterials/Substrate/Glints2/dict_0005_0127" 9897
"/Engine/EngineMaterials/Substrate/Glints2/dict_0005_0126" 9898
"../../../Engine/Content/EngineMaterials/Substrate/Glints2/dict_0005_0129.uasset" 9899
"../../../Engine/Content/EngineMaterials/Substrate/Glints2/dict_0005_0131.uasset" 9900
"../../../Engine/Content/EngineMaterials/Substrate/Glints2/dict_0005_0132.uasset" 9901
"../../../Engine/Content/EngineMaterials/Substrate/Glints2/dict_0005_0133.uasset" 9902
"../../../Engine/Content/EngineMaterials/Substrate/Glints2/dict_0005_0134.uasset" 9903
"../../../Engine/Content/EngineMaterials/Substrate/Glints2/dict_0005_0135.uasset" 9904
"/Engine/EngineMaterials/Substrate/Glints2/dict_0005_0133" 9905
"/Engine/EngineMaterials/Substrate/Glints2/dict_0005_0129" 9906
"/Engine/EngineMaterials/Substrate/Glints2/dict_0005_0135" 9907
"/Engine/EngineMaterials/Substrate/Glints2/dict_0005_0132" 9908
"/Engine/EngineMaterials/Substrate/Glints2/dict_0005_0131" 9909
"/Engine/EngineMaterials/Substrate/Glints2/dict_0005_0134" 9910
"../../../Engine/Content/EngineMaterials/Substrate/Glints2/dict_0005_0138.uasset" 9911
"../../../Engine/Content/EngineMaterials/Substrate/Glints2/dict_0005_0139.uasset" 9912
"../../../Engine/Content/EngineMaterials/Substrate/Glints2/dict_0005_0137.uasset" 9913
"../../../Engine/Content/EngineMaterials/Substrate/Glints2/dict_0005_0136.uasset" 9914
"../../../Engine/Content/EngineMaterials/Substrate/Glints2/dict_0005_0141.uasset" 9915
"../../../Engine/Content/EngineMaterials/Substrate/Glints2/dict_0005_0142.uasset" 9916
"../../../Engine/Content/EngineMaterials/Substrate/Glints2/dict_0005_0140.uasset" 9917
"/Engine/EngineMaterials/Substrate/Glints2/dict_0005_0142" 9918
"/Engine/EngineMaterials/Substrate/Glints2/dict_0005_0139" 9919
"/Engine/EngineMaterials/Substrate/Glints2/dict_0005_0141" 9920
"/Engine/EngineMaterials/Substrate/Glints2/dict_0005_0140" 9921
"/Engine/EngineMaterials/Substrate/Glints2/dict_0005_0138" 9922
"/Engine/EngineMaterials/Substrate/Glints2/dict_0005_0137" 9923
"/Engine/EngineMaterials/Substrate/Glints2/dict_0005_0136" 9924
"../../../Engine/Content/EngineMaterials/Substrate/Glints2/dict_0005_0143.uasset" 9925
"../../../Engine/Content/EngineMaterials/Substrate/Glints2/dict_0005_0147.uasset" 9926
"../../../Engine/Content/EngineMaterials/Substrate/Glints2/dict_0005_0144.uasset" 9927
"../../../Engine/Content/EngineMaterials/Substrate/Glints2/dict_0005_0145.uasset" 9928
"../../../Engine/Content/EngineMaterials/Substrate/Glints2/dict_0005_0146.uasset" 9929
"../../../Engine/Content/EngineMaterials/Substrate/Glints2/dict_0005_0148.uasset" 9930
"../../../Engine/Content/EngineMaterials/Substrate/Glints2/dict_0005_0149.uasset" 9931
"/Engine/EngineMaterials/Substrate/Glints2/dict_0005_0148" 9932
"../../../Engine/Content/EngineMaterials/Substrate/Glints2/dict_0005_0151.uasset" 9933
"../../../Engine/Content/EngineMaterials/Substrate/Glints2/dict_0005_0150.uasset" 9934
"/Engine/EngineMaterials/Substrate/Glints2/dict_0005_0144" 9935
"/Engine/EngineMaterials/Substrate/Glints2/dict_0005_0143" 9936
"/Engine/EngineMaterials/Substrate/Glints2/dict_0005_0149" 9937
"/Engine/EngineMaterials/Substrate/Glints2/dict_0005_0147" 9938
"/Engine/EngineMaterials/Substrate/Glints2/dict_0005_0146" 9939
"/Engine/EngineMaterials/Substrate/Glints2/dict_0005_0145" 9940
"/Engine/EngineMaterials/Substrate/Glints2/dict_0005_0151" 9941
"/Engine/EngineMaterials/Substrate/Glints2/dict_0005_0150" 9942
"../../../Engine/Content/EngineMaterials/Substrate/Glints2/dict_0004_0193.uasset" 9943
"../../../Engine/Content/EngineMaterials/Substrate/Glints2/dict_0005_0156.uasset" 9944
"../../../Engine/Content/EngineMaterials/Substrate/Glints2/dict_0005_0152.uasset" 9945
"../../../Engine/Content/EngineMaterials/Substrate/Glints2/dict_0005_0154.uasset" 9946
"../../../Engine/Content/EngineMaterials/Substrate/Glints2/dict_0005_0153.uasset" 9947
"../../../Engine/Content/EngineMaterials/Substrate/Glints2/dict_0005_0155.uasset" 9948
"../../../Engine/Content/EngineMaterials/Substrate/Glints2/dict_0005_0157.uasset" 9949
"/Engine/EngineMaterials/Substrate/Glints2/dict_0004_0193" 9950
"/Engine/EngineMaterials/Substrate/Glints2/dict_0005_0154" 9951
"/Engine/EngineMaterials/Substrate/Glints2/dict_0005_0153" 9952
"/Engine/EngineMaterials/Substrate/Glints2/dict_0005_0152" 9953
"/Engine/EngineMaterials/Substrate/Glints2/dict_0005_0157" 9954
"/Engine/EngineMaterials/Substrate/Glints2/dict_0005_0156" 9955
"../../../Engine/Content/EngineMaterials/Substrate/Glints2/dict_0005_0158.uasset" 9956
"/Engine/EngineMaterials/Substrate/Glints2/dict_0005_0155" 9957
"/Engine/EngineMaterials/Substrate/Glints2/dict_0005_0158" 9958
"../../../Engine/Content/EngineMaterials/Substrate/Glints2/dict_0005_0159.uasset" 9959
"../../../Engine/Content/EngineMaterials/Substrate/Glints2/dict_0005_0043.uasset" 9960
"../../../Engine/Content/EngineMaterials/Substrate/Glints2/dict_0004_0209.uasset" 9961
"/Engine/EngineMaterials/Substrate/Glints2/dict_0005_0159" 9962
"/Engine/EngineMaterials/Substrate/Glints2/dict_0005_0043" 9963
"/Engine/EngineMaterials/Substrate/Glints2/dict_0004_0209" 9964
"../../../Engine/Content/EngineMaterials/Substrate/Glints2/dict_0005_0165.uasset" 9965
"../../../Engine/Content/EngineMaterials/Substrate/Glints2/dict_0005_0163.uasset" 9966
"../../../Engine/Content/EngineMaterials/Substrate/Glints2/dict_0005_0160.uasset" 9967
"../../../Engine/Content/EngineMaterials/Substrate/Glints2/dict_0005_0162.uasset" 9968
"/Engine/EngineMaterials/Substrate/Glints2/dict_0005_0160" 9969
"/Engine/EngineMaterials/Substrate/Glints2/dict_0005_0165" 9970
"/Engine/EngineMaterials/Substrate/Glints2/dict_0005_0163" 9971
"/Engine/EngineMaterials/Substrate/Glints2/dict_0005_0162" 9972
"../../../Engine/Content/EngineMaterials/Substrate/Glints2/dict_0005_0161.uasset" 9973
"../../../Engine/Content/EngineMaterials/Substrate/Glints2/dict_0005_0168.uasset" 9974
"/Engine/EngineMaterials/Substrate/Glints2/dict_0005_0168" 9975
"/Engine/EngineMaterials/Substrate/Glints2/dict_0005_0161" 9976
"../../../Engine/Content/EngineMaterials/Substrate/Glints2/dict_0005_0016.uasset" 9977
"/Engine/EngineMaterials/Substrate/Glints2/dict_0005_0016" 9978
"../../../Engine/Content/EngineMaterials/Substrate/Glints2/dict_0005_0164.uasset" 9979
"../../../Engine/Content/EngineMaterials/Substrate/Glints2/dict_0005_0171.uasset" 9980
"../../../Engine/Content/EngineMaterials/Substrate/Glints2/dict_0005_0170.uasset" 9981
"../../../Engine/Content/EngineMaterials/Substrate/Glints2/dict_0005_0169.uasset" 9982
"../../../Engine/Content/EngineMaterials/Substrate/Glints2/dict_0005_0172.uasset" 9983
"../../../Engine/Content/EngineMaterials/Substrate/Glints2/dict_0005_0173.uasset" 9984
"/Engine/EngineMaterials/Substrate/Glints2/dict_0005_0170" 9985
"/Engine/EngineMaterials/Substrate/Glints2/dict_0005_0169" 9986
"../../../Engine/Content/EngineMaterials/Substrate/Glints2/dict_0005_0177.uasset" 9987
"../../../Engine/Content/EngineMaterials/Substrate/Glints2/dict_0005_0175.uasset" 9988
"../../../Engine/Content/EngineMaterials/Substrate/Glints2/dict_0005_0176.uasset" 9989
"../../../Engine/Content/EngineMaterials/Substrate/Glints2/dict_0005_0182.uasset" 9990
"../../../Engine/Content/EngineMaterials/Substrate/Glints2/dict_0005_0116.uasset" 9991
"../../../Engine/Content/EngineMaterials/Substrate/Glints2/dict_0005_0017.uasset" 9992
"/Engine/EngineMaterials/Substrate/Glints2/dict_0005_0164" 9993
"/Engine/EngineMaterials/Substrate/Glints2/dict_0005_0173" 9994
"../../../Engine/Content/EngineMaterials/Substrate/Glints2/dict_0005_0181.uasset" 9995
"/Engine/EngineMaterials/Substrate/Glints2/dict_0005_0172" 9996
"/Engine/EngineMaterials/Substrate/Glints2/dict_0005_0171" 9997
"/Engine/EngineMaterials/Substrate/Glints2/dict_0005_0177" 9998
"/Engine/EngineMaterials/Substrate/Glints2/dict_0005_0176" 9999
"/Engine/EngineMaterials/Substrate/Glints2/dict_0005_0116" 10000
"/Engine/EngineMaterials/Substrate/Glints2/dict_0005_0175" 10001
"/Engine/EngineMaterials/Substrate/Glints2/dict_0005_0181" 10002
"/Engine/EngineMaterials/Substrate/Glints2/dict_0005_0017" 10003
"/Engine/EngineMaterials/Substrate/Glints2/dict_0005_0182" 10004
"../../../Engine/Content/EngineMaterials/Substrate/Glints2/dict_0005_0025.uasset" 10005
"/Engine/EngineMaterials/Substrate/Glints2/dict_0005_0025" 10006
"../../../Engine/Content/EngineMaterials/Substrate/Glints2/dict_0005_0187.uasset" 10007
"../../../Engine/Content/EngineMaterials/Substrate/Glints2/dict_0005_0186.uasset" 10008
"../../../Engine/Content/EngineMaterials/Substrate/Glints2/dict_0005_0184.uasset" 10009
"../../../Engine/Content/EngineMaterials/Substrate/Glints2/dict_0005_0183.uasset" 10010
"../../../Engine/Content/EngineMaterials/Substrate/Glints2/dict_0005_0185.uasset" 10011
"../../../Engine/Content/EngineMaterials/Substrate/Glints2/dict_0005_0060.uasset" 10012
"/Engine/EngineMaterials/Substrate/Glints2/dict_0005_0187" 10013
"/Engine/EngineMaterials/Substrate/Glints2/dict_0005_0060" 10014
"../../../Engine/Content/EngineMaterials/Substrate/Glints2/dict_0005_0193.uasset" 10015
"../../../Engine/Content/EngineMaterials/Substrate/Glints2/dict_0005_0190.uasset" 10016
"/Engine/EngineMaterials/Substrate/Glints2/dict_0005_0186" 10017
"../../../Engine/Content/EngineMaterials/Substrate/Glints2/dict_0005_0192.uasset" 10018
"/Engine/EngineMaterials/Substrate/Glints2/dict_0005_0185" 10019
"/Engine/EngineMaterials/Substrate/Glints2/dict_0005_0184" 10020
"/Engine/EngineMaterials/Substrate/Glints2/dict_0005_0183" 10021
"/Engine/EngineMaterials/Substrate/Glints2/dict_0005_0193" 10022
"/Engine/EngineMaterials/Substrate/Glints2/dict_0005_0192" 10023
"/Engine/EngineMaterials/Substrate/Glints2/dict_0005_0190" 10024
"../../../Engine/Content/EngineMaterials/Substrate/Glints2/dict_0005_0189.uasset" 10025
"/Engine/EngineMaterials/Substrate/Glints2/dict_0005_0189" 10026
"../../../Engine/Content/EngineMaterials/Substrate/Glints2/dict_0005_0195.uasset" 10027
"../../../Engine/Content/EngineMaterials/Substrate/Glints2/dict_0005_0196.uasset" 10028
"../../../Engine/Content/EngineMaterials/Substrate/Glints2/dict_0005_0197.uasset" 10029
"../../../Engine/Content/EngineMaterials/Substrate/Glints2/dict_0005_0178.uasset" 10030
"../../../Engine/Content/EngineMaterials/Substrate/Glints2/dict_0005_0198.uasset" 10031
"../../../Engine/Content/EngineMaterials/Substrate/Glints2/dict_0005_0202.uasset" 10032
"../../../Engine/Content/EngineMaterials/Substrate/Glints2/dict_0005_0200.uasset" 10033
"../../../Engine/Content/EngineMaterials/Substrate/Glints2/dict_0005_0199.uasset" 10034
"/Engine/EngineMaterials/Substrate/Glints2/dict_0005_0200" 10035
"../../../Engine/Content/EngineMaterials/Substrate/Glints2/dict_0005_0201.uasset" 10036
"/Engine/EngineMaterials/Substrate/Glints2/dict_0005_0199" 10037
"/Engine/EngineMaterials/Substrate/Glints2/dict_0005_0198" 10038
"/Engine/EngineMaterials/Substrate/Glints2/dict_0005_0197" 10039
"/Engine/EngineMaterials/Substrate/Glints2/dict_0005_0178" 10040
"/Engine/EngineMaterials/Substrate/Glints2/dict_0005_0202" 10041
"/Engine/EngineMaterials/Substrate/Glints2/dict_0005_0196" 10042
"/Engine/EngineMaterials/Substrate/Glints2/dict_0005_0195" 10043
"/Engine/EngineMaterials/Substrate/Glints2/dict_0005_0201" 10044
"../../../Engine/Content/EngineMaterials/Substrate/Glints2/dict_0005_0204.uasset" 10045
"../../../Engine/Content/EngineMaterials/Substrate/Glints2/dict_0005_0207.uasset" 10046
"../../../Engine/Content/EngineMaterials/Substrate/Glints2/dict_0005_0205.uasset" 10047
"/Engine/EngineMaterials/Substrate/Glints2/dict_0005_0207" 10048
"/Engine/EngineMaterials/Substrate/Glints2/dict_0005_0205" 10049
"../../../Engine/Content/EngineMaterials/Substrate/Glints2/dict_0005_0203.uasset" 10050
"../../../Engine/Content/EngineMaterials/Substrate/Glints2/dict_0005_0208.uasset" 10051
"../../../Engine/Content/EngineMaterials/Substrate/Glints2/dict_0005_0209.uasset" 10052
"../../../Engine/Content/EngineMaterials/Substrate/Glints2/dict_0005_0206.uasset" 10053
"../../../Engine/Content/EngineMaterials/Substrate/Glints2/dict_0005_0210.uasset" 10054
"../../../Engine/Content/EngineMaterials/Substrate/Glints2/dict_0005_0214.uasset" 10055
"../../../Engine/Content/EngineMaterials/Substrate/Glints2/dict_0005_0212.uasset" 10056
"../../../Engine/Content/EngineMaterials/Substrate/Glints2/dict_0005_0211.uasset" 10057
"../../../Engine/Content/EngineMaterials/Substrate/Glints2/dict_0005_0213.uasset" 10058
"../../../Engine/Content/EngineMaterials/Substrate/Glints2/dict_0005_0215.uasset" 10059
"../../../Engine/Content/EngineMaterials/Substrate/Glints2/dict_0005_0218.uasset" 10060
"../../../Engine/Content/EngineMaterials/Substrate/Glints2/dict_0005_0219.uasset" 10061
"../../../Engine/Content/EngineMaterials/Substrate/Glints2/dict_0005_0216.uasset" 10062
"../../../Engine/Content/EngineMaterials/Substrate/Glints2/dict_0005_0166.uasset" 10063
"../../../Engine/Content/EngineMaterials/Substrate/Glints2/dict_0005_0217.uasset" 10064
"../../../Engine/Content/EngineMaterials/Substrate/Glints2/dict_0005_0191.uasset" 10065
"../../../Engine/Content/EngineMaterials/Substrate/Glints2/dict_0005_0220.uasset" 10066
"../../../Engine/Content/EngineMaterials/Substrate/Glints2/dict_0005_0221.uasset" 10067
"../../../Engine/Content/EngineMaterials/Substrate/Glints2/dict_0005_0053.uasset" 10068
"/Engine/EngineMaterials/Substrate/Glints2/dict_0005_0204" 10069
"/Engine/EngineMaterials/Substrate/Glints2/dict_0005_0208" 10070
"/Engine/EngineMaterials/Substrate/Glints2/dict_0005_0221" 10071
"/Engine/EngineMaterials/Substrate/Glints2/dict_0005_0220" 10072
"/Engine/EngineMaterials/Substrate/Glints2/dict_0005_0166" 10073
"/Engine/EngineMaterials/Substrate/Glints2/dict_0005_0219" 10074
"/Engine/EngineMaterials/Substrate/Glints2/dict_0005_0218" 10075
"/Engine/EngineMaterials/Substrate/Glints2/dict_0005_0206" 10076
"/Engine/EngineMaterials/Substrate/Glints2/dict_0005_0211" 10077
"/Engine/EngineMaterials/Substrate/Glints2/dict_0005_0217" 10078
"/Engine/EngineMaterials/Substrate/Glints2/dict_0005_0216" 10079
"/Engine/EngineMaterials/Substrate/Glints2/dict_0005_0210" 10080
"/Engine/EngineMaterials/Substrate/Glints2/dict_0005_0191" 10081
"/Engine/EngineMaterials/Substrate/Glints2/dict_0005_0053" 10082
"/Engine/EngineMaterials/Substrate/Glints2/dict_0005_0215" 10083
"/Engine/EngineMaterials/Substrate/Glints2/dict_0005_0209" 10084
"/Engine/EngineMaterials/Substrate/Glints2/dict_0005_0203" 10085
"/Engine/EngineMaterials/Substrate/Glints2/dict_0005_0214" 10086
"/Engine/EngineMaterials/Substrate/Glints2/dict_0005_0212" 10087
"/Engine/EngineMaterials/Substrate/Glints2/dict_0005_0213" 10088
"../../../Engine/Content/EngineMaterials/Substrate/Glints2/dict_0005_0223.uasset" 10089
"../../../Engine/Content/EngineMaterials/Substrate/Glints2/dict_0005_0224.uasset" 10090
"../../../Engine/Content/EngineMaterials/Substrate/Glints2/dict_0005_0222.uasset" 10091
"../../../Engine/Content/EngineMaterials/Substrate/Glints2/dict_0005_0226.uasset" 10092
"../../../Engine/Content/EngineMaterials/Substrate/Glints2/dict_0005_0228.uasset" 10093
"../../../Engine/Content/EngineMaterials/Substrate/Glints2/dict_0005_0229.uasset" 10094
"../../../Engine/Content/EngineMaterials/Substrate/Glints2/dict_0005_0231.uasset" 10095
"../../../Engine/Content/EngineMaterials/Substrate/Glints2/dict_0005_0225.uasset" 10096
"../../../Engine/Content/EngineMaterials/Substrate/Glints2/dict_0005_0068.uasset" 10097
"../../../Engine/Content/EngineMaterials/Substrate/Glints2/dict_0005_0227.uasset" 10098
"../../../Engine/Content/EngineMaterials/Substrate/Glints2/dict_0005_0230.uasset" 10099
"../../../Engine/Content/EngineMaterials/Substrate/Glints2/dict_0005_0232.uasset" 10100
"/Engine/EngineMaterials/Substrate/Glints2/dict_0005_0224" 10101
"/Engine/EngineMaterials/Substrate/Glints2/dict_0005_0223" 10102
"/Engine/EngineMaterials/Substrate/Glints2/dict_0005_0222" 10103
"/Engine/EngineMaterials/Substrate/Glints2/dict_0005_0232" 10104
"/Engine/EngineMaterials/Substrate/Glints2/dict_0005_0231" 10105
"/Engine/EngineMaterials/Substrate/Glints2/dict_0005_0068" 10106
"/Engine/EngineMaterials/Substrate/Glints2/dict_0005_0230" 10107
"/Engine/EngineMaterials/Substrate/Glints2/dict_0005_0229" 10108
"/Engine/EngineMaterials/Substrate/Glints2/dict_0005_0228" 10109
"/Engine/EngineMaterials/Substrate/Glints2/dict_0005_0227" 10110
"/Engine/EngineMaterials/Substrate/Glints2/dict_0005_0226" 10111
"/Engine/EngineMaterials/Substrate/Glints2/dict_0005_0225" 10112
"../../../Engine/Content/EngineMaterials/Substrate/Glints2/dict_0005_0236.uasset" 10113
"../../../Engine/Content/EngineMaterials/Substrate/Glints2/dict_0005_0239.uasset" 10114
"../../../Engine/Content/EngineMaterials/Substrate/Glints2/dict_0005_0238.uasset" 10115
"../../../Engine/Content/EngineMaterials/Substrate/Glints2/dict_0005_0234.uasset" 10116
"../../../Engine/Content/EngineMaterials/Substrate/Glints2/dict_0005_0233.uasset" 10117
"../../../Engine/Content/EngineMaterials/Substrate/Glints2/dict_0004_0129.uasset" 10118
"../../../Engine/Content/EngineMaterials/Substrate/Glints2/dict_0005_0235.uasset" 10119
"../../../Engine/Content/EngineMaterials/Substrate/Glints2/dict_0005_0240.uasset" 10120
"/Engine/EngineMaterials/Substrate/Glints2/dict_0005_0240" 10121
"/Engine/EngineMaterials/Substrate/Glints2/dict_0005_0239" 10122
"/Engine/EngineMaterials/Substrate/Glints2/dict_0005_0238" 10123
"/Engine/EngineMaterials/Substrate/Glints2/dict_0005_0236" 10124
"/Engine/EngineMaterials/Substrate/Glints2/dict_0005_0235" 10125
"/Engine/EngineMaterials/Substrate/Glints2/dict_0005_0234" 10126
"/Engine/EngineMaterials/Substrate/Glints2/dict_0004_0129" 10127
"../../../Engine/Content/EngineMaterials/Substrate/Glints2/dict_0005_0246.uasset" 10128
"../../../Engine/Content/EngineMaterials/Substrate/Glints2/dict_0005_0245.uasset" 10129
"/Engine/EngineMaterials/Substrate/Glints2/dict_0005_0233" 10130
"../../../Engine/Content/EngineMaterials/Substrate/Glints2/dict_0005_0248.uasset" 10131
"/Engine/EngineMaterials/Substrate/Glints2/dict_0005_0248" 10132
"../../../Engine/Content/EngineMaterials/Substrate/Glints2/dict_0005_0244.uasset" 10133
"/Engine/EngineMaterials/Substrate/Glints2/dict_0005_0246" 10134
"../../../Engine/Content/EngineMaterials/Substrate/Glints2/dict_0005_0243.uasset" 10135
"/Engine/EngineMaterials/Substrate/Glints2/dict_0005_0245" 10136
"../../../Engine/Content/EngineMaterials/Substrate/Glints2/dict_0005_0249.uasset" 10137
"/Engine/EngineMaterials/Substrate/Glints2/dict_0005_0243" 10138
"/Engine/EngineMaterials/Substrate/Glints2/dict_0005_0244" 10139
"/Engine/EngineMaterials/Substrate/Glints2/dict_0005_0249" 10140
"../../../Engine/Content/EngineMaterials/Substrate/Glints2/dict_0005_0250.uasset" 10141
"../../../Engine/Content/EngineMaterials/Substrate/Glints2/dict_0005_0252.uasset" 10142
"../../../Engine/Content/EngineMaterials/Substrate/Glints2/dict_0005_0251.uasset" 10143
"../../../Engine/Content/EngineMaterials/Substrate/Glints2/dict_0005_0254.uasset" 10144
"/Engine/EngineMaterials/Substrate/Glints2/dict_0005_0254" 10145
"/Engine/EngineMaterials/Substrate/Glints2/dict_0005_0252" 10146
"/Engine/EngineMaterials/Substrate/Glints2/dict_0005_0251" 10147
"/Engine/EngineMaterials/Substrate/Glints2/dict_0005_0250" 10148
"../../../Engine/Content/EngineMaterials/Substrate/Glints2/dict_0005_0242.uasset" 10149
"../../../Engine/Content/EngineMaterials/Substrate/Glints2/dict_0005_0255.uasset" 10150
"../../../Engine/Content/EngineMaterials/Substrate/Glints2/dict_0005_0253.uasset" 10151
"/Engine/EngineMaterials/Substrate/Glints2/dict_0005_0255" 10152
"/Engine/EngineMaterials/Substrate/Glints2/dict_0005_0242" 10153
"../../../Engine/Content/EngineMaterials/Substrate/Glints2/dict_0005_0241.uasset" 10154
"/Engine/EngineMaterials/Substrate/Glints2/dict_0005_0253" 10155
"/Engine/EngineMaterials/Substrate/Glints2/dict_0005_0241" 10156
"../../../Engine/Content/EngineMaterials/Substrate/Glints2/dict_0005_0247.uasset" 10157
"/Engine/EngineMaterials/Substrate/Glints2/dict_0005_0247" 10158
"../../../Engine/Content/EngineMaterials/Substrate/Glints2/dict_0006_0003.uasset" 10159
"/Engine/EngineMaterials/Substrate/Glints2/dict_0006_0003" 10160
"../../../Engine/Content/EngineMaterials/Substrate/Glints2/dict_0006_0008.uasset" 10161
"../../../Engine/Content/EngineMaterials/Substrate/Glints2/dict_0006_0004.uasset" 10162
"../../../Engine/Content/EngineMaterials/Substrate/Glints2/dict_0006_0001.uasset" 10163
"../../../Engine/Content/EngineMaterials/Substrate/Glints2/dict_0006_0000.uasset" 10164
"../../../Engine/Content/EngineMaterials/Substrate/Glints2/dict_0006_0005.uasset" 10165
"../../../Engine/Content/EngineMaterials/Substrate/Glints2/dict_0006_0002.uasset" 10166
"/Engine/EngineMaterials/Substrate/Glints2/dict_0006_0005" 10167
"/Engine/EngineMaterials/Substrate/Glints2/dict_0006_0004" 10168
"/Engine/EngineMaterials/Substrate/Glints2/dict_0006_0002" 10169
"/Engine/EngineMaterials/Substrate/Glints2/dict_0006_0001" 10170
"/Engine/EngineMaterials/Substrate/Glints2/dict_0006_0000" 10171
"/Engine/EngineMaterials/Substrate/Glints2/dict_0006_0008" 10172
"../../../Engine/Content/EngineMaterials/Substrate/Glints2/dict_0006_0015.uasset" 10173
"../../../Engine/Content/EngineMaterials/Substrate/Glints2/dict_0006_0009.uasset" 10174
"../../../Engine/Content/EngineMaterials/Substrate/Glints2/dict_0006_0014.uasset" 10175
"../../../Engine/Content/EngineMaterials/Substrate/Glints2/dict_0006_0013.uasset" 10176
"/Engine/EngineMaterials/Substrate/Glints2/dict_0006_0015" 10177
"/Engine/EngineMaterials/Substrate/Glints2/dict_0006_0014" 10178
"/Engine/EngineMaterials/Substrate/Glints2/dict_0006_0013" 10179
"/Engine/EngineMaterials/Substrate/Glints2/dict_0006_0009" 10180
"../../../Engine/Content/EngineMaterials/Substrate/Glints2/dict_0006_0011.uasset" 10181
"../../../Engine/Content/EngineMaterials/Substrate/Glints2/dict_0006_0010.uasset" 10182
"../../../Engine/Content/EngineMaterials/Substrate/Glints2/dict_0006_0016.uasset" 10183
"../../../Engine/Content/EngineMaterials/Substrate/Glints2/dict_0005_0179.uasset" 10184
"../../../Engine/Content/EngineMaterials/Substrate/Glints2/dict_0005_0174.uasset" 10185
"/Engine/EngineMaterials/Substrate/Glints2/dict_0005_0174" 10186
"/Engine/EngineMaterials/Substrate/Glints2/dict_0006_0016" 10187
"/Engine/EngineMaterials/Substrate/Glints2/dict_0006_0010" 10188
"/Engine/EngineMaterials/Substrate/Glints2/dict_0006_0011" 10189
"/Engine/EngineMaterials/Substrate/Glints2/dict_0005_0179" 10190
"../../../Engine/Content/EngineMaterials/Substrate/Glints2/dict_0005_0237.uasset" 10191
"/Engine/EngineMaterials/Substrate/Glints2/dict_0005_0237" 10192
"../../../Engine/Content/EngineMaterials/Substrate/Glints2/dict_0005_0059.uasset" 10193
"../../../Engine/Content/EngineMaterials/Substrate/Glints2/dict_0005_0188.uasset" 10194
"/Engine/EngineMaterials/Substrate/Glints2/dict_0005_0059" 10195
"/Engine/EngineMaterials/Substrate/Glints2/dict_0005_0188" 10196
"../../../Engine/Content/EngineMaterials/Substrate/Glints2/dict_0006_0023.uasset" 10197
"../../../Engine/Content/EngineMaterials/Substrate/Glints2/dict_0006_0017.uasset" 10198
"../../../Engine/Content/EngineMaterials/Substrate/Glints2/dict_0006_0024.uasset" 10199
"../../../Engine/Content/EngineMaterials/Substrate/Glints2/dict_0006_0022.uasset" 10200
"../../../Engine/Content/EngineMaterials/Substrate/Glints2/dict_0006_0018.uasset" 10201
"../../../Engine/Content/EngineMaterials/Substrate/Glints2/dict_0005_0180.uasset" 10202
"../../../Engine/Content/EngineMaterials/Substrate/Glints2/dict_0006_0019.uasset" 10203
"/Engine/EngineMaterials/Substrate/Glints2/dict_0006_0019" 10204
"/Engine/EngineMaterials/Substrate/Glints2/dict_0006_0018" 10205
"/Engine/EngineMaterials/Substrate/Glints2/dict_0006_0017" 10206
"/Engine/EngineMaterials/Substrate/Glints2/dict_0006_0023" 10207
"/Engine/EngineMaterials/Substrate/Glints2/dict_0005_0180" 10208
"/Engine/EngineMaterials/Substrate/Glints2/dict_0006_0022" 10209
"/Engine/EngineMaterials/Substrate/Glints2/dict_0006_0024" 10210
"../../../Engine/Content/EngineMaterials/Substrate/Glints2/dict_0005_0112.uasset" 10211
"/Engine/EngineMaterials/Substrate/Glints2/dict_0005_0112" 10212
"../../../Engine/Content/EngineMaterials/Substrate/Glints2/dict_0005_0194.uasset" 10213
"../../../Engine/Content/EngineMaterials/Substrate/Glints2/dict_0006_0021.uasset" 10214
"/Engine/EngineMaterials/Substrate/Glints2/dict_0006_0021" 10215
"../../../Engine/Content/EngineMaterials/Substrate/Glints2/dict_0006_0007.uasset" 10216
"/Engine/EngineMaterials/Substrate/Glints2/dict_0005_0194" 10217
"../../../Engine/Content/EngineMaterials/Substrate/Glints2/dict_0006_0025.uasset" 10218
"/Engine/EngineMaterials/Substrate/Glints2/dict_0006_0007" 10219
"/Engine/EngineMaterials/Substrate/Glints2/dict_0006_0025" 10220
"../../../Engine/Content/EngineMaterials/Substrate/Glints2/dict_0006_0028.uasset" 10221
"/Engine/EngineMaterials/Substrate/Glints2/dict_0006_0028" 10222
"../../../Engine/Content/EngineMaterials/Substrate/Glints2/dict_0006_0033.uasset" 10223
"../../../Engine/Content/EngineMaterials/Substrate/Glints2/dict_0006_0032.uasset" 10224
"../../../Engine/Content/EngineMaterials/Substrate/Glints2/dict_0006_0029.uasset" 10225
"../../../Engine/Content/EngineMaterials/Substrate/Glints2/dict_0006_0031.uasset" 10226
"../../../Engine/Content/EngineMaterials/Substrate/Glints2/dict_0006_0030.uasset" 10227
"../../../Engine/Content/EngineMaterials/Substrate/Glints2/dict_0006_0006.uasset" 10228
"/Engine/EngineMaterials/Substrate/Glints2/dict_0006_0006" 10229
"/Engine/EngineMaterials/Substrate/Glints2/dict_0006_0029" 10230
"/Engine/EngineMaterials/Substrate/Glints2/dict_0006_0033" 10231
"/Engine/EngineMaterials/Substrate/Glints2/dict_0006_0032" 10232
"/Engine/EngineMaterials/Substrate/Glints2/dict_0006_0031" 10233
"/Engine/EngineMaterials/Substrate/Glints2/dict_0006_0030" 10234
"../../../Engine/Content/EngineMaterials/Substrate/Glints2/dict_0006_0037.uasset" 10235
"/Engine/EngineMaterials/Substrate/Glints2/dict_0006_0037" 10236
"../../../Engine/Content/EngineMaterials/Substrate/Glints2/dict_0006_0012.uasset" 10237
"/Engine/EngineMaterials/Substrate/Glints2/dict_0006_0012" 10238
"../../../Engine/Content/EngineMaterials/Substrate/Glints2/dict_0006_0036.uasset" 10239
"/Engine/EngineMaterials/Substrate/Glints2/dict_0006_0036" 10240
"../../../Engine/Content/EngineMaterials/Substrate/Glints2/dict_0006_0020.uasset" 10241
"/Engine/EngineMaterials/Substrate/Glints2/dict_0006_0020" 10242
"../../../Engine/Content/EngineMaterials/Substrate/Glints2/dict_0006_0044.uasset" 10243
"../../../Engine/Content/EngineMaterials/Substrate/Glints2/dict_0006_0039.uasset" 10244
"../../../Engine/Content/EngineMaterials/Substrate/Glints2/dict_0006_0043.uasset" 10245
"../../../Engine/Content/EngineMaterials/Substrate/Glints2/dict_0006_0045.uasset" 10246
"../../../Engine/Content/EngineMaterials/Substrate/Glints2/dict_0006_0041.uasset" 10247
"../../../Engine/Content/EngineMaterials/Substrate/Glints2/dict_0006_0040.uasset" 10248
"../../../Engine/Content/EngineMaterials/Substrate/Glints2/dict_0006_0042.uasset" 10249
"../../../Engine/Content/EngineMaterials/Substrate/Glints2/dict_0006_0038.uasset" 10250
"../../../Engine/Content/EngineMaterials/Substrate/Glints2/dict_0006_0049.uasset" 10251
"/Engine/EngineMaterials/Substrate/Glints2/dict_0006_0041" 10252
"/Engine/EngineMaterials/Substrate/Glints2/dict_0006_0039" 10253
"/Engine/EngineMaterials/Substrate/Glints2/dict_0006_0038" 10254
"/Engine/EngineMaterials/Substrate/Glints2/dict_0006_0045" 10255
"/Engine/EngineMaterials/Substrate/Glints2/dict_0006_0044" 10256
"/Engine/EngineMaterials/Substrate/Glints2/dict_0006_0049" 10257
"/Engine/EngineMaterials/Substrate/Glints2/dict_0006_0043" 10258
"/Engine/EngineMaterials/Substrate/Glints2/dict_0006_0040" 10259
"/Engine/EngineMaterials/Substrate/Glints2/dict_0006_0042" 10260
"../../../Engine/Content/EngineMaterials/Substrate/Glints2/dict_0006_0035.uasset" 10261
"/Engine/EngineMaterials/Substrate/Glints2/dict_0006_0035" 10262
"../../../Engine/Content/EngineMaterials/Substrate/Glints2/dict_0006_0026.uasset" 10263
"../../../Engine/Content/EngineMaterials/Substrate/Glints2/dict_0006_0047.uasset" 10264
"../../../Engine/Content/EngineMaterials/Substrate/Glints2/dict_0006_0027.uasset" 10265
"../../../Engine/Content/EngineMaterials/Substrate/Glints2/dict_0006_0048.uasset" 10266
"../../../Engine/Content/EngineMaterials/Substrate/Glints2/dict_0006_0034.uasset" 10267
"/Engine/EngineMaterials/Substrate/Glints2/dict_0006_0048" 10268
"/Engine/EngineMaterials/Substrate/Glints2/dict_0006_0047" 10269
"/Engine/EngineMaterials/Substrate/Glints2/dict_0006_0027" 10270
"/Engine/EngineMaterials/Substrate/Glints2/dict_0006_0026" 10271
"/Engine/EngineMaterials/Substrate/Glints2/dict_0006_0034" 10272
"../../../Engine/Content/EngineMaterials/Substrate/Glints2/dict_0005_0167.uasset" 10273
"/Engine/EngineMaterials/Substrate/Glints2/dict_0005_0167" 10274
"../../../Engine/Content/EngineMaterials/Substrate/Glints2/dict_0006_0050.uasset" 10275
"/Engine/EngineMaterials/Substrate/Glints2/dict_0006_0050" 10276
"../../../Engine/Content/EngineMaterials/Substrate/Glints2/dict_0006_0059.uasset" 10277
"../../../Engine/Content/EngineMaterials/Substrate/Glints2/dict_0006_0054.uasset" 10278
"../../../Engine/Content/EngineMaterials/Substrate/Glints2/dict_0006_0058.uasset" 10279
"/Engine/EngineMaterials/Substrate/Glints2/dict_0006_0059" 10280
"/Engine/EngineMaterials/Substrate/Glints2/dict_0006_0054" 10281
"/Engine/EngineMaterials/Substrate/Glints2/dict_0006_0058" 10282
"../../../Engine/Content/EngineMaterials/Substrate/Glints2/dict_0006_0055.uasset" 10283
"../../../Engine/Content/EngineMaterials/Substrate/Glints2/dict_0006_0060.uasset" 10284
"../../../Engine/Content/EngineMaterials/Substrate/Glints2/dict_0006_0065.uasset" 10285
"../../../Engine/Content/EngineMaterials/Substrate/Glints2/dict_0006_0057.uasset" 10286
"../../../Engine/Content/EngineMaterials/Substrate/Glints2/dict_0006_0064.uasset" 10287
"../../../Engine/Content/EngineMaterials/Substrate/Glints2/dict_0006_0053.uasset" 10288
"/Engine/EngineMaterials/Substrate/Glints2/dict_0006_0053" 10289
"/Engine/EngineMaterials/Substrate/Glints2/dict_0006_0060" 10290
"/Engine/EngineMaterials/Substrate/Glints2/dict_0006_0064" 10291
"/Engine/EngineMaterials/Substrate/Glints2/dict_0006_0057" 10292
"/Engine/EngineMaterials/Substrate/Glints2/dict_0006_0055" 10293
"/Engine/EngineMaterials/Substrate/Glints2/dict_0006_0065" 10294
"../../../Engine/Content/EngineMaterials/Substrate/Glints2/dict_0006_0051.uasset" 10295
"../../../Engine/Content/EngineMaterials/Substrate/Glints2/dict_0006_0046.uasset" 10296
"/Engine/EngineMaterials/Substrate/Glints2/dict_0006_0051" 10297
"../../../Engine/Content/EngineMaterials/Substrate/Glints2/dict_0006_0068.uasset" 10298
"../../../Engine/Content/EngineMaterials/Substrate/Glints2/dict_0006_0067.uasset" 10299
"../../../Engine/Content/EngineMaterials/Substrate/Glints2/dict_0006_0063.uasset" 10300
"../../../Engine/Content/EngineMaterials/Substrate/Glints2/dict_0006_0052.uasset" 10301
"../../../Engine/Content/EngineMaterials/Substrate/Glints2/dict_0006_0056.uasset" 10302
"../../../Engine/Content/EngineMaterials/Substrate/Glints2/dict_0006_0072.uasset" 10303
"../../../Engine/Content/EngineMaterials/Substrate/Glints2/dict_0006_0069.uasset" 10304
"../../../Engine/Content/EngineMaterials/Substrate/Glints2/dict_0006_0070.uasset" 10305
"/Engine/EngineMaterials/Substrate/Glints2/dict_0006_0046" 10306
"../../../Engine/Content/EngineMaterials/Substrate/Glints2/dict_0006_0062.uasset" 10307
"/Engine/EngineMaterials/Substrate/Glints2/dict_0006_0062" 10308
"/Engine/EngineMaterials/Substrate/Glints2/dict_0006_0072" 10309
"../../../Engine/Content/EngineMaterials/Substrate/Glints2/dict_0006_0061.uasset" 10310
"/Engine/EngineMaterials/Substrate/Glints2/dict_0006_0070" 10311
"/Engine/EngineMaterials/Substrate/Glints2/dict_0006_0069" 10312
"/Engine/EngineMaterials/Substrate/Glints2/dict_0006_0052" 10313
"/Engine/EngineMaterials/Substrate/Glints2/dict_0006_0068" 10314
"/Engine/EngineMaterials/Substrate/Glints2/dict_0006_0056" 10315
"/Engine/EngineMaterials/Substrate/Glints2/dict_0006_0063" 10316
"/Engine/EngineMaterials/Substrate/Glints2/dict_0006_0067" 10317
"/Engine/EngineMaterials/Substrate/Glints2/dict_0006_0061" 10318
"../../../Engine/Content/EngineMaterials/Substrate/Glints2/dict_0006_0066.uasset" 10319
"/Engine/EngineMaterials/Substrate/Glints2/dict_0006_0066" 10320
"../../../Engine/Content/EngineMaterials/Substrate/Glints2/dict_0006_0077.uasset" 10321
"../../../Engine/Content/EngineMaterials/Substrate/Glints2/dict_0006_0086.uasset" 10322
"../../../Engine/Content/EngineMaterials/Substrate/Glints2/dict_0006_0084.uasset" 10323
"../../../Engine/Content/EngineMaterials/Substrate/Glints2/dict_0006_0079.uasset" 10324
"../../../Engine/Content/EngineMaterials/Substrate/Glints2/dict_0006_0074.uasset" 10325
"../../../Engine/Content/EngineMaterials/Substrate/Glints2/dict_0006_0082.uasset" 10326
"../../../Engine/Content/EngineMaterials/Substrate/Glints2/dict_0006_0075.uasset" 10327
"../../../Engine/Content/EngineMaterials/Substrate/Glints2/dict_0006_0076.uasset" 10328
"../../../Engine/Content/EngineMaterials/Substrate/Glints2/dict_0006_0071.uasset" 10329
"../../../Engine/Content/EngineMaterials/Substrate/Glints2/dict_0006_0081.uasset" 10330
"../../../Engine/Content/EngineMaterials/Substrate/Glints2/dict_0006_0085.uasset" 10331
"/Engine/EngineMaterials/Substrate/Glints2/dict_0006_0079" 10332
"../../../Engine/Content/EngineMaterials/Substrate/Glints2/dict_0006_0073.uasset" 10333
"/Engine/EngineMaterials/Substrate/Glints2/dict_0006_0084" 10334
"../../../Engine/Content/EngineMaterials/Substrate/Glints2/dict_0006_0080.uasset" 10335
"/Engine/EngineMaterials/Substrate/Glints2/dict_0006_0071" 10336
"/Engine/EngineMaterials/Substrate/Glints2/dict_0006_0081" 10337
"/Engine/EngineMaterials/Substrate/Glints2/dict_0006_0077" 10338
"/Engine/EngineMaterials/Substrate/Glints2/dict_0006_0076" 10339
"/Engine/EngineMaterials/Substrate/Glints2/dict_0006_0082" 10340
"/Engine/EngineMaterials/Substrate/Glints2/dict_0006_0086" 10341
"/Engine/EngineMaterials/Substrate/Glints2/dict_0006_0074" 10342
"/Engine/EngineMaterials/Substrate/Glints2/dict_0006_0075" 10343
"/Engine/EngineMaterials/Substrate/Glints2/dict_0006_0080" 10344
"/Engine/EngineMaterials/Substrate/Glints2/dict_0006_0073" 10345
"/Engine/EngineMaterials/Substrate/Glints2/dict_0006_0085" 10346
"../../../Engine/Content/EngineMaterials/Substrate/Glints2/dict_0006_0096.uasset" 10347
"../../../Engine/Content/EngineMaterials/Substrate/Glints2/dict_0006_0102.uasset" 10348
"../../../Engine/Content/EngineMaterials/Substrate/Glints2/dict_0006_0094.uasset" 10349
"../../../Engine/Content/EngineMaterials/Substrate/Glints2/dict_0006_0101.uasset" 10350
"../../../Engine/Content/EngineMaterials/Substrate/Glints2/dict_0006_0098.uasset" 10351
"../../../Engine/Content/EngineMaterials/Substrate/Glints2/dict_0006_0093.uasset" 10352
"../../../Engine/Content/EngineMaterials/Substrate/Glints2/dict_0006_0095.uasset" 10353
"../../../Engine/Content/EngineMaterials/Substrate/Glints2/dict_0006_0092.uasset" 10354
"../../../Engine/Content/EngineMaterials/Substrate/Glints2/dict_0006_0097.uasset" 10355
"../../../Engine/Content/EngineMaterials/Substrate/Glints2/dict_0006_0108.uasset" 10356
"../../../Engine/Content/EngineMaterials/Substrate/Glints2/dict_0006_0105.uasset" 10357
"../../../Engine/Content/EngineMaterials/Substrate/Glints2/dict_0006_0109.uasset" 10358
"../../../Engine/Content/EngineMaterials/Substrate/Glints2/dict_0006_0106.uasset" 10359
"../../../Engine/Content/EngineMaterials/Substrate/Glints2/dict_0006_0104.uasset" 10360
"../../../Engine/Content/EngineMaterials/Substrate/Glints2/dict_0006_0107.uasset" 10361
"../../../Engine/Content/EngineMaterials/Substrate/Glints2/dict_0006_0110.uasset" 10362
"/Engine/EngineMaterials/Substrate/Glints2/dict_0006_0101" 10363
"/Engine/EngineMaterials/Substrate/Glints2/dict_0006_0092" 10364
"/Engine/EngineMaterials/Substrate/Glints2/dict_0006_0110" 10365
"/Engine/EngineMaterials/Substrate/Glints2/dict_0006_0109" 10366
"/Engine/EngineMaterials/Substrate/Glints2/dict_0006_0098" 10367
"/Engine/EngineMaterials/Substrate/Glints2/dict_0006_0108" 10368
"/Engine/EngineMaterials/Substrate/Glints2/dict_0006_0097" 10369
"/Engine/EngineMaterials/Substrate/Glints2/dict_0006_0102" 10370
"/Engine/EngineMaterials/Substrate/Glints2/dict_0006_0107" 10371
"/Engine/EngineMaterials/Substrate/Glints2/dict_0006_0096" 10372
"/Engine/EngineMaterials/Substrate/Glints2/dict_0006_0095" 10373
"/Engine/EngineMaterials/Substrate/Glints2/dict_0006_0094" 10374
"/Engine/EngineMaterials/Substrate/Glints2/dict_0006_0093" 10375
"/Engine/EngineMaterials/Substrate/Glints2/dict_0006_0106" 10376
"/Engine/EngineMaterials/Substrate/Glints2/dict_0006_0105" 10377
"/Engine/EngineMaterials/Substrate/Glints2/dict_0006_0104" 10378
"../../../Engine/Content/EngineMaterials/Substrate/Glints2/dict_0006_0103.uasset" 10379
"../../../Engine/Content/EngineMaterials/Substrate/Glints2/dict_0006_0078.uasset" 10380
"../../../Engine/Content/EngineMaterials/Substrate/Glints2/dict_0006_0089.uasset" 10381
"/Engine/EngineMaterials/Substrate/Glints2/dict_0006_0078" 10382
"/Engine/EngineMaterials/Substrate/Glints2/dict_0006_0089" 10383
"/Engine/EngineMaterials/Substrate/Glints2/dict_0006_0103" 10384
"../../../Engine/Content/EngineMaterials/Substrate/Glints2/dict_0006_0114.uasset" 10385
"../../../Engine/Content/EngineMaterials/Substrate/Glints2/dict_0006_0115.uasset" 10386
"../../../Engine/Content/EngineMaterials/Substrate/Glints2/dict_0006_0113.uasset" 10387
"../../../Engine/Content/EngineMaterials/Substrate/Glints2/dict_0006_0112.uasset" 10388
"../../../Engine/Content/EngineMaterials/Substrate/Glints2/dict_0006_0119.uasset" 10389
"../../../Engine/Content/EngineMaterials/Substrate/Glints2/dict_0006_0111.uasset" 10390
"../../../Engine/Content/EngineMaterials/Substrate/Glints2/dict_0006_0118.uasset" 10391
"../../../Engine/Content/EngineMaterials/Substrate/Glints2/dict_0006_0116.uasset" 10392
"../../../Engine/Content/EngineMaterials/Substrate/Glints2/dict_0006_0083.uasset" 10393
"/Engine/EngineMaterials/Substrate/Glints2/dict_0006_0116" 10394
"/Engine/EngineMaterials/Substrate/Glints2/dict_0006_0113" 10395
"/Engine/EngineMaterials/Substrate/Glints2/dict_0006_0115" 10396
"/Engine/EngineMaterials/Substrate/Glints2/dict_0006_0112" 10397
"/Engine/EngineMaterials/Substrate/Glints2/dict_0006_0111" 10398
"/Engine/EngineMaterials/Substrate/Glints2/dict_0006_0083" 10399
"/Engine/EngineMaterials/Substrate/Glints2/dict_0006_0119" 10400
"/Engine/EngineMaterials/Substrate/Glints2/dict_0006_0114" 10401
"/Engine/EngineMaterials/Substrate/Glints2/dict_0006_0118" 10402
"../../../Engine/Content/EngineMaterials/Substrate/Glints2/dict_0006_0126.uasset" 10403
"../../../Engine/Content/EngineMaterials/Substrate/Glints2/dict_0006_0123.uasset" 10404
"../../../Engine/Content/EngineMaterials/Substrate/Glints2/dict_0006_0122.uasset" 10405
"../../../Engine/Content/EngineMaterials/Substrate/Glints2/dict_0006_0125.uasset" 10406
"../../../Engine/Content/EngineMaterials/Substrate/Glints2/dict_0006_0124.uasset" 10407
"../../../Engine/Content/EngineMaterials/Substrate/Glints2/dict_0006_0131.uasset" 10408
"/Engine/EngineMaterials/Substrate/Glints2/dict_0006_0126" 10409
"../../../Engine/Content/EngineMaterials/Substrate/Glints2/dict_0006_0132.uasset" 10410
"../../../Engine/Content/EngineMaterials/Substrate/Glints2/dict_0006_0127.uasset" 10411
"../../../Engine/Content/EngineMaterials/Substrate/Glints2/dict_0006_0128.uasset" 10412
"/Engine/EngineMaterials/Substrate/Glints2/dict_0006_0125" 10413
"/Engine/EngineMaterials/Substrate/Glints2/dict_0006_0123" 10414
"/Engine/EngineMaterials/Substrate/Glints2/dict_0006_0122" 10415
"../../../Engine/Content/EngineMaterials/Substrate/Glints2/dict_0006_0129.uasset" 10416
"/Engine/EngineMaterials/Substrate/Glints2/dict_0006_0132" 10417
"/Engine/EngineMaterials/Substrate/Glints2/dict_0006_0131" 10418
"/Engine/EngineMaterials/Substrate/Glints2/dict_0006_0129" 10419
"/Engine/EngineMaterials/Substrate/Glints2/dict_0006_0128" 10420
"/Engine/EngineMaterials/Substrate/Glints2/dict_0006_0127" 10421
"/Engine/EngineMaterials/Substrate/Glints2/dict_0006_0124" 10422
"../../../Engine/Content/EngineMaterials/Substrate/Glints2/dict_0006_0137.uasset" 10423
"../../../Engine/Content/EngineMaterials/Substrate/Glints2/dict_0006_0135.uasset" 10424
"../../../Engine/Content/EngineMaterials/Substrate/Glints2/dict_0006_0134.uasset" 10425
"../../../Engine/Content/EngineMaterials/Substrate/Glints2/dict_0006_0136.uasset" 10426
"/Engine/EngineMaterials/Substrate/Glints2/dict_0006_0135" 10427
"/Engine/EngineMaterials/Substrate/Glints2/dict_0006_0134" 10428
"/Engine/EngineMaterials/Substrate/Glints2/dict_0006_0137" 10429
"/Engine/EngineMaterials/Substrate/Glints2/dict_0006_0136" 10430
"../../../Engine/Content/EngineMaterials/Substrate/Glints2/dict_0006_0121.uasset" 10431
"../../../Engine/Content/EngineMaterials/Substrate/Glints2/dict_0006_0133.uasset" 10432
"/Engine/EngineMaterials/Substrate/Glints2/dict_0006_0121" 10433
"/Engine/EngineMaterials/Substrate/Glints2/dict_0006_0133" 10434
"../../../Engine/Content/EngineMaterials/Substrate/Glints2/dict_0006_0100.uasset" 10435
"/Engine/EngineMaterials/Substrate/Glints2/dict_0006_0100" 10436
"../../../Engine/Content/EngineMaterials/Substrate/Glints2/dict_0006_0091.uasset" 10437
"../../../Engine/Content/EngineMaterials/Substrate/Glints2/dict_0006_0087.uasset" 10438
"/Engine/EngineMaterials/Substrate/Glints2/dict_0006_0091" 10439
"/Engine/EngineMaterials/Substrate/Glints2/dict_0006_0087" 10440
"../../../Engine/Content/EngineMaterials/Substrate/Glints2/dict_0006_0099.uasset" 10441
"/Engine/EngineMaterials/Substrate/Glints2/dict_0006_0099" 10442
"../../../Engine/Content/EngineMaterials/Substrate/Glints2/dict_0006_0140.uasset" 10443
"../../../Engine/Content/EngineMaterials/Substrate/Glints2/dict_0006_0138.uasset" 10444
"../../../Engine/Content/EngineMaterials/Substrate/Glints2/dict_0006_0139.uasset" 10445
"../../../Engine/Content/EngineMaterials/Substrate/Glints2/dict_0006_0146.uasset" 10446
"../../../Engine/Content/EngineMaterials/Substrate/Glints2/dict_0006_0141.uasset" 10447
"../../../Engine/Content/EngineMaterials/Substrate/Glints2/dict_0006_0143.uasset" 10448
"../../../Engine/Content/EngineMaterials/Substrate/Glints2/dict_0006_0142.uasset" 10449
"../../../Engine/Content/EngineMaterials/Substrate/Glints2/dict_0006_0144.uasset" 10450
"/Engine/EngineMaterials/Substrate/Glints2/dict_0006_0144" 10451
"/Engine/EngineMaterials/Substrate/Glints2/dict_0006_0143" 10452
"/Engine/EngineMaterials/Substrate/Glints2/dict_0006_0142" 10453
"../../../Engine/Content/EngineMaterials/Substrate/Glints2/dict_0006_0152.uasset" 10454
"../../../Engine/Content/EngineMaterials/Substrate/Glints2/dict_0006_0155.uasset" 10455
"../../../Engine/Content/EngineMaterials/Substrate/Glints2/dict_0006_0151.uasset" 10456
"../../../Engine/Content/EngineMaterials/Substrate/Glints2/dict_0006_0153.uasset" 10457
"../../../Engine/Content/EngineMaterials/Substrate/Glints2/dict_0006_0154.uasset" 10458
"../../../Engine/Content/EngineMaterials/Substrate/Glints2/dict_0006_0162.uasset" 10459
"../../../Engine/Content/EngineMaterials/Substrate/Glints2/dict_0006_0163.uasset" 10460
"../../../Engine/Content/EngineMaterials/Substrate/Glints2/dict_0006_0161.uasset" 10461
"../../../Engine/Content/EngineMaterials/Substrate/Glints2/dict_0006_0160.uasset" 10462
"../../../Engine/Content/EngineMaterials/Substrate/Glints2/dict_0006_0159.uasset" 10463
"../../../Engine/Content/EngineMaterials/Substrate/Glints2/dict_0006_0157.uasset" 10464
"../../../Engine/Content/EngineMaterials/Substrate/Glints2/dict_0006_0156.uasset" 10465
"/Engine/EngineMaterials/Substrate/Glints2/dict_0006_0141" 10466
"../../../Engine/Content/EngineMaterials/Substrate/Glints2/dict_0006_0164.uasset" 10467
"/Engine/EngineMaterials/Substrate/Glints2/dict_0006_0140" 10468
"/Engine/EngineMaterials/Substrate/Glints2/dict_0006_0139" 10469
"/Engine/EngineMaterials/Substrate/Glints2/dict_0006_0146" 10470
"/Engine/EngineMaterials/Substrate/Glints2/dict_0006_0138" 10471
"/Engine/EngineMaterials/Substrate/Glints2/dict_0006_0154" 10472
"/Engine/EngineMaterials/Substrate/Glints2/dict_0006_0153" 10473
"/Engine/EngineMaterials/Substrate/Glints2/dict_0006_0157" 10474
"/Engine/EngineMaterials/Substrate/Glints2/dict_0006_0161" 10475
"/Engine/EngineMaterials/Substrate/Glints2/dict_0006_0162" 10476
"/Engine/EngineMaterials/Substrate/Glints2/dict_0006_0164" 10477
"/Engine/EngineMaterials/Substrate/Glints2/dict_0006_0152" 10478
"/Engine/EngineMaterials/Substrate/Glints2/dict_0006_0151" 10479
"/Engine/EngineMaterials/Substrate/Glints2/dict_0006_0163" 10480
"/Engine/EngineMaterials/Substrate/Glints2/dict_0006_0160" 10481
"/Engine/EngineMaterials/Substrate/Glints2/dict_0006_0159" 10482
"/Engine/EngineMaterials/Substrate/Glints2/dict_0006_0156" 10483
"/Engine/EngineMaterials/Substrate/Glints2/dict_0006_0155" 10484
"../../../Engine/Content/EngineMaterials/Substrate/Glints2/dict_0006_0158.uasset" 10485
"/Engine/EngineMaterials/Substrate/Glints2/dict_0006_0158" 10486
"../../../Engine/Content/EngineMaterials/Substrate/Glints2/dict_0006_0171.uasset" 10487
"../../../Engine/Content/EngineMaterials/Substrate/Glints2/dict_0006_0167.uasset" 10488
"../../../Engine/Content/EngineMaterials/Substrate/Glints2/dict_0006_0168.uasset" 10489
"../../../Engine/Content/EngineMaterials/Substrate/Glints2/dict_0006_0166.uasset" 10490
"/Engine/EngineMaterials/Substrate/Glints2/dict_0006_0171" 10491
"/Engine/EngineMaterials/Substrate/Glints2/dict_0006_0168" 10492
"/Engine/EngineMaterials/Substrate/Glints2/dict_0006_0167" 10493
"/Engine/EngineMaterials/Substrate/Glints2/dict_0006_0166" 10494
"../../../Engine/Content/EngineMaterials/Substrate/Glints2/dict_0006_0090.uasset" 10495
"/Engine/EngineMaterials/Substrate/Glints2/dict_0006_0090" 10496
"../../../Engine/Content/EngineMaterials/Substrate/Glints2/dict_0006_0174.uasset" 10497
"../../../Engine/Content/EngineMaterials/Substrate/Glints2/dict_0006_0175.uasset" 10498
"../../../Engine/Content/EngineMaterials/Substrate/Glints2/dict_0006_0176.uasset" 10499
"../../../Engine/Content/EngineMaterials/Substrate/Glints2/dict_0006_0169.uasset" 10500
"../../../Engine/Content/EngineMaterials/Substrate/Glints2/dict_0006_0173.uasset" 10501
"../../../Engine/Content/EngineMaterials/Substrate/Glints2/dict_0006_0165.uasset" 10502
"../../../Engine/Content/EngineMaterials/Substrate/Glints2/dict_0006_0177.uasset" 10503
"../../../Engine/Content/EngineMaterials/Substrate/Glints2/dict_0006_0170.uasset" 10504
"../../../Engine/Content/EngineMaterials/Substrate/Glints2/dict_0006_0179.uasset" 10505
"../../../Engine/Content/EngineMaterials/Substrate/Glints2/dict_0006_0181.uasset" 10506
"../../../Engine/Content/EngineMaterials/Substrate/Glints2/dict_0006_0178.uasset" 10507
"../../../Engine/Content/EngineMaterials/Substrate/Glints2/dict_0006_0180.uasset" 10508
"/Engine/EngineMaterials/Substrate/Glints2/dict_0006_0170" 10509
"/Engine/EngineMaterials/Substrate/Glints2/dict_0006_0169" 10510
"/Engine/EngineMaterials/Substrate/Glints2/dict_0006_0181" 10511
"/Engine/EngineMaterials/Substrate/Glints2/dict_0006_0179" 10512
"/Engine/EngineMaterials/Substrate/Glints2/dict_0006_0178" 10513
"/Engine/EngineMaterials/Substrate/Glints2/dict_0006_0177" 10514
"/Engine/EngineMaterials/Substrate/Glints2/dict_0006_0176" 10515
"/Engine/EngineMaterials/Substrate/Glints2/dict_0006_0165" 10516
"/Engine/EngineMaterials/Substrate/Glints2/dict_0006_0175" 10517
"/Engine/EngineMaterials/Substrate/Glints2/dict_0006_0174" 10518
"/Engine/EngineMaterials/Substrate/Glints2/dict_0006_0173" 10519
"/Engine/EngineMaterials/Substrate/Glints2/dict_0006_0180" 10520
"../../../Engine/Content/EngineMaterials/Substrate/Glints2/dict_0006_0184.uasset" 10521
"/Engine/EngineMaterials/Substrate/Glints2/dict_0006_0184" 10522
"../../../Engine/Content/EngineMaterials/Substrate/Glints2/dict_0006_0185.uasset" 10523
"/Engine/EngineMaterials/Substrate/Glints2/dict_0006_0185" 10524
"../../../Engine/Content/EngineMaterials/Substrate/Glints2/dict_0006_0189.uasset" 10525
"../../../Engine/Content/EngineMaterials/Substrate/Glints2/dict_0006_0186.uasset" 10526
"/Engine/EngineMaterials/Substrate/Glints2/dict_0006_0186" 10527
"/Engine/EngineMaterials/Substrate/Glints2/dict_0006_0189" 10528
"../../../Engine/Content/EngineMaterials/Substrate/Glints2/dict_0006_0190.uasset" 10529
"../../../Engine/Content/EngineMaterials/Substrate/Glints2/dict_0006_0187.uasset" 10530
"../../../Engine/Content/EngineMaterials/Substrate/Glints2/dict_0006_0188.uasset" 10531
"../../../Engine/Content/EngineMaterials/Substrate/Glints2/dict_0006_0192.uasset" 10532
"../../../Engine/Content/EngineMaterials/Substrate/Glints2/dict_0006_0191.uasset" 10533
"/Engine/EngineMaterials/Substrate/Glints2/dict_0006_0190" 10534
"../../../Engine/Content/EngineMaterials/Substrate/Glints2/dict_0006_0194.uasset" 10535
"../../../Engine/Content/EngineMaterials/Substrate/Glints2/dict_0006_0193.uasset" 10536
"/Engine/EngineMaterials/Substrate/Glints2/dict_0006_0188" 10537
"/Engine/EngineMaterials/Substrate/Glints2/dict_0006_0187" 10538
"/Engine/EngineMaterials/Substrate/Glints2/dict_0006_0191" 10539
"/Engine/EngineMaterials/Substrate/Glints2/dict_0006_0194" 10540
"/Engine/EngineMaterials/Substrate/Glints2/dict_0006_0193" 10541
"/Engine/EngineMaterials/Substrate/Glints2/dict_0006_0192" 10542
"../../../Engine/Content/EngineMaterials/Substrate/Glints2/dict_0006_0199.uasset" 10543
"../../../Engine/Content/EngineMaterials/Substrate/Glints2/dict_0006_0198.uasset" 10544
"../../../Engine/Content/EngineMaterials/Substrate/Glints2/dict_0006_0200.uasset" 10545
"../../../Engine/Content/EngineMaterials/Substrate/Glints2/dict_0006_0197.uasset" 10546
"/Engine/EngineMaterials/Substrate/Glints2/dict_0006_0200" 10547
"/Engine/EngineMaterials/Substrate/Glints2/dict_0006_0199" 10548
"/Engine/EngineMaterials/Substrate/Glints2/dict_0006_0198" 10549
"/Engine/EngineMaterials/Substrate/Glints2/dict_0006_0197" 10550
"../../../Engine/Content/EngineMaterials/Substrate/Glints2/dict_0006_0204.uasset" 10551
"../../../Engine/Content/EngineMaterials/Substrate/Glints2/dict_0006_0202.uasset" 10552
"../../../Engine/Content/EngineMaterials/Substrate/Glints2/dict_0006_0203.uasset" 10553
"/Engine/EngineMaterials/Substrate/Glints2/dict_0006_0204" 10554
"../../../Engine/Content/EngineMaterials/Substrate/Glints2/dict_0006_0201.uasset" 10555
"/Engine/EngineMaterials/Substrate/Glints2/dict_0006_0203" 10556
"../../../Engine/Content/EngineMaterials/Substrate/Glints2/dict_0006_0145.uasset" 10557
"/Engine/EngineMaterials/Substrate/Glints2/dict_0006_0202" 10558
"../../../Engine/Content/EngineMaterials/Substrate/Glints2/dict_0006_0149.uasset" 10559
"/Engine/EngineMaterials/Substrate/Glints2/dict_0006_0201" 10560
"/Engine/EngineMaterials/Substrate/Glints2/dict_0006_0145" 10561
"/Engine/EngineMaterials/Substrate/Glints2/dict_0006_0149" 10562
"../../../Engine/Content/EngineMaterials/Substrate/Glints2/dict_0006_0120.uasset" 10563
"../../../Engine/Content/EngineMaterials/Substrate/Glints2/dict_0006_0205.uasset" 10564
"../../../Engine/Content/EngineMaterials/Substrate/Glints2/dict_0006_0208.uasset" 10565
"../../../Engine/Content/EngineMaterials/Substrate/Glints2/dict_0006_0206.uasset" 10566
"../../../Engine/Content/EngineMaterials/Substrate/Glints2/dict_0006_0150.uasset" 10567
"/Engine/EngineMaterials/Substrate/Glints2/dict_0006_0205" 10568
"../../../Engine/Content/EngineMaterials/Substrate/Glints2/dict_0006_0211.uasset" 10569
"/Engine/EngineMaterials/Substrate/Glints2/dict_0006_0206" 10570
"../../../Engine/Content/EngineMaterials/Substrate/Glints2/dict_0006_0209.uasset" 10571
"../../../Engine/Content/EngineMaterials/Substrate/Glints2/dict_0006_0210.uasset" 10572
"../../../Engine/Content/EngineMaterials/Substrate/Glints2/dict_0006_0212.uasset" 10573
"../../../Engine/Content/EngineMaterials/Substrate/Glints2/dict_0006_0213.uasset" 10574
"/Engine/EngineMaterials/Substrate/Glints2/dict_0006_0150" 10575
"/Engine/EngineMaterials/Substrate/Glints2/dict_0006_0208" 10576
"/Engine/EngineMaterials/Substrate/Glints2/dict_0006_0120" 10577
"/Engine/EngineMaterials/Substrate/Glints2/dict_0006_0210" 10578
"../../../Engine/Content/EngineMaterials/Substrate/Glints2/dict_0006_0214.uasset" 10579
"/Engine/EngineMaterials/Substrate/Glints2/dict_0006_0209" 10580
"../../../Engine/Content/EngineMaterials/Substrate/Glints2/dict_0006_0207.uasset" 10581
"../../../Engine/Content/EngineMaterials/Substrate/Glints2/dict_0006_0220.uasset" 10582
"../../../Engine/Content/EngineMaterials/Substrate/Glints2/dict_0006_0219.uasset" 10583
"/Engine/EngineMaterials/Substrate/Glints2/dict_0006_0213" 10584
"/Engine/EngineMaterials/Substrate/Glints2/dict_0006_0212" 10585
"/Engine/EngineMaterials/Substrate/Glints2/dict_0006_0211" 10586
"/Engine/EngineMaterials/Substrate/Glints2/dict_0006_0207" 10587
"/Engine/EngineMaterials/Substrate/Glints2/dict_0006_0220" 10588
"/Engine/EngineMaterials/Substrate/Glints2/dict_0006_0214" 10589
"/Engine/EngineMaterials/Substrate/Glints2/dict_0006_0219" 10590
"../../../Engine/Content/EngineMaterials/Substrate/Glints2/dict_0006_0216.uasset" 10591
"../../../Engine/Content/EngineMaterials/Substrate/Glints2/dict_0006_0218.uasset" 10592
"../../../Engine/Content/EngineMaterials/Substrate/Glints2/dict_0006_0217.uasset" 10593
"../../../Engine/Content/EngineMaterials/Substrate/Glints2/dict_0006_0223.uasset" 10594
"../../../Engine/Content/EngineMaterials/Substrate/Glints2/dict_0006_0224.uasset" 10595
"../../../Engine/Content/EngineMaterials/Substrate/Glints2/dict_0006_0221.uasset" 10596
"../../../Engine/Content/EngineMaterials/Substrate/Glints2/dict_0006_0222.uasset" 10597
"../../../Engine/Content/EngineMaterials/Substrate/Glints2/dict_0006_0226.uasset" 10598
"/Engine/EngineMaterials/Substrate/Glints2/dict_0006_0223" 10599
"/Engine/EngineMaterials/Substrate/Glints2/dict_0006_0222" 10600
"../../../Engine/Content/EngineMaterials/Substrate/Glints2/dict_0006_0225.uasset" 10601
"../../../Engine/Content/EngineMaterials/Substrate/Glints2/dict_0006_0227.uasset" 10602
"/Engine/EngineMaterials/Substrate/Glints2/dict_0006_0218" 10603
"/Engine/EngineMaterials/Substrate/Glints2/dict_0006_0217" 10604
"/Engine/EngineMaterials/Substrate/Glints2/dict_0006_0216" 10605
"/Engine/EngineMaterials/Substrate/Glints2/dict_0006_0224" 10606
"/Engine/EngineMaterials/Substrate/Glints2/dict_0006_0226" 10607
"/Engine/EngineMaterials/Substrate/Glints2/dict_0006_0221" 10608
"/Engine/EngineMaterials/Substrate/Glints2/dict_0006_0227" 10609
"/Engine/EngineMaterials/Substrate/Glints2/dict_0006_0225" 10610
"../../../Engine/Content/EngineMaterials/Substrate/Glints2/dict_0006_0117.uasset" 10611
"/Engine/EngineMaterials/Substrate/Glints2/dict_0006_0117" 10612
"../../../Engine/Content/EngineMaterials/Substrate/Glints2/dict_0006_0147.uasset" 10613
"/Engine/EngineMaterials/Substrate/Glints2/dict_0006_0147" 10614
"../../../Engine/Content/EngineMaterials/Substrate/Glints2/dict_0006_0228.uasset" 10615
"../../../Engine/Content/EngineMaterials/Substrate/Glints2/dict_0006_0231.uasset" 10616
"../../../Engine/Content/EngineMaterials/Substrate/Glints2/dict_0006_0229.uasset" 10617
"../../../Engine/Content/EngineMaterials/Substrate/Glints2/dict_0006_0230.uasset" 10618
"/Engine/EngineMaterials/Substrate/Glints2/dict_0006_0229" 10619
"/Engine/EngineMaterials/Substrate/Glints2/dict_0006_0228" 10620
"/Engine/EngineMaterials/Substrate/Glints2/dict_0006_0231" 10621
"/Engine/EngineMaterials/Substrate/Glints2/dict_0006_0230" 10622
"../../../Engine/Content/EngineMaterials/Substrate/Glints2/dict_0006_0088.uasset" 10623
"/Engine/EngineMaterials/Substrate/Glints2/dict_0006_0088" 10624
"../../../Engine/Content/EngineMaterials/Substrate/Glints2/dict_0006_0233.uasset" 10625
"../../../Engine/Content/EngineMaterials/Substrate/Glints2/dict_0006_0232.uasset" 10626
"../../../Engine/Content/EngineMaterials/Substrate/Glints2/dict_0006_0234.uasset" 10627
"../../../Engine/Content/EngineMaterials/Substrate/Glints2/dict_0006_0172.uasset" 10628
"/Engine/EngineMaterials/Substrate/Glints2/dict_0006_0172" 10629
"/Engine/EngineMaterials/Substrate/Glints2/dict_0006_0234" 10630
"/Engine/EngineMaterials/Substrate/Glints2/dict_0006_0233" 10631
"/Engine/EngineMaterials/Substrate/Glints2/dict_0006_0232" 10632
"../../../Engine/Content/EngineMaterials/Substrate/Glints2/dict_0006_0235.uasset" 10633
"../../../Engine/Content/EngineMaterials/Substrate/Glints2/dict_0006_0148.uasset" 10634
"/Engine/EngineMaterials/Substrate/Glints2/dict_0006_0235" 10635
"/Engine/EngineMaterials/Substrate/Glints2/dict_0006_0148" 10636
"../../../Engine/Content/EngineMaterials/Substrate/Glints2/dict_0006_0239.uasset" 10637
"../../../Engine/Content/EngineMaterials/Substrate/Glints2/dict_0006_0240.uasset" 10638
"../../../Engine/Content/EngineMaterials/Substrate/Glints2/dict_0006_0237.uasset" 10639
"../../../Engine/Content/EngineMaterials/Substrate/Glints2/dict_0006_0245.uasset" 10640
"../../../Engine/Content/EngineMaterials/Substrate/Glints2/dict_0006_0238.uasset" 10641
"../../../Engine/Content/EngineMaterials/Substrate/Glints2/dict_0006_0246.uasset" 10642
"/Engine/EngineMaterials/Substrate/Glints2/dict_0006_0246" 10643
"../../../Engine/Content/EngineMaterials/Substrate/Glints2/dict_0006_0249.uasset" 10644
"../../../Engine/Content/EngineMaterials/Substrate/Glints2/dict_0006_0247.uasset" 10645
"/Engine/EngineMaterials/Substrate/Glints2/dict_0006_0238" 10646
"../../../Engine/Content/EngineMaterials/Substrate/Glints2/dict_0006_0252.uasset" 10647
"../../../Engine/Content/EngineMaterials/Substrate/Glints2/dict_0006_0182.uasset" 10648
"/Engine/EngineMaterials/Substrate/Glints2/dict_0006_0237" 10649
"/Engine/EngineMaterials/Substrate/Glints2/dict_0006_0245" 10650
"/Engine/EngineMaterials/Substrate/Glints2/dict_0006_0240" 10651
"../../../Engine/Content/EngineMaterials/Substrate/Glints2/dict_0006_0251.uasset" 10652
"/Engine/EngineMaterials/Substrate/Glints2/dict_0006_0239" 10653
"/Engine/EngineMaterials/Substrate/Glints2/dict_0006_0182" 10654
"/Engine/EngineMaterials/Substrate/Glints2/dict_0006_0247" 10655
"/Engine/EngineMaterials/Substrate/Glints2/dict_0006_0252" 10656
"/Engine/EngineMaterials/Substrate/Glints2/dict_0006_0251" 10657
"/Engine/EngineMaterials/Substrate/Glints2/dict_0006_0249" 10658
"../../../Engine/Content/EngineMaterials/Substrate/Glints2/dict_0006_0250.uasset" 10659
"../../../Engine/Content/EngineMaterials/Substrate/Glints2/dict_0006_0253.uasset" 10660
"../../../Engine/Content/EngineMaterials/Substrate/Glints2/dict_0006_0248.uasset" 10661
"../../../Engine/Content/EngineMaterials/Substrate/Glints2/dict_0006_0254.uasset" 10662
"/Engine/EngineMaterials/Substrate/Glints2/dict_0006_0254" 10663
"/Engine/EngineMaterials/Substrate/Glints2/dict_0006_0253" 10664
"/Engine/EngineMaterials/Substrate/Glints2/dict_0006_0248" 10665
"/Engine/EngineMaterials/Substrate/Glints2/dict_0006_0250" 10666
"../../../Engine/Content/EngineMaterials/Substrate/Glints2/dict_0007_0005.uasset" 10667
"../../../Engine/Content/EngineMaterials/Substrate/Glints2/dict_0007_0004.uasset" 10668
"../../../Engine/Content/EngineMaterials/Substrate/Glints2/dict_0006_0255.uasset" 10669
"../../../Engine/Content/EngineMaterials/Substrate/Glints2/dict_0007_0001.uasset" 10670
"../../../Engine/Content/EngineMaterials/Substrate/Glints2/dict_0007_0002.uasset" 10671
"../../../Engine/Content/EngineMaterials/Substrate/Glints2/dict_0007_0006.uasset" 10672
"../../../Engine/Content/EngineMaterials/Substrate/Glints2/dict_0007_0000.uasset" 10673
"../../../Engine/Content/EngineMaterials/Substrate/Glints2/dict_0007_0003.uasset" 10674
"../../../Engine/Content/EngineMaterials/Substrate/Glints2/dict_0007_0009.uasset" 10675
"../../../Engine/Content/EngineMaterials/Substrate/Glints2/dict_0007_0012.uasset" 10676
"../../../Engine/Content/EngineMaterials/Substrate/Glints2/dict_0007_0008.uasset" 10677
"../../../Engine/Content/EngineMaterials/Substrate/Glints2/dict_0007_0011.uasset" 10678
"/Engine/EngineMaterials/Substrate/Glints2/dict_0007_0003" 10679
"../../../Engine/Content/EngineMaterials/Substrate/Glints2/dict_0007_0007.uasset" 10680
"../../../Engine/Content/EngineMaterials/Substrate/Glints2/dict_0007_0010.uasset" 10681
"../../../Engine/Content/EngineMaterials/Substrate/Glints2/dict_0007_0013.uasset" 10682
"/Engine/EngineMaterials/Substrate/Glints2/dict_0007_0002" 10683
"../../../Engine/Content/EngineMaterials/Substrate/Glints2/dict_0007_0014.uasset" 10684
"/Engine/EngineMaterials/Substrate/Glints2/dict_0007_0001" 10685
"/Engine/EngineMaterials/Substrate/Glints2/dict_0007_0005" 10686
"/Engine/EngineMaterials/Substrate/Glints2/dict_0006_0255" 10687
"/Engine/EngineMaterials/Substrate/Glints2/dict_0007_0004" 10688
"/Engine/EngineMaterials/Substrate/Glints2/dict_0007_0006" 10689
"/Engine/EngineMaterials/Substrate/Glints2/dict_0007_0000" 10690
"/Engine/EngineMaterials/Substrate/Glints2/dict_0007_0011" 10691
"/Engine/EngineMaterials/Substrate/Glints2/dict_0007_0010" 10692
"/Engine/EngineMaterials/Substrate/Glints2/dict_0007_0009" 10693
"/Engine/EngineMaterials/Substrate/Glints2/dict_0007_0008" 10694
"/Engine/EngineMaterials/Substrate/Glints2/dict_0007_0007" 10695
"/Engine/EngineMaterials/Substrate/Glints2/dict_0007_0014" 10696
"/Engine/EngineMaterials/Substrate/Glints2/dict_0007_0013" 10697
"/Engine/EngineMaterials/Substrate/Glints2/dict_0007_0012" 10698
"../../../Engine/Content/EngineMaterials/Substrate/Glints2/dict_0006_0130.uasset" 10699
"../../../Engine/Content/EngineMaterials/Substrate/Glints2/dict_0006_0215.uasset" 10700
"../../../Engine/Content/EngineMaterials/Substrate/Glints2/dict_0006_0183.uasset" 10701
"/Engine/EngineMaterials/Substrate/Glints2/dict_0006_0130" 10702
"/Engine/EngineMaterials/Substrate/Glints2/dict_0006_0215" 10703
"/Engine/EngineMaterials/Substrate/Glints2/dict_0006_0183" 10704
"../../../Engine/Content/EngineMaterials/Substrate/Glints2/dict_0007_0019.uasset" 10705
"../../../Engine/Content/EngineMaterials/Substrate/Glints2/dict_0007_0022.uasset" 10706
"../../../Engine/Content/EngineMaterials/Substrate/Glints2/dict_0007_0018.uasset" 10707
"../../../Engine/Content/EngineMaterials/Substrate/Glints2/dict_0006_0236.uasset" 10708
"/Engine/EngineMaterials/Substrate/Glints2/dict_0007_0019" 10709
"../../../Engine/Content/EngineMaterials/Substrate/Glints2/dict_0007_0016.uasset" 10710
"/Engine/EngineMaterials/Substrate/Glints2/dict_0007_0018" 10711
"../../../Engine/Content/EngineMaterials/Substrate/Glints2/dict_0007_0020.uasset" 10712
"/Engine/EngineMaterials/Substrate/Glints2/dict_0007_0022" 10713
"../../../Engine/Content/EngineMaterials/Substrate/Glints2/dict_0007_0015.uasset" 10714
"/Engine/EngineMaterials/Substrate/Glints2/dict_0007_0020" 10715
"../../../Engine/Content/EngineMaterials/Substrate/Glints2/dict_0007_0021.uasset" 10716
"../../../Engine/Content/EngineMaterials/Substrate/Glints2/dict_0007_0017.uasset" 10717
"/Engine/EngineMaterials/Substrate/Glints2/dict_0006_0236" 10718
"/Engine/EngineMaterials/Substrate/Glints2/dict_0007_0016" 10719
"/Engine/EngineMaterials/Substrate/Glints2/dict_0007_0015" 10720
"/Engine/EngineMaterials/Substrate/Glints2/dict_0007_0017" 10721
"/Engine/EngineMaterials/Substrate/Glints2/dict_0007_0021" 10722
"../../../Engine/Content/EngineMaterials/Substrate/Glints2/dict_0007_0026.uasset" 10723
"../../../Engine/Content/EngineMaterials/Substrate/Glints2/dict_0007_0030.uasset" 10724
"../../../Engine/Content/EngineMaterials/Substrate/Glints2/dict_0007_0027.uasset" 10725
"../../../Engine/Content/EngineMaterials/Substrate/Glints2/dict_0007_0028.uasset" 10726
"../../../Engine/Content/EngineMaterials/Substrate/Glints2/dict_0007_0029.uasset" 10727
"../../../Engine/Content/EngineMaterials/Substrate/Glints2/dict_0007_0025.uasset" 10728
"../../../Engine/Content/EngineMaterials/Substrate/Glints2/dict_0006_0241.uasset" 10729
"/Engine/EngineMaterials/Substrate/Glints2/dict_0007_0028" 10730
"/Engine/EngineMaterials/Substrate/Glints2/dict_0007_0027" 10731
"/Engine/EngineMaterials/Substrate/Glints2/dict_0007_0026" 10732
"/Engine/EngineMaterials/Substrate/Glints2/dict_0007_0025" 10733
"/Engine/EngineMaterials/Substrate/Glints2/dict_0006_0241" 10734
"/Engine/EngineMaterials/Substrate/Glints2/dict_0007_0030" 10735
"/Engine/EngineMaterials/Substrate/Glints2/dict_0007_0029" 10736
"../../../Engine/Content/EngineMaterials/Substrate/Glints2/dict_0007_0033.uasset" 10737
"../../../Engine/Content/EngineMaterials/Substrate/Glints2/dict_0007_0032.uasset" 10738
"../../../Engine/Content/EngineMaterials/Substrate/Glints2/dict_0007_0031.uasset" 10739
"../../../Engine/Content/EngineMaterials/Substrate/Glints2/dict_0007_0034.uasset" 10740
"/Engine/EngineMaterials/Substrate/Glints2/dict_0007_0034" 10741
"/Engine/EngineMaterials/Substrate/Glints2/dict_0007_0033" 10742
"/Engine/EngineMaterials/Substrate/Glints2/dict_0007_0032" 10743
"../../../Engine/Content/EngineMaterials/Substrate/Glints2/dict_0007_0035.uasset" 10744
"../../../Engine/Content/EngineMaterials/Substrate/Glints2/dict_0007_0039.uasset" 10745
"../../../Engine/Content/EngineMaterials/Substrate/Glints2/dict_0007_0040.uasset" 10746
"../../../Engine/Content/EngineMaterials/Substrate/Glints2/dict_0007_0036.uasset" 10747
"../../../Engine/Content/EngineMaterials/Substrate/Glints2/dict_0007_0037.uasset" 10748
"../../../Engine/Content/EngineMaterials/Substrate/Glints2/dict_0007_0038.uasset" 10749
"/Engine/EngineMaterials/Substrate/Glints2/dict_0007_0031" 10750
"/Engine/EngineMaterials/Substrate/Glints2/dict_0007_0036" 10751
"/Engine/EngineMaterials/Substrate/Glints2/dict_0007_0035" 10752
"/Engine/EngineMaterials/Substrate/Glints2/dict_0007_0039" 10753
"/Engine/EngineMaterials/Substrate/Glints2/dict_0007_0038" 10754
"/Engine/EngineMaterials/Substrate/Glints2/dict_0007_0037" 10755
"/Engine/EngineMaterials/Substrate/Glints2/dict_0007_0040" 10756
"../../../Engine/Content/EngineMaterials/Substrate/Glints2/dict_0006_0195.uasset" 10757
"../../../Engine/Content/EngineMaterials/Substrate/Glints2/dict_0006_0196.uasset" 10758
"/Engine/EngineMaterials/Substrate/Glints2/dict_0006_0196" 10759
"/Engine/EngineMaterials/Substrate/Glints2/dict_0006_0195" 10760
"../../../Engine/Content/EngineMaterials/Substrate/Glints2/dict_0007_0043.uasset" 10761
"/Engine/EngineMaterials/Substrate/Glints2/dict_0007_0043" 10762
"../../../Engine/Content/EngineMaterials/Substrate/Glints2/dict_0007_0023.uasset" 10763
"../../../Engine/Content/EngineMaterials/Substrate/Glints2/dict_0007_0044.uasset" 10764
"../../../Engine/Content/EngineMaterials/Substrate/Glints2/dict_0007_0045.uasset" 10765
"../../../Engine/Content/EngineMaterials/Substrate/Glints2/dict_0007_0042.uasset" 10766
"../../../Engine/Content/EngineMaterials/Substrate/Glints2/dict_0007_0053.uasset" 10767
"../../../Engine/Content/EngineMaterials/Substrate/Glints2/dict_0007_0055.uasset" 10768
"../../../Engine/Content/EngineMaterials/Substrate/Glints2/dict_0007_0046.uasset" 10769
"../../../Engine/Content/EngineMaterials/Substrate/Glints2/dict_0007_0048.uasset" 10770
"../../../Engine/Content/EngineMaterials/Substrate/Glints2/dict_0007_0047.uasset" 10771
"../../../Engine/Content/EngineMaterials/Substrate/Glints2/dict_0007_0050.uasset" 10772
"../../../Engine/Content/EngineMaterials/Substrate/Glints2/dict_0007_0056.uasset" 10773
"../../../Engine/Content/EngineMaterials/Substrate/Glints2/dict_0007_0058.uasset" 10774
"/Engine/EngineMaterials/Substrate/Glints2/dict_0007_0046" 10775
"../../../Engine/Content/EngineMaterials/Substrate/Glints2/dict_0007_0054.uasset" 10776
"../../../Engine/Content/EngineMaterials/Substrate/Glints2/dict_0007_0049.uasset" 10777
"../../../Engine/Content/EngineMaterials/Substrate/Glints2/dict_0007_0052.uasset" 10778
"/Engine/EngineMaterials/Substrate/Glints2/dict_0007_0055" 10779
"../../../Engine/Content/EngineMaterials/Substrate/Glints2/dict_0007_0051.uasset" 10780
"/Engine/EngineMaterials/Substrate/Glints2/dict_0007_0045" 10781
"/Engine/EngineMaterials/Substrate/Glints2/dict_0007_0044" 10782
"/Engine/EngineMaterials/Substrate/Glints2/dict_0007_0042" 10783
"/Engine/EngineMaterials/Substrate/Glints2/dict_0007_0053" 10784
"/Engine/EngineMaterials/Substrate/Glints2/dict_0007_0023" 10785
"/Engine/EngineMaterials/Substrate/Glints2/dict_0007_0054" 10786
"/Engine/EngineMaterials/Substrate/Glints2/dict_0007_0058" 10787
"../../../Engine/Content/EngineMaterials/Substrate/Glints2/dict_0007_0060.uasset" 10788
"../../../Engine/Content/EngineMaterials/Substrate/Glints2/dict_0007_0059.uasset" 10789
"../../../Engine/Content/EngineMaterials/Substrate/Glints2/dict_0007_0067.uasset" 10790
"../../../Engine/Content/EngineMaterials/Substrate/Glints2/dict_0007_0063.uasset" 10791
"../../../Engine/Content/EngineMaterials/Substrate/Glints2/dict_0007_0061.uasset" 10792
"/Engine/EngineMaterials/Substrate/Glints2/dict_0007_0052" 10793
"../../../Engine/Content/EngineMaterials/Substrate/Glints2/dict_0007_0062.uasset" 10794
"../../../Engine/Content/EngineMaterials/Substrate/Glints2/dict_0007_0065.uasset" 10795
"/Engine/EngineMaterials/Substrate/Glints2/dict_0007_0048" 10796
"/Engine/EngineMaterials/Substrate/Glints2/dict_0007_0051" 10797
"/Engine/EngineMaterials/Substrate/Glints2/dict_0007_0047" 10798
"../../../Engine/Content/EngineMaterials/Substrate/Glints2/dict_0007_0064.uasset" 10799
"../../../Engine/Content/EngineMaterials/Substrate/Glints2/dict_0007_0066.uasset" 10800
"/Engine/EngineMaterials/Substrate/Glints2/dict_0007_0056" 10801
"/Engine/EngineMaterials/Substrate/Glints2/dict_0007_0050" 10802
"/Engine/EngineMaterials/Substrate/Glints2/dict_0007_0049" 10803
"/Engine/EngineMaterials/Substrate/Glints2/dict_0007_0065" 10804
"/Engine/EngineMaterials/Substrate/Glints2/dict_0007_0064" 10805
"/Engine/EngineMaterials/Substrate/Glints2/dict_0007_0059" 10806
"/Engine/EngineMaterials/Substrate/Glints2/dict_0007_0063" 10807
"/Engine/EngineMaterials/Substrate/Glints2/dict_0007_0062" 10808
"/Engine/EngineMaterials/Substrate/Glints2/dict_0007_0061" 10809
"/Engine/EngineMaterials/Substrate/Glints2/dict_0007_0060" 10810
"/Engine/EngineMaterials/Substrate/Glints2/dict_0007_0067" 10811
"../../../Engine/Content/EngineMaterials/Substrate/Glints2/dict_0007_0072.uasset" 10812
"../../../Engine/Content/EngineMaterials/Substrate/Glints2/dict_0007_0075.uasset" 10813
"../../../Engine/Content/EngineMaterials/Substrate/Glints2/dict_0007_0057.uasset" 10814
"/Engine/EngineMaterials/Substrate/Glints2/dict_0007_0066" 10815
"/Engine/EngineMaterials/Substrate/Glints2/dict_0007_0075" 10816
"/Engine/EngineMaterials/Substrate/Glints2/dict_0007_0072" 10817
"/Engine/EngineMaterials/Substrate/Glints2/dict_0007_0057" 10818
"../../../Engine/Content/EngineMaterials/Substrate/Glints2/dict_0007_0070.uasset" 10819
"../../../Engine/Content/EngineMaterials/Substrate/Glints2/dict_0007_0071.uasset" 10820
"/Engine/EngineMaterials/Substrate/Glints2/dict_0007_0071" 10821
"/Engine/EngineMaterials/Substrate/Glints2/dict_0007_0070" 10822
"../../../Engine/Content/EngineMaterials/Substrate/Glints2/dict_0007_0069.uasset" 10823
"../../../Engine/Content/EngineMaterials/Substrate/Glints2/dict_0007_0081.uasset" 10824
"../../../Engine/Content/EngineMaterials/Substrate/Glints2/dict_0007_0068.uasset" 10825
"../../../Engine/Content/EngineMaterials/Substrate/Glints2/dict_0007_0076.uasset" 10826
"../../../Engine/Content/EngineMaterials/Substrate/Glints2/dict_0007_0073.uasset" 10827
"../../../Engine/Content/EngineMaterials/Substrate/Glints2/dict_0007_0079.uasset" 10828
"../../../Engine/Content/EngineMaterials/Substrate/Glints2/dict_0007_0080.uasset" 10829
"../../../Engine/Content/EngineMaterials/Substrate/Glints2/dict_0007_0078.uasset" 10830
"../../../Engine/Content/EngineMaterials/Substrate/Glints2/dict_0007_0077.uasset" 10831
"../../../Engine/Content/EngineMaterials/Substrate/Glints2/dict_0007_0082.uasset" 10832
"/Engine/EngineMaterials/Substrate/Glints2/dict_0007_0073" 10833
"../../../Engine/Content/EngineMaterials/Substrate/Glints2/dict_0007_0086.uasset" 10834
"/Engine/EngineMaterials/Substrate/Glints2/dict_0007_0069" 10835
"../../../Engine/Content/EngineMaterials/Substrate/Glints2/dict_0007_0083.uasset" 10836
"../../../Engine/Content/EngineMaterials/Substrate/Glints2/dict_0007_0085.uasset" 10837
"../../../Engine/Content/EngineMaterials/Substrate/Glints2/dict_0007_0084.uasset" 10838
"../../../Engine/Content/EngineMaterials/Substrate/Glints2/dict_0007_0089.uasset" 10839
"/Engine/EngineMaterials/Substrate/Glints2/dict_0007_0081" 10840
"../../../Engine/Content/EngineMaterials/Substrate/Glints2/dict_0007_0091.uasset" 10841
"../../../Engine/Content/EngineMaterials/Substrate/Glints2/dict_0007_0090.uasset" 10842
"../../../Engine/Content/EngineMaterials/Substrate/Glints2/dict_0007_0088.uasset" 10843
"/Engine/EngineMaterials/Substrate/Glints2/dict_0007_0080" 10844
"/Engine/EngineMaterials/Substrate/Glints2/dict_0007_0068" 10845
"/Engine/EngineMaterials/Substrate/Glints2/dict_0007_0079" 10846
"/Engine/EngineMaterials/Substrate/Glints2/dict_0007_0078" 10847
"/Engine/EngineMaterials/Substrate/Glints2/dict_0007_0077" 10848
"../../../Engine/Content/EngineMaterials/Substrate/Glints2/dict_0007_0093.uasset" 10849
"/Engine/EngineMaterials/Substrate/Glints2/dict_0007_0076" 10850
"/Engine/EngineMaterials/Substrate/Glints2/dict_0007_0084" 10851
"/Engine/EngineMaterials/Substrate/Glints2/dict_0007_0093" 10852
"/Engine/EngineMaterials/Substrate/Glints2/dict_0007_0091" 10853
"/Engine/EngineMaterials/Substrate/Glints2/dict_0007_0090" 10854
"/Engine/EngineMaterials/Substrate/Glints2/dict_0007_0083" 10855
"/Engine/EngineMaterials/Substrate/Glints2/dict_0007_0089" 10856
"/Engine/EngineMaterials/Substrate/Glints2/dict_0007_0082" 10857
"../../../Engine/Content/EngineMaterials/Substrate/Glints2/dict_0007_0041.uasset" 10858
"/Engine/EngineMaterials/Substrate/Glints2/dict_0007_0088" 10859
"/Engine/EngineMaterials/Substrate/Glints2/dict_0007_0086" 10860
"/Engine/EngineMaterials/Substrate/Glints2/dict_0007_0085" 10861
"../../../Engine/Content/EngineMaterials/Substrate/Glints2/dict_0007_0097.uasset" 10862
"../../../Engine/Content/EngineMaterials/Substrate/Glints2/dict_0007_0092.uasset" 10863
"../../../Engine/Content/EngineMaterials/Substrate/Glints2/dict_0007_0098.uasset" 10864
"/Engine/EngineMaterials/Substrate/Glints2/dict_0007_0092" 10865
"../../../Engine/Content/EngineMaterials/Substrate/Glints2/dict_0007_0095.uasset" 10866
"/Engine/EngineMaterials/Substrate/Glints2/dict_0007_0097" 10867
"../../../Engine/Content/EngineMaterials/Substrate/Glints2/dict_0007_0094.uasset" 10868
"/Engine/EngineMaterials/Substrate/Glints2/dict_0007_0041" 10869
"/Engine/EngineMaterials/Substrate/Glints2/dict_0007_0095" 10870
"/Engine/EngineMaterials/Substrate/Glints2/dict_0007_0098" 10871
"/Engine/EngineMaterials/Substrate/Glints2/dict_0007_0094" 10872
"../../../Engine/Content/EngineMaterials/Substrate/Glints2/dict_0007_0099.uasset" 10873
"../../../Engine/Content/EngineMaterials/Substrate/Glints2/dict_0007_0096.uasset" 10874
"../../../Engine/Content/EngineMaterials/Substrate/Glints2/dict_0007_0074.uasset" 10875
"../../../Engine/Content/EngineMaterials/Substrate/Glints2/dict_0007_0100.uasset" 10876
"../../../Engine/Content/EngineMaterials/Substrate/Glints2/dict_0007_0101.uasset" 10877
"../../../Engine/Content/EngineMaterials/Substrate/Glints2/dict_0007_0102.uasset" 10878
"../../../Engine/Content/EngineMaterials/Substrate/Glints2/dict_0007_0107.uasset" 10879
"/Engine/EngineMaterials/Substrate/Glints2/dict_0007_0096" 10880
"/Engine/EngineMaterials/Substrate/Glints2/dict_0007_0074" 10881
"/Engine/EngineMaterials/Substrate/Glints2/dict_0007_0107" 10882
"../../../Engine/Content/EngineMaterials/Substrate/Glints2/dict_0007_0103.uasset" 10883
"../../../Engine/Content/EngineMaterials/Substrate/Glints2/dict_0007_0104.uasset" 10884
"/Engine/EngineMaterials/Substrate/Glints2/dict_0007_0102" 10885
"/Engine/EngineMaterials/Substrate/Glints2/dict_0007_0101" 10886
"/Engine/EngineMaterials/Substrate/Glints2/dict_0007_0100" 10887
"/Engine/EngineMaterials/Substrate/Glints2/dict_0007_0099" 10888
"/Engine/EngineMaterials/Substrate/Glints2/dict_0007_0104" 10889
"/Engine/EngineMaterials/Substrate/Glints2/dict_0007_0103" 10890
"../../../Engine/Content/EngineMaterials/Substrate/Glints2/dict_0007_0108.uasset" 10891
"/Engine/EngineMaterials/Substrate/Glints2/dict_0007_0108" 10892
"../../../Engine/Content/EngineMaterials/Substrate/Glints2/dict_0006_0244.uasset" 10893
"../../../Engine/Content/EngineMaterials/Substrate/Glints2/dict_0007_0024.uasset" 10894
"../../../Engine/Content/EngineMaterials/Substrate/Glints2/dict_0006_0242.uasset" 10895
"/Engine/EngineMaterials/Substrate/Glints2/dict_0006_0244" 10896
"/Engine/EngineMaterials/Substrate/Glints2/dict_0006_0242" 10897
"/Engine/EngineMaterials/Substrate/Glints2/dict_0007_0024" 10898
"../../../Engine/Content/EngineMaterials/Substrate/Glints2/dict_0007_0111.uasset" 10899
"../../../Engine/Content/EngineMaterials/Substrate/Glints2/dict_0007_0115.uasset" 10900
"../../../Engine/Content/EngineMaterials/Substrate/Glints2/dict_0007_0114.uasset" 10901
"../../../Engine/Content/EngineMaterials/Substrate/Glints2/dict_0007_0112.uasset" 10902
"../../../Engine/Content/EngineMaterials/Substrate/Glints2/dict_0007_0106.uasset" 10903
"../../../Engine/Content/EngineMaterials/Substrate/Glints2/dict_0007_0109.uasset" 10904
"../../../Engine/Content/EngineMaterials/Substrate/Glints2/dict_0007_0116.uasset" 10905
"../../../Engine/Content/EngineMaterials/Substrate/Glints2/dict_0007_0105.uasset" 10906
"../../../Engine/Content/EngineMaterials/Substrate/Glints2/dict_0007_0113.uasset" 10907
"/Engine/EngineMaterials/Substrate/Glints2/dict_0007_0116" 10908
"/Engine/EngineMaterials/Substrate/Glints2/dict_0007_0115" 10909
"/Engine/EngineMaterials/Substrate/Glints2/dict_0007_0114" 10910
"/Engine/EngineMaterials/Substrate/Glints2/dict_0007_0113" 10911
"/Engine/EngineMaterials/Substrate/Glints2/dict_0007_0111" 10912
"/Engine/EngineMaterials/Substrate/Glints2/dict_0007_0106" 10913
"/Engine/EngineMaterials/Substrate/Glints2/dict_0007_0105" 10914
"/Engine/EngineMaterials/Substrate/Glints2/dict_0007_0109" 10915
"../../../Engine/Content/EngineMaterials/Substrate/Glints2/dict_0007_0118.uasset" 10916
"/Engine/EngineMaterials/Substrate/Glints2/dict_0007_0118" 10917
"../../../Engine/Content/EngineMaterials/Substrate/Glints2/dict_0007_0119.uasset" 10918
"/Engine/EngineMaterials/Substrate/Glints2/dict_0007_0119" 10919
"/Engine/EngineMaterials/Substrate/Glints2/dict_0007_0112" 10920
"../../../Engine/Content/EngineMaterials/Substrate/Glints2/dict_0007_0123.uasset" 10921
"../../../Engine/Content/EngineMaterials/Substrate/Glints2/dict_0007_0126.uasset" 10922
"../../../Engine/Content/EngineMaterials/Substrate/Glints2/dict_0007_0121.uasset" 10923
"/Engine/EngineMaterials/Substrate/Glints2/dict_0007_0123" 10924
"/Engine/EngineMaterials/Substrate/Glints2/dict_0007_0121" 10925
"/Engine/EngineMaterials/Substrate/Glints2/dict_0007_0126" 10926
"../../../Engine/Content/EngineMaterials/Substrate/Glints2/dict_0007_0122.uasset" 10927
"../../../Engine/Content/EngineMaterials/Substrate/Glints2/dict_0007_0120.uasset" 10928
"/Engine/EngineMaterials/Substrate/Glints2/dict_0007_0120" 10929
"../../../Engine/Content/EngineMaterials/Substrate/Glints2/dict_0007_0132.uasset" 10930
"../../../Engine/Content/EngineMaterials/Substrate/Glints2/dict_0007_0131.uasset" 10931
"../../../Engine/Content/EngineMaterials/Substrate/Glints2/dict_0007_0124.uasset" 10932
"../../../Engine/Content/EngineMaterials/Substrate/Glints2/dict_0007_0134.uasset" 10933
"../../../Engine/Content/EngineMaterials/Substrate/Glints2/dict_0007_0127.uasset" 10934
"../../../Engine/Content/EngineMaterials/Substrate/Glints2/dict_0007_0130.uasset" 10935
"../../../Engine/Content/EngineMaterials/Substrate/Glints2/dict_0007_0129.uasset" 10936
"../../../Engine/Content/EngineMaterials/Substrate/Glints2/dict_0007_0125.uasset" 10937
"../../../Engine/Content/EngineMaterials/Substrate/Glints2/dict_0007_0136.uasset" 10938
"/Engine/EngineMaterials/Substrate/Glints2/dict_0007_0130" 10939
"../../../Engine/Content/EngineMaterials/Substrate/Glints2/dict_0007_0128.uasset" 10940
"/Engine/EngineMaterials/Substrate/Glints2/dict_0007_0129" 10941
"/Engine/EngineMaterials/Substrate/Glints2/dict_0007_0136" 10942
"/Engine/EngineMaterials/Substrate/Glints2/dict_0007_0134" 10943
"/Engine/EngineMaterials/Substrate/Glints2/dict_0007_0132" 10944
"/Engine/EngineMaterials/Substrate/Glints2/dict_0007_0131" 10945
"/Engine/EngineMaterials/Substrate/Glints2/dict_0007_0127" 10946
"/Engine/EngineMaterials/Substrate/Glints2/dict_0007_0125" 10947
"/Engine/EngineMaterials/Substrate/Glints2/dict_0007_0124" 10948
"/Engine/EngineMaterials/Substrate/Glints2/dict_0007_0128" 10949
"../../../Engine/Content/EngineMaterials/Substrate/Glints2/dict_0007_0141.uasset" 10950
"../../../Engine/Content/EngineMaterials/Substrate/Glints2/dict_0007_0142.uasset" 10951
"../../../Engine/Content/EngineMaterials/Substrate/Glints2/dict_0007_0140.uasset" 10952
"../../../Engine/Content/EngineMaterials/Substrate/Glints2/dict_0007_0144.uasset" 10953
"../../../Engine/Content/EngineMaterials/Substrate/Glints2/dict_0007_0143.uasset" 10954
"../../../Engine/Content/EngineMaterials/Substrate/Glints2/dict_0007_0139.uasset" 10955
"../../../Engine/Content/EngineMaterials/Substrate/Glints2/dict_0007_0138.uasset" 10956
"../../../Engine/Content/EngineMaterials/Substrate/Glints2/dict_0007_0147.uasset" 10957
"../../../Engine/Content/EngineMaterials/Substrate/Glints2/dict_0007_0145.uasset" 10958
"../../../Engine/Content/EngineMaterials/Substrate/Glints2/dict_0007_0149.uasset" 10959
"../../../Engine/Content/EngineMaterials/Substrate/Glints2/dict_0007_0148.uasset" 10960
"/Engine/EngineMaterials/Substrate/Glints2/dict_0007_0144" 10961
"../../../Engine/Content/EngineMaterials/Substrate/Glints2/dict_0007_0152.uasset" 10962
"../../../Engine/Content/EngineMaterials/Substrate/Glints2/dict_0007_0150.uasset" 10963
"/Engine/EngineMaterials/Substrate/Glints2/dict_0007_0143" 10964
"../../../Engine/Content/EngineMaterials/Substrate/Glints2/dict_0007_0151.uasset" 10965
"../../../Engine/Content/EngineMaterials/Substrate/Glints2/dict_0007_0153.uasset" 10966
"/Engine/EngineMaterials/Substrate/Glints2/dict_0007_0142" 10967
"/Engine/EngineMaterials/Substrate/Glints2/dict_0007_0141" 10968
"/Engine/EngineMaterials/Substrate/Glints2/dict_0007_0147" 10969
"../../../Engine/Content/EngineMaterials/Substrate/Glints2/dict_0007_0156.uasset" 10970
"/Engine/EngineMaterials/Substrate/Glints2/dict_0007_0140" 10971
"/Engine/EngineMaterials/Substrate/Glints2/dict_0007_0145" 10972
"/Engine/EngineMaterials/Substrate/Glints2/dict_0007_0139" 10973
"/Engine/EngineMaterials/Substrate/Glints2/dict_0007_0138" 10974
"/Engine/EngineMaterials/Substrate/Glints2/dict_0007_0151" 10975
"/Engine/EngineMaterials/Substrate/Glints2/dict_0007_0150" 10976
"/Engine/EngineMaterials/Substrate/Glints2/dict_0007_0156" 10977
"/Engine/EngineMaterials/Substrate/Glints2/dict_0007_0149" 10978
"/Engine/EngineMaterials/Substrate/Glints2/dict_0007_0148" 10979
"/Engine/EngineMaterials/Substrate/Glints2/dict_0007_0153" 10980
"/Engine/EngineMaterials/Substrate/Glints2/dict_0007_0152" 10981
"../../../Engine/Content/EngineMaterials/Substrate/Glints2/dict_0007_0159.uasset" 10982
"/Engine/EngineMaterials/Substrate/Glints2/dict_0007_0159" 10983
"../../../Engine/Content/EngineMaterials/Substrate/Glints2/dict_0007_0161.uasset" 10984
"../../../Engine/Content/EngineMaterials/Substrate/Glints2/dict_0007_0157.uasset" 10985
"/Engine/EngineMaterials/Substrate/Glints2/dict_0007_0122" 10986
"/Engine/EngineMaterials/Substrate/Glints2/dict_0007_0161" 10987
"../../../Engine/Content/EngineMaterials/Substrate/Glints2/dict_0007_0160.uasset" 10988
"/Engine/EngineMaterials/Substrate/Glints2/dict_0007_0157" 10989
"/Engine/EngineMaterials/Substrate/Glints2/dict_0007_0160" 10990
"../../../Engine/Content/EngineMaterials/Substrate/Glints2/dict_0007_0163.uasset" 10991
"../../../Engine/Content/EngineMaterials/Substrate/Glints2/dict_0007_0162.uasset" 10992
"/Engine/EngineMaterials/Substrate/Glints2/dict_0007_0163" 10993
"../../../Engine/Content/EngineMaterials/Substrate/Glints2/dict_0007_0158.uasset" 10994
"/Engine/EngineMaterials/Substrate/Glints2/dict_0007_0162" 10995
"/Engine/EngineMaterials/Substrate/Glints2/dict_0007_0158" 10996
"../../../Engine/Content/EngineMaterials/Substrate/Glints2/dict_0007_0164.uasset" 10997
"../../../Engine/Content/EngineMaterials/Substrate/Glints2/dict_0007_0167.uasset" 10998
"../../../Engine/Content/EngineMaterials/Substrate/Glints2/dict_0007_0165.uasset" 10999
"../../../Engine/Content/EngineMaterials/Substrate/Glints2/dict_0007_0166.uasset" 11000
"../../../Engine/Content/EngineMaterials/Substrate/Glints2/dict_0007_0168.uasset" 11001
"/Engine/EngineMaterials/Substrate/Glints2/dict_0007_0168" 11002
"../../../Engine/Content/EngineMaterials/Substrate/Glints2/dict_0007_0173.uasset" 11003
"../../../Engine/Content/EngineMaterials/Substrate/Glints2/dict_0007_0172.uasset" 11004
"../../../Engine/Content/EngineMaterials/Substrate/Glints2/dict_0007_0176.uasset" 11005
"../../../Engine/Content/EngineMaterials/Substrate/Glints2/dict_0007_0175.uasset" 11006
"/Engine/EngineMaterials/Substrate/Glints2/dict_0007_0167" 11007
"/Engine/EngineMaterials/Substrate/Glints2/dict_0007_0166" 11008
"/Engine/EngineMaterials/Substrate/Glints2/dict_0007_0165" 11009
"../../../Engine/Content/EngineMaterials/Substrate/Glints2/dict_0007_0174.uasset" 11010
"/Engine/EngineMaterials/Substrate/Glints2/dict_0007_0164" 11011
"/Engine/EngineMaterials/Substrate/Glints2/dict_0007_0176" 11012
"/Engine/EngineMaterials/Substrate/Glints2/dict_0007_0175" 11013
"/Engine/EngineMaterials/Substrate/Glints2/dict_0007_0174" 11014
"/Engine/EngineMaterials/Substrate/Glints2/dict_0007_0173" 11015
"/Engine/EngineMaterials/Substrate/Glints2/dict_0007_0172" 11016
"../../../Engine/Content/EngineMaterials/Substrate/Glints2/dict_0007_0179.uasset" 11017
"../../../Engine/Content/EngineMaterials/Substrate/Glints2/dict_0007_0177.uasset" 11018
"../../../Engine/Content/EngineMaterials/Substrate/Glints2/dict_0007_0178.uasset" 11019
"../../../Engine/Content/EngineMaterials/Substrate/Glints2/dict_0007_0181.uasset" 11020
"/Engine/EngineMaterials/Substrate/Glints2/dict_0007_0179" 11021
"../../../Engine/Content/EngineMaterials/Substrate/Glints2/dict_0007_0146.uasset" 11022
"/Engine/EngineMaterials/Substrate/Glints2/dict_0007_0177" 11023
"../../../Engine/Content/EngineMaterials/Substrate/Glints2/dict_0006_0243.uasset" 11024
"../../../Engine/Content/EngineMaterials/Substrate/Glints2/dict_0007_0183.uasset" 11025
"/Engine/EngineMaterials/Substrate/Glints2/dict_0007_0181" 11026
"/Engine/EngineMaterials/Substrate/Glints2/dict_0007_0178" 11027
"../../../Engine/Content/EngineMaterials/Substrate/Glints2/dict_0007_0182.uasset" 11028
"/Engine/EngineMaterials/Substrate/Glints2/dict_0007_0182" 11029
"/Engine/EngineMaterials/Substrate/Glints2/dict_0007_0146" 11030
"/Engine/EngineMaterials/Substrate/Glints2/dict_0006_0243" 11031
"/Engine/EngineMaterials/Substrate/Glints2/dict_0007_0183" 11032
"../../../Engine/Content/EngineMaterials/Substrate/Glints2/dict_0007_0184.uasset" 11033
"../../../Engine/Content/EngineMaterials/Substrate/Glints2/dict_0007_0185.uasset" 11034
"../../../Engine/Content/EngineMaterials/Substrate/Glints2/dict_0007_0188.uasset" 11035
"../../../Engine/Content/EngineMaterials/Substrate/Glints2/dict_0007_0189.uasset" 11036
"/Engine/EngineMaterials/Substrate/Glints2/dict_0007_0189" 11037
"/Engine/EngineMaterials/Substrate/Glints2/dict_0007_0185" 11038
"/Engine/EngineMaterials/Substrate/Glints2/dict_0007_0188" 11039
"/Engine/EngineMaterials/Substrate/Glints2/dict_0007_0184" 11040
"../../../Engine/Content/EngineMaterials/Substrate/Glints2/dict_0007_0190.uasset" 11041
"../../../Engine/Content/EngineMaterials/Substrate/Glints2/dict_0007_0180.uasset" 11042
"../../../Engine/Content/EngineMaterials/Substrate/Glints2/dict_0007_0191.uasset" 11043
"/Engine/EngineMaterials/Substrate/Glints2/dict_0007_0190" 11044
"/Engine/EngineMaterials/Substrate/Glints2/dict_0007_0180" 11045
"/Engine/EngineMaterials/Substrate/Glints2/dict_0007_0191" 11046
"../../../Engine/Content/EngineMaterials/Substrate/Glints2/dict_0007_0169.uasset" 11047
"../../../Engine/Content/EngineMaterials/Substrate/Glints2/dict_0007_0192.uasset" 11048
"../../../Engine/Content/EngineMaterials/Substrate/Glints2/dict_0007_0087.uasset" 11049
"../../../Engine/Content/EngineMaterials/Substrate/Glints2/dict_0007_0133.uasset" 11050
"../../../Engine/Content/EngineMaterials/Substrate/Glints2/dict_0007_0135.uasset" 11051
"../../../Engine/Content/EngineMaterials/Substrate/Glints2/dict_0007_0193.uasset" 11052
"../../../Engine/Content/EngineMaterials/Substrate/Glints2/dict_0007_0171.uasset" 11053
"../../../Engine/Content/EngineMaterials/Substrate/Glints2/dict_0007_0170.uasset" 11054
"../../../Engine/Content/EngineMaterials/Substrate/Glints2/dict_0007_0196.uasset" 11055
"/Engine/EngineMaterials/Substrate/Glints2/dict_0007_0170" 11056
"/Engine/EngineMaterials/Substrate/Glints2/dict_0007_0169" 11057
"/Engine/EngineMaterials/Substrate/Glints2/dict_0007_0196" 11058
"/Engine/EngineMaterials/Substrate/Glints2/dict_0007_0135" 11059
"/Engine/EngineMaterials/Substrate/Glints2/dict_0007_0193" 11060
"/Engine/EngineMaterials/Substrate/Glints2/dict_0007_0087" 11061
"/Engine/EngineMaterials/Substrate/Glints2/dict_0007_0133" 11062
"/Engine/EngineMaterials/Substrate/Glints2/dict_0007_0192" 11063
"/Engine/EngineMaterials/Substrate/Glints2/dict_0007_0171" 11064
"../../../Engine/Content/EngineMaterials/Substrate/Glints2/dict_0007_0195.uasset" 11065
"../../../Engine/Content/EngineMaterials/Substrate/Glints2/dict_0007_0194.uasset" 11066
"../../../Engine/Content/EngineMaterials/Substrate/Glints2/dict_0007_0201.uasset" 11067
"../../../Engine/Content/EngineMaterials/Substrate/Glints2/dict_0007_0204.uasset" 11068
"../../../Engine/Content/EngineMaterials/Substrate/Glints2/dict_0007_0199.uasset" 11069
"../../../Engine/Content/EngineMaterials/Substrate/Glints2/dict_0007_0197.uasset" 11070
"../../../Engine/Content/EngineMaterials/Substrate/Glints2/dict_0007_0198.uasset" 11071
"../../../Engine/Content/EngineMaterials/Substrate/Glints2/dict_0007_0200.uasset" 11072
"../../../Engine/Content/EngineMaterials/Substrate/Glints2/dict_0007_0205.uasset" 11073
"../../../Engine/Content/EngineMaterials/Substrate/Glints2/dict_0007_0202.uasset" 11074
"../../../Engine/Content/EngineMaterials/Substrate/Glints2/dict_0007_0207.uasset" 11075
"../../../Engine/Content/EngineMaterials/Substrate/Glints2/dict_0007_0203.uasset" 11076
"/Engine/EngineMaterials/Substrate/Glints2/dict_0007_0203" 11077
"/Engine/EngineMaterials/Substrate/Glints2/dict_0007_0199" 11078
"/Engine/EngineMaterials/Substrate/Glints2/dict_0007_0198" 11079
"/Engine/EngineMaterials/Substrate/Glints2/dict_0007_0197" 11080
"/Engine/EngineMaterials/Substrate/Glints2/dict_0007_0207" 11081
"/Engine/EngineMaterials/Substrate/Glints2/dict_0007_0195" 11082
"/Engine/EngineMaterials/Substrate/Glints2/dict_0007_0205" 11083
"/Engine/EngineMaterials/Substrate/Glints2/dict_0007_0202" 11084
"../../../Engine/Content/EngineMaterials/Substrate/Glints2/dict_0007_0206.uasset" 11085
"/Engine/EngineMaterials/Substrate/Glints2/dict_0007_0201" 11086
"/Engine/EngineMaterials/Substrate/Glints2/dict_0007_0200" 11087
"/Engine/EngineMaterials/Substrate/Glints2/dict_0007_0204" 11088
"/Engine/EngineMaterials/Substrate/Glints2/dict_0007_0194" 11089
"/Engine/EngineMaterials/Substrate/Glints2/dict_0007_0206" 11090
"../../../Engine/Content/EngineMaterials/Substrate/Glints2/dict_0007_0211.uasset" 11091
"../../../Engine/Content/EngineMaterials/Substrate/Glints2/dict_0007_0208.uasset" 11092
"../../../Engine/Content/EngineMaterials/Substrate/Glints2/dict_0007_0209.uasset" 11093
"../../../Engine/Content/EngineMaterials/Substrate/Glints2/dict_0007_0210.uasset" 11094
"/Engine/EngineMaterials/Substrate/Glints2/dict_0007_0210" 11095
"/Engine/EngineMaterials/Substrate/Glints2/dict_0007_0209" 11096
"/Engine/EngineMaterials/Substrate/Glints2/dict_0007_0208" 11097
"/Engine/EngineMaterials/Substrate/Glints2/dict_0007_0211" 11098
"../../../Engine/Content/EngineMaterials/Substrate/Glints2/dict_0007_0212.uasset" 11099
"../../../Engine/Content/EngineMaterials/Substrate/Glints2/dict_0007_0221.uasset" 11100
"../../../Engine/Content/EngineMaterials/Substrate/Glints2/dict_0007_0219.uasset" 11101
"../../../Engine/Content/EngineMaterials/Substrate/Glints2/dict_0007_0218.uasset" 11102
"../../../Engine/Content/EngineMaterials/Substrate/Glints2/dict_0007_0213.uasset" 11103
"../../../Engine/Content/EngineMaterials/Substrate/Glints2/dict_0007_0222.uasset" 11104
"../../../Engine/Content/EngineMaterials/Substrate/Glints2/dict_0007_0215.uasset" 11105
"../../../Engine/Content/EngineMaterials/Substrate/Glints2/dict_0007_0217.uasset" 11106
"../../../Engine/Content/EngineMaterials/Substrate/Glints2/dict_0007_0216.uasset" 11107
"../../../Engine/Content/EngineMaterials/Substrate/Glints2/dict_0007_0220.uasset" 11108
"../../../Engine/Content/EngineMaterials/Substrate/Glints2/dict_0007_0214.uasset" 11109
"../../../Engine/Content/EngineMaterials/Substrate/Glints2/dict_0007_0225.uasset" 11110
"../../../Engine/Content/EngineMaterials/Substrate/Glints2/dict_0007_0230.uasset" 11111
"../../../Engine/Content/EngineMaterials/Substrate/Glints2/dict_0007_0224.uasset" 11112
"../../../Engine/Content/EngineMaterials/Substrate/Glints2/dict_0007_0223.uasset" 11113
"../../../Engine/Content/EngineMaterials/Substrate/Glints2/dict_0007_0226.uasset" 11114
"/Engine/EngineMaterials/Substrate/Glints2/dict_0007_0219" 11115
"../../../Engine/Content/EngineMaterials/Substrate/Glints2/dict_0007_0231.uasset" 11116
"/Engine/EngineMaterials/Substrate/Glints2/dict_0007_0218" 11117
"../../../Engine/Content/EngineMaterials/Substrate/Glints2/dict_0007_0229.uasset" 11118
"/Engine/EngineMaterials/Substrate/Glints2/dict_0007_0217" 11119
"/Engine/EngineMaterials/Substrate/Glints2/dict_0007_0224" 11120
"/Engine/EngineMaterials/Substrate/Glints2/dict_0007_0223" 11121
"/Engine/EngineMaterials/Substrate/Glints2/dict_0007_0216" 11122
"/Engine/EngineMaterials/Substrate/Glints2/dict_0007_0222" 11123
"/Engine/EngineMaterials/Substrate/Glints2/dict_0007_0221" 11124
"/Engine/EngineMaterials/Substrate/Glints2/dict_0007_0220" 11125
"../../../Engine/Content/EngineMaterials/Substrate/Glints2/dict_0007_0227.uasset" 11126
"/Engine/EngineMaterials/Substrate/Glints2/dict_0007_0215" 11127
"/Engine/EngineMaterials/Substrate/Glints2/dict_0007_0214" 11128
"/Engine/EngineMaterials/Substrate/Glints2/dict_0007_0213" 11129
"/Engine/EngineMaterials/Substrate/Glints2/dict_0007_0212" 11130
"../../../Engine/Content/EngineMaterials/Substrate/Glints2/dict_0007_0117.uasset" 11131
"/Engine/EngineMaterials/Substrate/Glints2/dict_0007_0231" 11132
"/Engine/EngineMaterials/Substrate/Glints2/dict_0007_0230" 11133
"/Engine/EngineMaterials/Substrate/Glints2/dict_0007_0229" 11134
"/Engine/EngineMaterials/Substrate/Glints2/dict_0007_0227" 11135
"/Engine/EngineMaterials/Substrate/Glints2/dict_0007_0226" 11136
"/Engine/EngineMaterials/Substrate/Glints2/dict_0007_0225" 11137
"/Engine/EngineMaterials/Substrate/Glints2/dict_0007_0117" 11138
"../../../Engine/Content/EngineMaterials/Substrate/Glints2/dict_0007_0228.uasset" 11139
"../../../Engine/Content/EngineMaterials/Substrate/Glints2/dict_0007_0110.uasset" 11140
"/Engine/EngineMaterials/Substrate/Glints2/dict_0007_0228" 11141
"../../../Engine/Content/EngineMaterials/Substrate/Glints2/dict_0007_0232.uasset" 11142
"../../../Engine/Content/EngineMaterials/Substrate/Glints2/dict_0007_0154.uasset" 11143
"../../../Engine/Content/EngineMaterials/Substrate/Glints2/dict_0007_0237.uasset" 11144
"../../../Engine/Content/EngineMaterials/Substrate/Glints2/dict_0007_0242.uasset" 11145
"../../../Engine/Content/EngineMaterials/Substrate/Glints2/dict_0007_0239.uasset" 11146
"/Engine/EngineMaterials/Substrate/Glints2/dict_0007_0110" 11147
"../../../Engine/Content/EngineMaterials/Substrate/Glints2/dict_0007_0236.uasset" 11148
"/Engine/EngineMaterials/Substrate/Glints2/dict_0007_0236" 11149
"../../../Engine/Content/EngineMaterials/Substrate/Glints2/dict_0007_0234.uasset" 11150
"../../../Engine/Content/EngineMaterials/Substrate/Glints2/dict_0007_0238.uasset" 11151
"../../../Engine/Content/EngineMaterials/Substrate/Glints2/dict_0007_0233.uasset" 11152
"/Engine/EngineMaterials/Substrate/Glints2/dict_0007_0232" 11153
"/Engine/EngineMaterials/Substrate/Glints2/dict_0007_0242" 11154
"/Engine/EngineMaterials/Substrate/Glints2/dict_0007_0154" 11155
"/Engine/EngineMaterials/Substrate/Glints2/dict_0007_0237" 11156
"/Engine/EngineMaterials/Substrate/Glints2/dict_0007_0239" 11157
"/Engine/EngineMaterials/Substrate/Glints2/dict_0007_0238" 11158
"/Engine/EngineMaterials/Substrate/Glints2/dict_0007_0234" 11159
"/Engine/EngineMaterials/Substrate/Glints2/dict_0007_0233" 11160
"../../../Engine/Content/EngineMaterials/Substrate/Glints2/dict_0007_0244.uasset" 11161
"../../../Engine/Content/EngineMaterials/Substrate/Glints2/dict_0007_0247.uasset" 11162
"../../../Engine/Content/EngineMaterials/Substrate/Glints2/dict_0007_0235.uasset" 11163
"../../../Engine/Content/EngineMaterials/Substrate/Glints2/dict_0007_0246.uasset" 11164
"../../../Engine/Content/EngineMaterials/Substrate/Glints2/dict_0007_0245.uasset" 11165
"/Engine/EngineMaterials/Substrate/Glints2/dict_0007_0247" 11166
"/Engine/EngineMaterials/Substrate/Glints2/dict_0007_0246" 11167
"/Engine/EngineMaterials/Substrate/Glints2/dict_0007_0245" 11168
"/Engine/EngineMaterials/Substrate/Glints2/dict_0007_0244" 11169
"/Engine/EngineMaterials/Substrate/Glints2/dict_0007_0235" 11170
"../../../Engine/Content/EngineMaterials/Substrate/Glints2/dict_0007_0241.uasset" 11171
"/Engine/EngineMaterials/Substrate/Glints2/dict_0007_0241" 11172
"../../../Engine/Content/EngineMaterials/Substrate/Glints2/dict_0007_0155.uasset" 11173
"/Engine/EngineMaterials/Substrate/Glints2/dict_0007_0155" 11174
"../../../Engine/Content/EngineMaterials/Substrate/Glints2/dict_0007_0187.uasset" 11175
"../../../Engine/Content/EngineMaterials/Substrate/Glints2/dict_0007_0252.uasset" 11176
"../../../Engine/Content/EngineMaterials/Substrate/Glints2/dict_0007_0251.uasset" 11177
"../../../Engine/Content/EngineMaterials/Substrate/Glints2/dict_0007_0248.uasset" 11178
"../../../Engine/Content/EngineMaterials/Substrate/Glints2/dict_0007_0254.uasset" 11179
"../../../Engine/Content/EngineMaterials/Substrate/Glints2/dict_0007_0243.uasset" 11180
"../../../Engine/Content/EngineMaterials/Substrate/Volume/SubstrateSimpleVolumeEnvLUT2D.uasset" 11181
"../../../Engine/Content/EngineMaterials/Substrate/Glints2/dict_0007_0255.uasset" 11182
"/Engine/EngineMaterials/Substrate/Glints2/dict_0007_0255" 11183
"/Engine/EngineMaterials/Substrate/Glints2/dict_0007_0254" 11184
"/Engine/EngineMaterials/Substrate/Glints2/dict_0007_0248" 11185
"/Engine/EngineMaterials/Substrate/Glints2/dict_0007_0252" 11186
"/Engine/EngineMaterials/Substrate/Glints2/dict_0007_0251" 11187
"/Engine/EngineMaterials/Substrate/Glints2/dict_0007_0187" 11188
"/Engine/EngineMaterials/Substrate/Glints2/dict_0007_0243" 11189
"/Engine/EngineMaterials/Substrate/Volume/SubstrateSimpleVolumeEnvLUT2D" 11190
"../../../Engine/Content/EngineMaterials/Substrate/Glints2/dict_0007_0253.uasset" 11191
"/Engine/EngineMaterials/Substrate/Glints2/dict_0007_0253" 11192
"../../../Engine/Content/EngineMaterials/Substrate/Glints2/AGlintTex2dArray2.uasset" 11193
"../../../Engine/Content/EngineMaterials/Substrate/Glints2/dict_0007_0240.uasset" 11194
"/Engine/EngineMaterials/Substrate/Glints2/dict_0007_0240" 11195
"../../../Engine/Content/Functions/Engine_MaterialFunctions03/Procedurals/HeightToNormalSmooth.uasset" 11196
"../../../Engine/Content/EngineMaterials/Substrate/Volume/SubstrateSimpleVolumeEnvLUT3D.uasset" 11197
"../../../Engine/Content/EngineMaterials/Substrate/Glints2/dict_0007_0250.uasset" 11198
"/Engine/EngineMaterials/Substrate/Glints2/dict_0007_0250" 11199
"/Engine/EngineMaterials/Substrate/Volume/SubstrateSimpleVolumeEnvLUT3D" 11200
"../../../Engine/Content/EngineMaterials/Substrate/Glints2/dict_0007_0249.uasset" 11201
"/Engine/EngineMaterials/Substrate/Glints2/dict_0007_0249" 11202
"../../../Engine/Content/EngineMaterials/Substrate/Glints2/dict_0007_0186.uasset" 11203
"/Engine/EngineMaterials/Substrate/Glints2/dict_0007_0186" 11204
"../../../Engine/Content/EngineMaterials/Substrate/Volume/SubstrateSimpleVolumeLUT2D.uasset" 11205
"../../../Engine/Content/Functions/MaterialLayerFunctions/MatLayerBlend_OverrideOpacity.uasset" 11206
"../../../Engine/Content/EngineMaterials/Substrate/Volume/SubstrateSimpleVolumeLUT3D.uasset" 11207
"../../../Engine/Content/EngineMaterials/Substrate/Glints2/dict_0007_0137.uasset" 11208
"../../../Engine/Content/EngineMaterials/DefaultCalibrationGrayscale.uasset" 11209
"/Engine/EngineMaterials/Substrate/Glints2/AGlintTex2dArray2" 11210
"../../../Engine/Content/EngineMaterials/PPM_DefaultCalibrationGrayscale.uasset" 11211
"../../../Engine/Plugins/Interchange/Assets/Content/Functions/MX_Displacement.uasset" 11212
"../../../Engine/Content/EngineMaterials/PPM_DefaultCalibrationColor.uasset" 11213
"../../../Engine/Content/EngineMaterials/DefaultCalibrationColor.uasset" 11214
"/Engine/EngineMaterials/Substrate/Volume/SubstrateSimpleVolumeLUT3D" 11215
"/Engine/Functions/MaterialLayerFunctions/MatLayerBlend_OverrideOpacity" 11216
"/InterchangeAssets/Functions/MX_Displacement" 11217
"/Engine/EngineMaterials/PPM_DefaultCalibrationGrayscale" 11218
"/Engine/EngineMaterials/PPM_DefaultCalibrationColor" 11219
"../../../Engine/Plugins/Interchange/Assets/Content/Functions/MX_Surface.uasset" 11220
"/InterchangeAssets/Functions/MX_Surface" 11221
"../../../Engine/Plugins/MovieScene/MovieRenderPipeline/Content/Materials/MovieRenderQueue_MotionVectors.uasset" 11222
"/MovieRenderPipeline/Materials/MovieRenderQueue_MotionVectors" 11223
"../../../Engine/Plugins/MovieScene/MovieRenderPipeline/Content/Materials/MoviePipeline_StencilCutout.uasset" 11224
"/MovieRenderPipeline/Materials/MoviePipeline_StencilCutout" 11225
"../../../Engine/Plugins/NNE/NNEDenoiser/Content/NNEDIM_ColorAlbedoNormal_Alpha.uasset" 11226
"../../../Engine/Plugins/NNE/NNEDenoiser/Content/NNEDTIM_ColorAlbedoNormal_Alpha.uasset" 11227
"/NNEDenoiser/NNEDTIM_ColorAlbedoNormal_Alpha" 11228
"../../../Engine/Plugins/NNE/NNEDenoiser/Content/NNED_Oidn2-3_Balanced.uasset" 11229
"../../../Engine/Plugins/NNE/NNEDenoiser/Content/NNED_Oidn2-3_Fast_Alpha.uasset" 11230
"../../../Engine/Plugins/NNE/NNEDenoiser/Content/NNED_Oidn2-3_Balanced_Alpha.uasset" 11231
"../../../Engine/Plugins/NNE/NNEDenoiser/Content/NNED_Oidn2-3_Fast.uasset" 11232
"../../../Engine/Plugins/NNE/NNEDenoiser/Content/NNEDT_Oidn2-3_Balanced.uasset" 11233
"../../../Engine/Plugins/NNE/NNEDenoiser/Content/NNEDTOM_Output_Default.uasset" 11234
"../../../Engine/Plugins/NNE/NNEDenoiser/Content/NNEDTIM_ColorAlbedoNormal_Default.uasset" 11235
"../../../Engine/Plugins/NNE/NNEDenoiser/Content/NNEDIM_HighQuality_Alpha.uasset" 11236
"../../../Engine/Plugins/FX/Niagara/Content/ParameterDefinitions/SpriteRenderer.uasset" 11237
"../../../Engine/Plugins/FX/Niagara/Content/ParameterDefinitions/RibbonRenderer.uasset" 11238
"../../../Engine/Plugins/NNE/NNEDenoiser/Content/NNEDOM_Output_Alpha.uasset" 11239
"../../../Engine/Plugins/FX/Niagara/Content/ParameterDefinitions/MeshRenderer.uasset" 11240
"../../../Engine/Plugins/NNE/NNEDenoiser/Content/NNEDTOM_Output_Alpha.uasset" 11241
"../../../Engine/Plugins/NNE/NNEDenoiser/Content/NNEDOM_Output_Default.uasset" 11242
"../../../Engine/Plugins/FX/Niagara/Content/ParameterDefinitions/DecalRenderer.uasset" 11243
"../../../Engine/Plugins/FX/Niagara/Content/ParameterDefinitions/LightRenderer.uasset" 11244
"../../../Engine/Plugins/NNE/NNEDenoiser/Content/NNEDIM_ColorAlbedoNormal_Default.uasset" 11245
"../../../Engine/Plugins/NNE/NNEDenoiser/Content/NNEDIM_HighQuality_Default.uasset" 11246
"../../../Engine/Plugins/NNE/NNEDenoiser/Content/NNEDT_Oidn2-3_Balanced_Alpha.uasset" 11247
"../../../Engine/Plugins/NNE/NNEDenoiser/Content/NNED_Oidn2-3_HighQuality.uasset" 11248
"../../../Engine/Content/MobileResources/HUD/VirtualJoystick_Thumb.uasset" 11249
"../../../Engine/Content/MobileResources/HUD/DefaultVirtualJoysticks.uasset" 11250
"../../../Engine/Plugins/NNE/NNEDenoiser/Content/NNE_oidn2-3-0_rt_hdr_alb_nrm_small__dyn__fp16_opset11_DenoiseAlpha.uasset" 11251
"../../../Engine/Plugins/NNE/NNEDenoiser/Content/NNE_oidn2-3-0_rt_hdr_alb_nrm__dyn__fp16_opset11_ForwardAlpha.uasset" 11252
"../../../Engine/Plugins/NNE/NNEDenoiser/Content/NNE_oidn2-3-0_rt_hdr_alb_nrm_small__dyn__fp16_opset11_ForwardAlpha.uasset" 11253
"../../../Engine/Plugins/NNE/NNEDenoiser/Content/NNE_oidn2-3-0_rt_hdr_alb_nrm__dyn__fp16_opset11_DenoiseAlpha.uasset" 11254
"../../../Engine/Plugins/NNE/NNEDenoiser/Content/NNED_Oidn2-3_HighQuality_Alpha.uasset" 11255
"../../../Engine/Plugins/NNE/NNEDenoiser/Content/NNE_oidn2-3-0_rt_hdr_calb_cnrm_large__dyn__fp16_opset11_ForwardAlpha.uasset" 11256
"../../../Engine/Plugins/NNE/NNEDenoiser/Content/NNE_oidn2-3-0_rt_hdr_calb_cnrm_large__dyn__fp16_opset11_DenoiseAlpha.uasset" 11257
"../../../Engine/Content/MobileResources/HUD/VirtualJoystick_Background.uasset" 11258
"../../Plugins/MovieScene/MovieRenderPipeline/Content/Blueprints/Graph/T_MovieGraph_TransparencyBG.uasset" 11259
"/NNEDenoiser/NNEDTOM_Output_Alpha" 11260
"/NNEDenoiser/NNEDTIM_ColorAlbedoNormal_Default" 11261
"/NNEDenoiser/NNE_oidn2-3-0_rt_hdr_alb_nrm_small__dyn__fp16_opset11_ForwardAlpha" 11262
"/NNEDenoiser/NNED_Oidn2-3_Balanced_Alpha" 11263
"/NNEDenoiser/NNEDTOM_Output_Default" 11264
"/NNEDenoiser/NNE_oidn2-3-0_rt_hdr_alb_nrm_small__dyn__fp16_opset11_DenoiseAlpha" 11265
"/Engine/MobileResources/HUD/DefaultVirtualJoysticks" 11266
"/NNEDenoiser/NNEDOM_Output_Default" 11267
"/NNEDenoiser/NNEDOM_Output_Alpha" 11268
"/NNEDenoiser/NNED_Oidn2-3_Balanced" 11269
"/NNEDenoiser/NNEDIM_HighQuality_Default" 11270
"D:/UNDERWATER_TEST01-5.2-5.6/DerivedDataCache/VT/TEXTURE_7C16439390E24F1F9468894FB4D4BC55_VTCHUNK44B429B40BB45A070EB17C1259C28734996A2F49" 11271
"D:/UNDERWATER_TEST01-5.2-5.6/DerivedDataCache/VT/TEXTURE_7C16439390E24F1F9468894FB4D4BC55_VTCHUNK967C747FFC357A828288FA05D93CD5DCECDA891B" 11272
"D:/UNDERWATER_TEST01-5.2-5.6/DerivedDataCache/VT/TEXTURE_7C16439390E24F1F9468894FB4D4BC55_VTCHUNK2A5F9F60441DA258D18B46D59C64D5BAD50E8EE3" 11273
"D:/UNDERWATER_TEST01-5.2-5.6/DerivedDataCache/VT/TEXTURE_7C16439390E24F1F9468894FB4D4BC55_VTCHUNKC0393DE8C5B4673D99D1BECB92AA8C1F72FEB491" 11274
"D:/UNDERWATER_TEST01-5.2-5.6/DerivedDataCache/VT/TEXTURE_7C16439390E24F1F9468894FB4D4BC55_VTCHUNK02D4C3BCAD7DFA48AB32B8281FB06B8B83DB6275" 11275
"D:/UNDERWATER_TEST01-5.2-5.6/Intermediate/ORTOptimizerPass_OptimizedC3CDF579452D20DF89AF07A102A65B41.onnx" 11276
"D:/UNDERWATER_TEST01-5.2-5.6/Intermediate/ORTOptimizerPass_Optimized6E542B0C4729C19B0E9025A05941192E.onnx" 11277
"D:/UNDERWATER_TEST01-5.2-5.6/Intermediate/ORTOptimizerPass_Optimized5E4D2F9241197368A40627AC70E0EEEA.onnx" 11278
"D:/UNDERWATER_TEST01-5.2-5.6/Intermediate/ORTOptimizerPass_Optimized9DEF47E041C0F84C9355419D97A8A3C9.onnx" 11279
"/NNEDenoiser/NNED_Oidn2-3_HighQuality_Alpha" 11280
"/NNEDenoiser/NNED_Oidn2-3_Fast" 11281
"/NNEDenoiser/NNEDIM_HighQuality_Alpha" 11282
"/NNEDenoiser/NNED_Oidn2-3_HighQuality" 11283
"/NNEDenoiser/NNEDT_Oidn2-3_Balanced" 11284
"/NNEDenoiser/NNE_oidn2-3-0_rt_hdr_calb_cnrm_large__dyn__fp16_opset11_ForwardAlpha" 11285
"/NNEDenoiser/NNED_Oidn2-3_Fast_Alpha" 11286
"/NNEDenoiser/NNEDIM_ColorAlbedoNormal_Alpha" 11287
"/NNEDenoiser/NNE_oidn2-3-0_rt_hdr_calb_cnrm_large__dyn__fp16_opset11_DenoiseAlpha" 11288
"/NNEDenoiser/NNEDT_Oidn2-3_Balanced_Alpha" 11289
"/NNEDenoiser/NNEDIM_ColorAlbedoNormal_Default" 11290
"/NNEDenoiser/NNE_oidn2-3-0_rt_hdr_alb_nrm__dyn__fp16_opset11_ForwardAlpha" 11291
"/NNEDenoiser/NNE_oidn2-3-0_rt_hdr_alb_nrm__dyn__fp16_opset11_DenoiseAlpha" 11292
"../../../Engine/Content/EditorResources/BSPVertex.uasset" 11293
"../../../Engine/Plugins/FX/Niagara/Content/ParameterDefinitions/CoreParameters.uasset" 11294
"../../../Engine/Content/EngineMaterials/DefaultBloomKernel.uasset" 11295
"../../../Engine/Content/EngineMaterials/FastBlueNoise_scalar_128x128x64.uasset" 11296
"../../../Engine/Content/EngineSounds/Master.uasset" 11297
"../../../Engine/Content/EngineDebugMaterials/DebugEditorMaterial.uasset" 11298
"../../../Engine/Content/EngineMaterials/FastBlueNoise_vec2_128x128x64.uasset" 11299
"../../../Engine/Content/EngineResources/FilmGrains/Marcie_Grain_v3_128_M2_000.uasset" 11300
"../../../Engine/Content/EngineMaterials/EnergyConservation/Sheen_Energy.uasset" 11301
"../../../Engine/Content/EngineMaterials/LTC/Sheen_LTC.uasset" 11302
"../../../Engine/Content/EngineMaterials/EnergyConservation/Diffuse_Energy.uasset" 11303
"../../../Engine/Plugins/Interchange/Assets/Content/Functions/MX_UsdPreviewSurface.uasset" 11304
"../../../Engine/Content/EngineMaterials/FastBlueNoise_scalar_128x128x8.uasset" 11305
"../../../Engine/Plugins/Interchange/Assets/Content/Functions/MX_OrenNayarBSDF.uasset" 11306
"../../../Engine/Plugins/Interchange/Assets/Content/Functions/MX_SurfaceUnlit.uasset" 11307
"../../../Engine/Plugins/Interchange/Assets/Content/Functions/MX_DielectricBSDF.uasset" 11308
"../../../Engine/Plugins/Interchange/Assets/Content/Functions/MX_TranslucentBSDF.uasset" 11309
"../../../Engine/Plugins/Interchange/Runtime/Content/Pipelines/DefaultGLTFPipeline.uasset" 11310
"../../../Engine/Plugins/Interchange/Runtime/Content/Pipelines/DefaultMaterialXPipeline.uasset" 11311
"../../../Engine/Plugins/Interchange/Runtime/Content/Pipelines/DefaultMaterialPipeline.uasset" 11312
"../../../Engine/Plugins/Interchange/Runtime/Content/Pipelines/DefaultSceneLevelPipeline.uasset" 11313
"../../../Engine/Plugins/Interchange/Runtime/Content/Pipelines/DefaultSceneAssetsPipeline.uasset" 11314
"../../../Engine/Plugins/Interchange/Runtime/Content/Pipelines/DefaultGLTFAssetsPipeline.uasset" 11315
"../../../Engine/Plugins/Interchange/Runtime/Content/Pipelines/DefaultAssetsPipeline.uasset" 11316
"../../../Engine/Plugins/Interchange/Assets/Content/Functions/MX_GeneralizedSchlickBSDF.uasset" 11317
"../../../Engine/Plugins/Interchange/Runtime/Content/Pipelines/DefaultGLTFSceneAssetsPipeline.uasset" 11318
"../../../Engine/Plugins/Interchange/Assets/Content/Functions/MX_SubsurfaceBSDF.uasset" 11319
"../../../Engine/Plugins/Interchange/Runtime/Content/Pipelines/DefaultTexturePipeline.uasset" 11320
"../../../Engine/Plugins/Interchange/Assets/Content/Functions/MX_BurleyDiffuseBSDF.uasset" 11321
"../../../Engine/Plugins/Interchange/Assets/Content/Functions/MX_ConductorBSDF.uasset" 11322
"../../../Engine/Content/EngineResources/Development/ZenLogo_64.uasset" 11323
"D:/UNDERWATER_TEST01-5.2-5.6/Intermediate/ORTOptimizerPass_OptimizedD13491984C31B93F70B5B6AD324F694B.onnx" 11324
"D:/UNDERWATER_TEST01-5.2-5.6/Intermediate/ORTOptimizerPass_Optimized782634C44AA99198EBB59A99B7748BFA.onnx" 11325
"D:/UNDERWATER_TEST01-5.2-5.6/Intermediate/ORTOptimizerPass_Optimized953555D14F0224F9CE2B8E94F65E79FA.onnx" 11326
"D:/UNDERWATER_TEST01-5.2-5.6/Intermediate/ORTOptimizerPass_Optimized0FD876144C4CA1C7C779F39BF1083F17.onnx" 11327
"D:/UNDERWATER_TEST01-5.2-5.6/Intermediate/ORTOptimizerPass_Optimized6B10AAB6463DD34D8BF0B8967E14E4DD.onnx" 11328
"D:/UNDERWATER_TEST01-5.2-5.6/Intermediate/ORTOptimizerPass_Optimized6A105B2F463DCD93B93D888D178ECF18.onnx" 11329
"D:/UNDERWATER_TEST01-5.2-5.6/Intermediate/ORTOptimizerPass_Optimized550183FD4479C8A4B7586E9BA9575E32.onnx" 11330
"D:/UNDERWATER_TEST01-5.2-5.6/Intermediate/ORTOptimizerPass_OptimizedDA55EDCA411DADC145B3E381E2957230.onnx" 11331
"/InterchangeAssets/Functions/MX_SubsurfaceBSDF" 11332
"/InterchangeAssets/Functions/MX_GeneralizedSchlickBSDF" 11333
"/InterchangeAssets/Functions/MX_ConductorBSDF" 11334
"/InterchangeAssets/Functions/MX_DielectricBSDF" 11335
"/InterchangeAssets/Functions/MX_TranslucentBSDF" 11336
"/InterchangeAssets/Functions/MX_BurleyDiffuseBSDF" 11337
"/InterchangeAssets/Functions/MX_OrenNayarBSDF" 11338
"/InterchangeAssets/Functions/MX_UsdPreviewSurface" 11339
"/InterchangeAssets/Functions/MX_SurfaceUnlit" 11340
"/Interchange/Pipelines/DefaultGLTFSceneAssetsPipeline" 11341
"/Interchange/Pipelines/DefaultSceneLevelPipeline" 11342
"/Interchange/Pipelines/DefaultSceneAssetsPipeline" 11343
"/Interchange/Pipelines/DefaultTexturePipeline" 11344
"/Interchange/Pipelines/DefaultMaterialPipeline" 11345
"/Interchange/Pipelines/DefaultGLTFPipeline" 11346
"/Interchange/Pipelines/DefaultGLTFAssetsPipeline" 11347
"../../../Engine/Plugins/Interchange/Assets/Content/Functions/MX_SheenBSDF.uasset" 11348
"/Interchange/Pipelines/DefaultMaterialXPipeline" 11349
"/Interchange/Pipelines/DefaultAssetsPipeline" 11350
"/Engine/EngineSounds/Master" 11351
"/Engine/EngineMaterials/EnergyConservation/Diffuse_Energy" 11352
"/Engine/EngineMaterials/EnergyConservation/Sheen_Energy" 11353
"/Engine/EngineMaterials/LTC/Sheen_LTC" 11354
"/Engine/EngineMaterials/FastBlueNoise_vec2_128x128x64" 11355
"/Engine/EngineMaterials/FastBlueNoise_scalar_128x128x8" 11356
"/Engine/EngineMaterials/FastBlueNoise_scalar_128x128x64" 11357
"/Engine/EngineDebugMaterials/DebugEditorMaterial" 11358
"/Engine/EngineResources/Development/ZenLogo_64" 11359
"/Engine/EngineResources/FilmGrains/Marcie_Grain_v3_128_M2_000" 11360
"/Engine/EngineMaterials/DefaultBloomKernel" 11361
"/Engine/EditorResources/BSPVertex" 11362
"/InterchangeAssets/Functions/MX_SheenBSDF" 11363
"../../../Engine/Plugins/Interchange/Assets/Content/Functions/MX_ThinFilmBSDF.uasset" 11364
"../../../Engine/Plugins/Interchange/Assets/Content/Functions/MX_UniformEDF.uasset" 11365
"/InterchangeAssets/Functions/MX_UniformEDF" 11366
"/InterchangeAssets/Functions/MX_ThinFilmBSDF" 11367
"../../../Engine/Plugins/Interchange/Assets/Content/Functions/MX_ConicalEDF.uasset" 11368
"/InterchangeAssets/Functions/MX_ConicalEDF" 11369
"../../../Engine/Plugins/Animation/ControlRig/Content/Controls/ControlRigGizmoMaterial.uasset" 11370
"/ControlRig/Controls/ControlRigGizmoMaterial" 11371
"../../../Engine/Plugins/Interchange/Assets/Content/Functions/MX_AnisotropicVDF.uasset" 11372
"../../../Engine/Plugins/Interchange/Assets/Content/Functions/MX_MeasuredEDF.uasset" 11373
"/InterchangeAssets/Functions/MX_AnisotropicVDF" 11374
"/InterchangeAssets/Functions/MX_MeasuredEDF" 11375
"../../../Engine/Plugins/Interchange/Assets/Content/Functions/MX_AbsorptionVDF.uasset" 11376
"/InterchangeAssets/Functions/MX_AbsorptionVDF" 11377
"/Engine/EditorResources/EmptyActor" 11378
"../../../Engine/Content/EditorResources/EmptyActor.uasset" 11379
"/Water/Icons/WaterBodyOceanSprite" 11380
"../../Plugins/Experimental/Water/Content/Icons/WaterBodyOceanSprite.uasset" 11381
"D:/UNDERWATER_TEST01-5.2-5.6/Saved/Cooked/Windows/UNDERWATER_TEST01/Metadata/CookedSettings.txt" 11382
